Main CAT,Sub CAT,Class,Sub Class,Company,Brand,SKU Description,Year,Total Sellout
Baby Food & Beverages,Baby Foods,Baby Cereal & Porridge,Baby Meals, شركة تان الخليجية التجارية,Hero,HERO BABY 3FRUITS 125G,2025,5756.032999999994
Baby Food & Beverages,Baby Foods,Baby Cereal & Porridge,Baby Meals, شركة تان الخليجية التجارية,Hero,HERO BABY 3FRUITS 125G,2026,6265.773662999998
Baby Food & Beverages,Baby Foods,Baby Cereal & Porridge,Baby Meals, شركة تان الخليجية التجارية,Hero,HERO BABY APPLE COMPOTE 125G,2025,3312.034999999997
Baby Food & Beverages,Baby Foods,Baby Cereal & Porridge,Baby Meals, شركة تان الخليجية التجارية,Hero,HERO BABY APPLE COMPOTE 125G,2026,5665.556279999996
Baby Food & Beverages,Baby Foods,Baby Cereal & Porridge,Baby Meals, شركة تان الخليجية التجارية,Hero,HERO BABY BANANA 125G,2025,3579.4169999999976
Baby Food & Beverages,Baby Foods,Baby Cereal & Porridge,Baby Meals, شركة تان الخليجية التجارية,Hero,HERO BABY BANANA 125G,2026,5276.651941999997
Baby Food & Beverages,Baby Foods,Baby Cereal & Porridge,Baby Meals, شركة تان الخليجية التجارية,Hero,HERO BABY MIXED FRUITS 125G,2025,295.1199999999999
Baby Food & Beverages,Baby Foods,Baby Cereal & Porridge,Baby Meals, شركة تان الخليجية التجارية,Hero,HERO BABY MIXED FRUITS 125G.,2025,851.5640000000001
Baby Food & Beverages,Baby Foods,Baby Cereal & Porridge,Baby Meals, شركة تان الخليجية التجارية,Hero,HERO BABY MIXED FRUITS 125G.,2026,496.93909600000006
Baby Food & Beverages,Baby Foods,Baby Cereal & Porridge,Baby Meals, شركة تان الخليجية التجارية,Hero,HERO BABY MIXED VEGETABLE.125G,2025,5345.931999999996
Baby Food & Beverages,Baby Foods,Baby Cereal & Porridge,Baby Meals, شركة تان الخليجية التجارية,Hero,HERO BABY MIXED VEGETABLE.125G,2026,2104.156414
Baby Food & Beverages,Baby Foods,Baby Cereal & Porridge,Baby Meals, شركة تان الخليجية التجارية,Hero,HERO BABY PEACH BANANA 125G,2025,323.69000000000005
Baby Food & Beverages,Baby Foods,Baby Cereal & Porridge,Baby Meals, شركة تان الخليجية التجارية,Hero,HERO BABY PEACH BANANA 125G.,2025,1247.0400000000004
Baby Food & Beverages,Baby Foods,Baby Cereal & Porridge,Baby Meals, شركة تان الخليجية التجارية,Hero,HERO BABY PEACH BANANA 125G.,2026,1302.2520960000002
Baby Food & Beverages,Baby Foods,Baby Cereal & Porridge,Baby Cereals, شركة خدمات اطلس  الدولية,Blevit,BLEVIT PLUS BABY FRUITS 350G,2025,43466.19999999999
Baby Food & Beverages,Baby Foods,Baby Cereal & Porridge,Baby Cereals, شركة خدمات اطلس  الدولية,Blevit,BLEVIT PLUS BABY FRUITS 350G,2026,32782.45987100002
Baby Food & Beverages,Baby Foods,Baby Cereal & Porridge,Baby Cereals, شركة خدمات اطلس  الدولية,Blevit,BLEVIT PLUS BABY RICE 350G,2025,15191.833999999995
Baby Food & Beverages,Baby Foods,Baby Cereal & Porridge,Baby Cereals, شركة خدمات اطلس  الدولية,Blevit,BLEVIT PLUS BABY RICE 350G,2026,21338.129813000014
Baby Food & Beverages,Baby Foods,Baby Cereal & Porridge,Baby Cereals, شركة خدمات اطلس  الدولية,Blevit,BLEVIT PLUS CORROTS&RICR 250G,2025,20362.683
Baby Food & Beverages,Baby Foods,Baby Cereal & Porridge,Baby Cereals, شركة خدمات اطلس  الدولية,Blevit,BLEVIT PLUS CORROTS&RICR 250G,2026,20581.182009000007
Baby Food & Beverages,Baby Foods,Baby Cereal & Porridge,Baby Cereals, شركة خدمات اطلس  الدولية,Blevit,BLEVIT PLUS WHOLE MULTGRA 250G,2025,24834.142000000007
Baby Food & Beverages,Baby Foods,Baby Cereal & Porridge,Baby Cereals, شركة خدمات اطلس  الدولية,Blevit,BLEVIT PLUS WHOLE MULTGRA 250G,2026,15866.616941999999
Baby Food & Beverages,Baby Foods,Baby Cereal & Porridge,Baby Cereals, شركة نستله العربية السعودية,Cerelac,CERELAC 6 APPLE 90G,2025,47506.539000000055
Baby Food & Beverages,Baby Foods,Baby Cereal & Porridge,Baby Cereals, شركة نستله العربية السعودية,Cerelac,CERELAC 6 APPLE 90G,2026,21596.790717999967
Baby Food & Beverages,Baby Foods,Baby Cereal & Porridge,Baby Cereals, شركة نستله العربية السعودية,Cerelac,CERELAC 6 BRO PAR APL&PEAR 90G,2025,38307.055000000015
Baby Food & Beverages,Baby Foods,Baby Cereal & Porridge,Baby Cereals, شركة نستله العربية السعودية,Cerelac,CERELAC 6 BRO PAR APL&PEAR 90G,2026,22268.434162999965
Baby Food & Beverages,Baby Foods,Baby Cereal & Porridge,Baby Cereals, شركة نستله العربية السعودية,Cerelac,CERELAC 6 FRUIT 90G,2025,49312.49100000007
Baby Food & Beverages,Baby Foods,Baby Cereal & Porridge,Baby Cereals, شركة نستله العربية السعودية,Cerelac,CERELAC 6 FRUIT 90G,2026,33609.294719
Baby Food & Beverages,Baby Foods,Baby Cereal & Porridge,Baby Cereals, شركة نستله العربية السعودية,Cerelac,CERELAC 6 RASP PER BNN&OAT 90G,2025,38184.68600000006
Baby Food & Beverages,Baby Foods,Baby Cereal & Porridge,Baby Cereals, شركة نستله العربية السعودية,Cerelac,CERELAC 6 RASP PER BNN&OAT 90G,2026,14815.62561999998
Baby Food & Beverages,Baby Foods,Baby Cereal & Porridge,Baby Cereals, شركة نستله العربية السعودية,Cerelac,CERELAC BANAN&APPLE P.ORNG 90G,2025,20044.361999999986
Baby Food & Beverages,Baby Foods,Baby Cereal & Porridge,Baby Cereals, شركة نستله العربية السعودية,Cerelac,CERELAC BANAN&APPLE P.ORNG 90G,2026,22178.877657999958
Baby Food & Beverages,Baby Foods,Baby Cereal & Porridge,Baby Cereals, شركة نستله العربية السعودية,Cerelac,CERELAC BANANA&APPLE 90G,2025,41590.58900000005
Baby Food & Beverages,Baby Foods,Baby Cereal & Porridge,Baby Cereals, شركة نستله العربية السعودية,Cerelac,CERELAC BANANA&APPLE 90G,2026,28398.155770999965
Baby Food & Beverages,Baby Foods,Baby Cereal & Porridge,Baby Cereals, شركة نستله العربية السعودية,Cerelac,CERELAC BANANA&ORANGE&BSCT 90G,2025,67412.89000000004
Baby Food & Beverages,Baby Foods,Baby Cereal & Porridge,Baby Cereals, شركة نستله العربية السعودية,Cerelac,CERELAC BANANA&ORANGE&BSCT 90G,2026,33837.146888999945
Baby Food & Beverages,Baby Foods,Baby Cereal & Porridge,Baby Cereals, شركة نستله العربية السعودية,Cerelac,CERELAC RICE 400G,2025,168637.68000000028
Baby Food & Beverages,Baby Foods,Baby Cereal & Porridge,Baby Cereals, شركة نستله العربية السعودية,Cerelac,CERELAC RICE 400G,2026,153665.91912200005
Baby Food & Beverages,Baby Foods,Baby Cereal & Porridge,Baby Cereals, شركة نستله العربية السعودية,Cerelac,CERELAC WHEAT FRUITS 400G,2025,194418.96999999997
Baby Food & Beverages,Baby Foods,Baby Cereal & Porridge,Baby Cereals, شركة نستله العربية السعودية,Cerelac,CERELAC WHEAT FRUITS 400G,2026,160567.58864900042
Baby Food & Beverages,Baby Foods,Baby Cereal & Porridge,Baby Cereals, شركة نستله العربية السعودية,Cerelac,CERELAC WHEAT HONEY 1K,2025,202382.69099999926
Baby Food & Beverages,Baby Foods,Baby Cereal & Porridge,Baby Cereals, شركة نستله العربية السعودية,Cerelac,CERELAC WHEAT HONEY 1K,2026,192268.4830359999
Baby Food & Beverages,Baby Foods,Baby Cereal & Porridge,Baby Cereals, شركة نستله العربية السعودية,Cerelac,CERELAC WHEAT HONEY 400G,2025,255999.52000000002
Baby Food & Beverages,Baby Foods,Baby Cereal & Porridge,Baby Cereals, شركة نستله العربية السعودية,Cerelac,CERELAC WHEAT HONEY 400G,2026,178768.12039000067
Baby Food & Beverages,Baby Foods,Baby Cereal & Porridge,Baby Cereals, شركة نستله العربية السعودية,Cerelac,CERELAC WHEAT REGULAR 1000G,2025,34569.64000000004
Baby Food & Beverages,Baby Foods,Baby Cereal & Porridge,Baby Cereals, شركة نستله العربية السعودية,Cerelac,CERELAC WHEAT REGULAR 1000G.,2025,300332.8980000002
Baby Food & Beverages,Baby Foods,Baby Cereal & Porridge,Baby Cereals, شركة نستله العربية السعودية,Cerelac,CERELAC WHEAT REGULAR 1000G.,2026,245936.9128939994
Baby Food & Beverages,Baby Foods,Baby Cereal & Porridge,Baby Cereals, شركة نستله العربية السعودية,Cerelac,CERELAC WHEAT REGULAR 400G,2025,475713.28000000067
Baby Food & Beverages,Baby Foods,Baby Cereal & Porridge,Baby Cereals, شركة نستله العربية السعودية,Cerelac,CERELAC WHEAT REGULAR 400G,2026,482656.9201370005
Baby Food & Beverages,Baby Foods,Baby Cereal & Porridge,Baby Cereals, شركة نستله العربية السعودية,Cerelac,CERELAC WHEAT&FRUT 1K,2025,13966.960000000015
Baby Food & Beverages,Baby Foods,Baby Cereal & Porridge,Baby Cereals, شركة نستله العربية السعودية,Cerelac,CERELAC WHEAT&FRUT 1K.,2025,154609.34699999992
Baby Food & Beverages,Baby Foods,Baby Cereal & Porridge,Baby Cereals, شركة نستله العربية السعودية,Cerelac,CERELAC WHEAT&FRUT 1K.,2026,127873.62772599989
Baby Food & Beverages,Baby Foods,Baby Cereal & Porridge,Baby Cereals, شركة نستله العربية السعودية,Cerelac,CERELAC WHEAT&FRUT PIECES 400G,2025,175160.44999999992
Baby Food & Beverages,Baby Foods,Baby Cereal & Porridge,Baby Cereals, شركة نستله العربية السعودية,Cerelac,CERELAC WHEAT&FRUT PIECES 400G,2026,62772.13870899993
Baby Food & Beverages,Baby Foods,Baby Cereal & Porridge,Baby Cereals, شركة نستله العربية السعودية,Cerelac,CERELAC WHEAT-DATES 1K,2025,267802.1319999991
Baby Food & Beverages,Baby Foods,Baby Cereal & Porridge,Baby Cereals, شركة نستله العربية السعودية,Cerelac,CERELAC WHEAT-DATES 1K,2026,189209.32888599997
Baby Food & Beverages,Baby Foods,Baby Cereal & Porridge,Baby Cereals, شركة نستله العربية السعودية,Cerelac,CERELAC WHEAT-DATES 400G,2025,360227.3500000007
Baby Food & Beverages,Baby Foods,Baby Cereal & Porridge,Baby Cereals, شركة نستله العربية السعودية,Cerelac,CERELAC WHEAT-DATES 400G,2026,400253.5782080009
Baby Food & Beverages,Baby Foods,Baby Cereal & Porridge,Baby Cereals, شركة نستله العربية السعودية,Nestle,CERELAC K.APPLE&BANA&STRB 110G,2025,18846.150000000023
Baby Food & Beverages,Baby Foods,Baby Cereal & Porridge,Baby Cereals, شركة نستله العربية السعودية,Nestle,CERELAC K.APPLE&BANA&STRB 110G,2026,22502.608037999988
Baby Food & Beverages,Baby Foods,Baby Food Formula,Stage 3 1 Year Plus Milk,"",Pediasure,PEDIASURE COMPLT.M.VANLA3+900G,2026,10398.339130000002
Baby Food & Beverages,Baby Foods,Baby Food Formula,Stage 3 1 Year Plus Milk,"",Pediasure,PEDIASURE VANILLA 1+ NEW 900G,2026,4426.452144999999
Baby Food & Beverages,Baby Foods,Baby Food Formula,Stage 2 Follow On Milk,"",Similac,SIMILAC ADVANCE #2 2x800G S.O,2026,6293.608668
Baby Food & Beverages,Baby Foods,Baby Food Formula,Stage 1 Infant Milk,"",Similac,SIMILAC GOLD #1 800G,2026,11611.217346000001
Baby Food & Beverages,Baby Foods,Baby Food Formula,Stage 2 Follow On Milk,"",Similac,SIMILAC GOLD #2 400G,2026,38.252173
Baby Food & Beverages,Baby Foods,Baby Food Formula,Stage 2 Follow On Milk,"",Similac,SIMILAC GOLD #2 800G,2026,22978.07820300002
Baby Food & Beverages,Baby Foods,Baby Food Formula,Stage 3 1 Year Plus Milk,"",Similac,SIMILAC GOLD MILK #3 800G,2026,5196.89564
Baby Food & Beverages,Baby Foods,Baby Food Formula,Stage 3 1 Year Plus Milk, شركة المراعي,Almarai,ALMARAI NURALAC STAGE #3 1.7KG,2025,19371.220000000005
Baby Food & Beverages,Baby Foods,Baby Food Formula,Stage 3 1 Year Plus Milk, شركة المراعي,Almarai,ALMARAI NURALAC STAGE #3 1.7KG,2026,18758.295634999995
Baby Food & Beverages,Baby Foods,Baby Food Formula,Stage 1 Infant Milk, شركة المراعي,Almarai,ALMARAI NURALAC STAGE 1  900G,2025,15061.789999999997
Baby Food & Beverages,Baby Foods,Baby Food Formula,Stage 1 Infant Milk, شركة المراعي,Almarai,ALMARAI NURALAC STAGE 1  900G,2026,13473.226023000003
Baby Food & Beverages,Baby Foods,Baby Food Formula,Stage 2 Follow On Milk, شركة المراعي,Almarai,ALMARAI NURALAC STAGE 2  900G,2025,10397.679999999998
Baby Food & Beverages,Baby Foods,Baby Food Formula,Stage 2 Follow On Milk, شركة المراعي,Almarai,ALMARAI NURALAC STAGE 2  900G,2026,7824.130369999998
Baby Food & Beverages,Baby Foods,Baby Food Formula,Stage 3 1 Year Plus Milk, شركة المراعي,Almarai,ALMARAI NURALAC STAGE 3  900G,2025,22689.019999999997
Baby Food & Beverages,Baby Foods,Baby Food Formula,Stage 3 1 Year Plus Milk, شركة المراعي,Almarai,ALMARAI NURALAC STAGE 3  900G,2026,15984.782477000006
Baby Food & Beverages,Baby Foods,Baby Food Formula,Stage 4 Kids Milk, شركة المراعي,Nuralac,NURALAC PLUS SURE GROW 900G,2025,2888.28
Baby Food & Beverages,Baby Foods,Baby Food Formula,Stage 4 Kids Milk, شركة المراعي,Nuralac,NURALAC PLUS SURE GROW 900G,2026,2384.3999940000003
Baby Food & Beverages,Baby Foods,Baby Food Formula,Stage 3 1 Year Plus Milk, شركة المركز السعودي للادوية,Ronagrow,RONAGROW 3 MILK 400G,2025,111051.5299999998
Baby Food & Beverages,Baby Foods,Baby Food Formula,Stage 3 1 Year Plus Milk, شركة المركز السعودي للادوية,Ronagrow,RONAGROW 3 MILK 400G,2026,110249.8514239998
Baby Food & Beverages,Baby Foods,Baby Food Formula,Stage 3 1 Year Plus Milk, شركة المركز السعودي للادوية,Ronagrow,RONAGROW B.3 MILK 2x850G PRC,2025,228475.1799999996
Baby Food & Beverages,Baby Foods,Baby Food Formula,Stage 3 1 Year Plus Milk, شركة المركز السعودي للادوية,Ronagrow,RONAGROW B.3 MILK 2x850G PRC,2026,126464.5828270001
Baby Food & Beverages,Baby Foods,Baby Food Formula,Stage 3 1 Year Plus Milk, شركة المركز السعودي للادوية,Ronagrow,RONAGROW B.MILK #3 1700G+400G,2025,126352.86999999997
Baby Food & Beverages,Baby Foods,Baby Food Formula,Stage 3 1 Year Plus Milk, شركة المركز السعودي للادوية,Ronagrow,RONAGROW B.MILK #3 1700G+400G,2026,150148.26975099993
Baby Food & Beverages,Baby Foods,Baby Food Formula,Stage 3 1 Year Plus Milk, شركة المركز السعودي للادوية,Ronagrow,RONAGROW BABY 3 MILK.VANL 850G,2025,258117.27999999945
Baby Food & Beverages,Baby Foods,Baby Food Formula,Stage 3 1 Year Plus Milk, شركة المركز السعودي للادوية,Ronagrow,RONAGROW BABY 3 MILK.VANL 850G,2026,199149.37343399975
Baby Food & Beverages,Baby Foods,Baby Food Formula,Stage 3 1 Year Plus Milk, شركة المركز السعودي للادوية,Ronagrow,RONAGROW BABY MILK #3 1700G,2025,252657.84999999998
Baby Food & Beverages,Baby Foods,Baby Food Formula,Stage 3 1 Year Plus Milk, شركة المركز السعودي للادوية,Ronagrow,RONAGROW BABY MILK #3 1700G,2026,187429.58240999994
Baby Food & Beverages,Baby Foods,Baby Food Formula,Stage 1 Infant Milk, شركة المركز السعودي للادوية,Ronalac,RONALAC BABY 1 MILK 400G,2025,115494.1399999997
Baby Food & Beverages,Baby Foods,Baby Food Formula,Stage 1 Infant Milk, شركة المركز السعودي للادوية,Ronalac,RONALAC BABY 1 MILK 400G,2026,132227.3556379999
Baby Food & Beverages,Baby Foods,Baby Food Formula,Stage 1 Infant Milk, شركة المركز السعودي للادوية,Ronalac,RONALAC BABY 1 MILK 850G,2025,93565.97000000007
Baby Food & Beverages,Baby Foods,Baby Food Formula,Stage 1 Infant Milk, شركة المركز السعودي للادوية,Ronalac,RONALAC BABY 1 MILK 850G,2026,20146.260811999993
Baby Food & Beverages,Baby Foods,Baby Food Formula,Stage 2 Follow On Milk, شركة المركز السعودي للادوية,Ronalac,RONALAC BABY 2 MILK 400G,2025,102586.32999999981
Baby Food & Beverages,Baby Foods,Baby Food Formula,Stage 2 Follow On Milk, شركة المركز السعودي للادوية,Ronalac,RONALAC BABY 2 MILK 400G,2026,114335.66906500014
Baby Food & Beverages,Baby Foods,Baby Food Formula,Stage 2 Follow On Milk, شركة المركز السعودي للادوية,Ronalac,RONALAC BABY 2 MILK VANL.850G,2025,165658.51799999963
Baby Food & Beverages,Baby Foods,Baby Food Formula,Stage 2 Follow On Milk, شركة المركز السعودي للادوية,Ronalac,RONALAC BABY 2 MILK VANL.850G,2026,150246.243907
Baby Food & Beverages,Baby Foods,Baby Food Formula,Stage 1 Infant Milk, شركة المركز السعودي للادوية,Ronalac,RONALAC BABY MILK #1 1700G,2025,328.6
Baby Food & Beverages,Baby Foods,Baby Food Formula,Stage 2 Follow On Milk, شركة المركز السعودي للادوية,Ronalac,RONALAC BABY MILK #2 1700G,2025,201438.61999999988
Baby Food & Beverages,Baby Foods,Baby Food Formula,Stage 2 Follow On Milk, شركة المركز السعودي للادوية,Ronalac,RONALAC BABY MILK #2 1700G,2026,177357.37373500018
Baby Food & Beverages,Baby Foods,Baby Food Formula,Stage 1 Infant Milk, شركة خدمات اطلس  الدولية,Blemil,BLEMIL MLK OPTIMUM P.#1 2x400G,2025,97035.16000000003
Baby Food & Beverages,Baby Foods,Baby Food Formula,Stage 1 Infant Milk, شركة خدمات اطلس  الدولية,Blemil,BLEMIL MLK OPTIMUM P.#1 2x400G,2026,66175.69527100003
Baby Food & Beverages,Baby Foods,Baby Food Formula,Stage 3 1 Year Plus Milk, شركة خدمات اطلس  الدولية,Blemil,BLEMIL MLK OPTIMUM P.#3 2x400G,2025,88948.25000000003
Baby Food & Beverages,Baby Foods,Baby Food Formula,Stage 3 1 Year Plus Milk, شركة خدمات اطلس  الدولية,Blemil,BLEMIL MLK OPTIMUM P.#3 2x400G,2026,44218.65193500004
Baby Food & Beverages,Baby Foods,Baby Food Formula,Stage 1 Infant Milk, شركة خدمات اطلس  الدولية,Blemil,BLEMIL MLK OPTIMUM PRO.#1 400G,2025,274611.982
Baby Food & Beverages,Baby Foods,Baby Food Formula,Stage 1 Infant Milk, شركة خدمات اطلس  الدولية,Blemil,BLEMIL MLK OPTIMUM PRO.#1 400G,2026,302487.6685090001
Baby Food & Beverages,Baby Foods,Baby Food Formula,Stage 1 Infant Milk, شركة خدمات اطلس  الدولية,Blemil,BLEMIL MLK OPTIMUM PRO.#1 800G,2025,694715.7369999997
Baby Food & Beverages,Baby Foods,Baby Food Formula,Stage 1 Infant Milk, شركة خدمات اطلس  الدولية,Blemil,BLEMIL MLK OPTIMUM PRO.#1 800G,2026,855054.2174789996
Baby Food & Beverages,Baby Foods,Baby Food Formula,Stage 2 Follow On Milk, شركة خدمات اطلس  الدولية,Blemil,BLEMIL MLK OPTIMUM PRO.#2 400G,2025,390438.96999999986
Baby Food & Beverages,Baby Foods,Baby Food Formula,Stage 2 Follow On Milk, شركة خدمات اطلس  الدولية,Blemil,BLEMIL MLK OPTIMUM PRO.#2 400G,2026,296335.4138500001
Baby Food & Beverages,Baby Foods,Baby Food Formula,Stage 2 Follow On Milk, شركة خدمات اطلس  الدولية,Blemil,BLEMIL MLK OPTIMUM PRO.#2 800G,2025,951870.4370000002
Baby Food & Beverages,Baby Foods,Baby Food Formula,Stage 2 Follow On Milk, شركة خدمات اطلس  الدولية,Blemil,BLEMIL MLK OPTIMUM PRO.#2 800G,2026,854035.1639759999
Baby Food & Beverages,Baby Foods,Baby Food Formula,Stage 3 1 Year Plus Milk, شركة خدمات اطلس  الدولية,Blemil,BLEMIL MLK OPTIMUM PRO.#3 400G,2025,447142.41099999996
Baby Food & Beverages,Baby Foods,Baby Food Formula,Stage 3 1 Year Plus Milk, شركة خدمات اطلس  الدولية,Blemil,BLEMIL MLK OPTIMUM PRO.#3 400G,2026,304538.95612800005
Baby Food & Beverages,Baby Foods,Baby Food Formula,Stage 3 1 Year Plus Milk, شركة خدمات اطلس  الدولية,Blemil,BLEMIL MLK OPTIMUM PRO.#3 800G,2025,29161.120000000006
Baby Food & Beverages,Baby Foods,Baby Food Formula,Stage 3 1 Year Plus Milk, شركة خدمات اطلس  الدولية,Blemil,BLEMIL MLK OPTIMUM PRO.#3 800G.,2025,1059272.128
Baby Food & Beverages,Baby Foods,Baby Food Formula,Stage 3 1 Year Plus Milk, شركة خدمات اطلس  الدولية,Blemil,BLEMIL MLK OPTIMUM PRO.#3 800G.,2026,898973.3536320007
Baby Food & Beverages,Baby Foods,Baby Food Formula,Stage 3 1 Year Plus Milk, شركة خدمات اطلس  الدولية,Blemil,BLEMIL MLK OPTMUM PRO.#3 1200G,2025,577591.0940000003
Baby Food & Beverages,Baby Foods,Baby Food Formula,Stage 3 1 Year Plus Milk, شركة خدمات اطلس  الدولية,Blemil,BLEMIL MLK OPTMUM PRO.#3 1200G,2026,829347.727272
Baby Food & Beverages,Baby Foods,Baby Food Formula,Stage 2 Follow On Milk, شركة خدمات اطلس  الدولية,Blemil,BLEMIL PLUS 2 MILK 2x400G PRCD,2025,85814.11999999998
Baby Food & Beverages,Baby Foods,Baby Food Formula,Stage 2 Follow On Milk, شركة خدمات اطلس  الدولية,Blemil,BLEMIL PLUS 2 MILK 2x400G PRCD,2026,85562.31297900008
Baby Food & Beverages,Baby Foods,Baby Food Formula,Stage 1 Infant Milk, شركة خدمات اطلس  الدولية,Blemil,BLEMIL PLUS MILK EXT.#1 2x600G,2025,75374.42400000003
Baby Food & Beverages,Baby Foods,Baby Food Formula,Stage 1 Infant Milk, شركة خدمات اطلس  الدولية,Blemil,BLEMIL PLUS MILK EXT.#1 2x600G,2026,41960.643416999985
Baby Food & Beverages,Baby Foods,Baby Food Formula,Stage 2 Follow On Milk, شركة خدمات اطلس  الدولية,Blemil,BLEMIL PLUS MILK EXT.#2 2x600G,2025,104419.31900000008
Baby Food & Beverages,Baby Foods,Baby Food Formula,Stage 2 Follow On Milk, شركة خدمات اطلس  الدولية,Blemil,BLEMIL PLUS MILK EXT.#2 2x600G,2026,54916.71294399998
Baby Food & Beverages,Baby Foods,Baby Food Formula,Stage 1 Infant Milk, شركة خدمات اطلس  الدولية,Blemil,BLEMIL PLUS MILK EXT.#3 2x600G,2025,34003.416999999994
Baby Food & Beverages,Baby Foods,Baby Food Formula,Stage 1 Infant Milk, شركة خدمات اطلس  الدولية,Blemil,BLEMIL PLUS MILK EXT.#3 2x600G,2026,27472.973852999996
Baby Food & Beverages,Baby Foods,Baby Food Formula,Stage 3 1 Year Plus Milk, شركة خدمات اطلس  الدولية,Blemil,BLEMIL PLUS MILK EXT.#3 2x600G,2026,5557.391293
Baby Food & Beverages,Baby Foods,Baby Food Formula,Stage 1 Infant Milk, شركة خدمات اطلس  الدولية,Blemil,BLEMIL PLUS MILK EXTRA #1 600G,2025,20673.262000000002
Baby Food & Beverages,Baby Foods,Baby Food Formula,Stage 1 Infant Milk, شركة خدمات اطلس  الدولية,Blemil,BLEMIL PLUS MILK EXTRA #1 600G,2026,54350.252204000026
Baby Food & Beverages,Baby Foods,Baby Food Formula,Stage 2 Follow On Milk, شركة خدمات اطلس  الدولية,Blemil,BLEMIL PLUS MILK EXTRA #2 600G,2025,40023.741999999984
Baby Food & Beverages,Baby Foods,Baby Food Formula,Stage 2 Follow On Milk, شركة خدمات اطلس  الدولية,Blemil,BLEMIL PLUS MILK EXTRA #2 600G,2026,70013.00653800002
Baby Food & Beverages,Baby Foods,Baby Food Formula,Stage 3 1 Year Plus Milk, شركة خدمات اطلس  الدولية,Blemil,BLEMIL PLUS OPT.3 FRUITS 400G,2025,4438.736000000002
Baby Food & Beverages,Baby Foods,Baby Food Formula,Stage 4 Kids Milk, شركة خدمات اطلس  الدولية,Blemil,BLEMIL PLUS OPTIMUM 4KIDS 400G,2025,15889.546999999999
Baby Food & Beverages,Baby Foods,Baby Food Formula,Stage 4 Kids Milk, شركة خدمات اطلس  الدولية,Blemil,BLEMIL PLUS OPTIMUM 4KIDS 400G,2026,24200.695594
Baby Food & Beverages,Baby Foods,Baby Food Formula,Stage 4 Kids Milk, شركة مكتب الكمال للاستيراد المحدودة,Pediasure,PEDIASURE COMPLT.M.VANLA3+900G,2025,262647.0410000001
Baby Food & Beverages,Baby Foods,Baby Food Formula,Stage 4 Kids Milk, شركة مكتب الكمال للاستيراد المحدودة,Pediasure,PEDIASURE COMPLT.M.VANLA3+900G,2026,100811.80018000005
Baby Food & Beverages,Baby Foods,Baby Food Formula,Stage 4 Kids Milk, شركة مكتب الكمال للاستيراد المحدودة,Pediasure,PEDIASURE VANILLA 1+ NEW 900G,2025,94096.44000000012
Baby Food & Beverages,Baby Foods,Baby Food Formula,Stage 4 Kids Milk, شركة مكتب الكمال للاستيراد المحدودة,Pediasure,PEDIASURE VANILLA 1+ NEW 900G,2026,66029.35622400003
Baby Food & Beverages,Baby Foods,Baby Food Formula,Stage 1 Infant Milk, شركة مكتب الكمال للاستيراد المحدودة,Similac,SIMILAC ADVANCE #1 2x800G S.O,2025,79975.23000000001
Baby Food & Beverages,Baby Foods,Baby Food Formula,Stage 1 Infant Milk, شركة مكتب الكمال للاستيراد المحدودة,Similac,SIMILAC ADVANCE #1 2x800G S.O,2026,13232.382601999998
Baby Food & Beverages,Baby Foods,Baby Food Formula,Stage 2 Follow On Milk, شركة مكتب الكمال للاستيراد المحدودة,Similac,SIMILAC ADVANCE #2 2x800G S.O,2025,94162.48999999999
Baby Food & Beverages,Baby Foods,Baby Food Formula,Stage 2 Follow On Milk, شركة مكتب الكمال للاستيراد المحدودة,Similac,SIMILAC ADVANCE #2 2x800G S.O,2026,34614.825955999986
Baby Food & Beverages,Baby Foods,Baby Food Formula,Stage 1 Infant Milk, شركة مكتب الكمال للاستيراد المحدودة,Similac,SIMILAC GOLD #1 800G,2025,172740.71900000007
Baby Food & Beverages,Baby Foods,Baby Food Formula,Stage 1 Infant Milk, شركة مكتب الكمال للاستيراد المحدودة,Similac,SIMILAC GOLD #1 800G,2026,90074.88704800008
Baby Food & Beverages,Baby Foods,Baby Food Formula,Stage 2 Follow On Milk, شركة مكتب الكمال للاستيراد المحدودة,Similac,SIMILAC GOLD #2 800G,2025,168956.48200000002
Baby Food & Beverages,Baby Foods,Baby Food Formula,Stage 2 Follow On Milk, شركة مكتب الكمال للاستيراد المحدودة,Similac,SIMILAC GOLD #2 800G,2026,77942.41743900011
Baby Food & Beverages,Baby Foods,Baby Food Formula,Stage 4 Kids Milk, شركة مكتب الكمال للاستيراد المحدودة,Similac,SIMILAC GOLD 4 MILK #900G,2025,141.64999999999998
Baby Food & Beverages,Baby Foods,Baby Food Formula,Stage 3 1 Year Plus Milk, شركة مكتب الكمال للاستيراد المحدودة,Similac,SIMILAC GOLD MILK #3 2x800G,2025,20655.35999999997
Baby Food & Beverages,Baby Foods,Baby Food Formula,Stage 3 1 Year Plus Milk, شركة مكتب الكمال للاستيراد المحدودة,Similac,SIMILAC GOLD MILK #3 2x800G .,2025,96301.94499999999
Baby Food & Beverages,Baby Foods,Baby Food Formula,Stage 3 1 Year Plus Milk, شركة مكتب الكمال للاستيراد المحدودة,Similac,SIMILAC GOLD MILK #3 2x800G .,2026,49072.63471699998
Baby Food & Beverages,Baby Foods,Baby Food Formula,Stage 3 1 Year Plus Milk, شركة مكتب الكمال للاستيراد المحدودة,Similac,SIMILAC GOLD MILK #3 800G,2025,295398.6530000001
Baby Food & Beverages,Baby Foods,Baby Food Formula,Stage 3 1 Year Plus Milk, شركة مكتب الكمال للاستيراد المحدودة,Similac,SIMILAC GOLD MILK #3 800G,2026,76786.97391500004
Baby Food & Beverages,Baby Foods,Baby Food Formula,Stage 1 Infant Milk, شركة نستله العربية السعودية,Nan,NAN MILK OPTIPRO #1 400G,2025,153306.49999999977
Baby Food & Beverages,Baby Foods,Baby Food Formula,Stage 1 Infant Milk, شركة نستله العربية السعودية,Nan,NAN MILK OPTIPRO #1 400G,2026,68308.02549400002
Baby Food & Beverages,Baby Foods,Baby Food Formula,Stage 1 Infant Milk, شركة نستله العربية السعودية,Nan,NAN MILK OPTIPRO #1 800G,2025,299889.63000000035
Baby Food & Beverages,Baby Foods,Baby Food Formula,Stage 1 Infant Milk, شركة نستله العربية السعودية,Nan,NAN MILK OPTIPRO #1 800G,2026,93601.5477280001
Baby Food & Beverages,Baby Foods,Baby Food Formula,Stage 2 Follow On Milk, شركة نستله العربية السعودية,Nan,NAN MILK OPTIPRO #2 400G,2025,143853.78999999983
Baby Food & Beverages,Baby Foods,Baby Food Formula,Stage 2 Follow On Milk, شركة نستله العربية السعودية,Nan,NAN MILK OPTIPRO #2 400G,2026,47462.52124100001
Baby Food & Beverages,Baby Foods,Baby Food Formula,Stage 2 Follow On Milk, شركة نستله العربية السعودية,Nan,NAN MILK OPTIPRO #2 800G,2025,388022.94000000047
Baby Food & Beverages,Baby Foods,Baby Food Formula,Stage 2 Follow On Milk, شركة نستله العربية السعودية,Nan,NAN MILK OPTIPRO #2 800G,2026,118688.17388300002
Baby Food & Beverages,Baby Foods,Baby Food Formula,Stage 3 1 Year Plus Milk, شركة نستله العربية السعودية,Nan,NAN MILK OPTIPRO #3 1800G,2025,516697.78000000026
Baby Food & Beverages,Baby Foods,Baby Food Formula,Stage 3 1 Year Plus Milk, شركة نستله العربية السعودية,Nan,NAN MILK OPTIPRO #3 1800G,2026,253535.82562499988
Baby Food & Beverages,Baby Foods,Baby Food Formula,Stage 3 1 Year Plus Milk, شركة نستله العربية السعودية,Nan,NAN MILK OPTIPRO #3 400G,2025,142630.01999999981
Baby Food & Beverages,Baby Foods,Baby Food Formula,Stage 3 1 Year Plus Milk, شركة نستله العربية السعودية,Nan,NAN MILK OPTIPRO #3 400G,2026,55249.68422
Baby Food & Beverages,Baby Foods,Baby Food Formula,Stage 3 1 Year Plus Milk, شركة نستله العربية السعودية,Nan,NAN MILK OPTIPRO #3 800G,2025,356183.9120000004
Baby Food & Beverages,Baby Foods,Baby Food Formula,Stage 3 1 Year Plus Milk, شركة نستله العربية السعودية,Nan,NAN MILK OPTIPRO #3 800G,2026,143503.94774300017
Baby Food & Beverages,Baby Foods,Baby Food Formula,Stage 2 Follow On Milk, شركة نستله العربية السعودية,Nan,NAN PWDR MILK OPTIPRO #2 1800G,2025,160730.97999999998
Baby Food & Beverages,Baby Foods,Baby Food Formula,Stage 2 Follow On Milk, شركة نستله العربية السعودية,Nan,NAN PWDR MILK OPTIPRO #2 1800G,2026,127272.89552100001
Baby Food & Beverages,Baby Foods,Baby Food Formula,Stage 4 Kids Milk, شركة نستله العربية السعودية,Nido,NIDO FORTIFIED P.MLK 2x1800G,2025,24777.049999999996
Baby Food & Beverages,Baby Foods,Baby Food Formula,Stage 4 Kids Milk, شركة نستله العربية السعودية,Nido,NIDO FORTIFIED P.MLK 2x1800G,2026,4085
Baby Food & Beverages,Baby Foods,Baby Food Formula,Stage 4 Kids Milk, شركة نستله العربية السعودية,Nido,NIDO FORTIFIED PREBIO MLK 400G,2025,214757.87999999925
Baby Food & Beverages,Baby Foods,Baby Food Formula,Stage 4 Kids Milk, شركة نستله العربية السعودية,Nido,NIDO FORTIFIED PREBIO MLK 400G,2026,151318.13813400044
Baby Food & Beverages,Baby Foods,Baby Food Formula,Stage 4 Kids Milk, شركة نستله العربية السعودية,Nido,NIDO FORTIFIED PREBIO MLK 900G,2025,417842.30000000016
Baby Food & Beverages,Baby Foods,Baby Food Formula,Stage 4 Kids Milk, شركة نستله العربية السعودية,Nido,NIDO FORTIFIED PREBIO MLK 900G,2026,296823.3499559996
Baby Food & Beverages,Baby Foods,Baby Food Formula,Stage 4 Kids Milk, شركة نستله العربية السعودية,Nido,NIDO FORTIFIED PREBIO MLK1800G,2025,559857.15
Baby Food & Beverages,Baby Foods,Baby Food Formula,Stage 4 Kids Milk, شركة نستله العربية السعودية,Nido,NIDO FORTIFIED PREBIO MLK1800G,2026,387558.2079199997
Baby Food & Beverages,Baby Foods,Baby Food Formula,Stage 4 Kids Milk, شركة نستله العربية السعودية,Nido,NIDO P.MILK HONEY 3years 1800G,2025,236368.26699999993
Baby Food & Beverages,Baby Foods,Baby Food Formula,Stage 3 1 Year Plus Milk, شركة نستله العربية السعودية,Nido,NIDO P.MILK HONEY 3years 1800G,2026,10555.904290000002
Baby Food & Beverages,Baby Foods,Baby Food Formula,Stage 4 Kids Milk, شركة نستله العربية السعودية,Nido,NIDO P.MILK HONEY 3years 1800G,2026,158740.469589
Baby Food & Beverages,Baby Foods,Baby Food Formula,Stage 4 Kids Milk, شركة نستله العربية السعودية,Nido,NIDO P.MILK HONEY 3years 400G,2025,76363.94500000002
Baby Food & Beverages,Baby Foods,Baby Food Formula,Stage 3 1 Year Plus Milk, شركة نستله العربية السعودية,Nido,NIDO P.MILK HONEY 3years 400G,2026,13878.582217999998
Baby Food & Beverages,Baby Foods,Baby Food Formula,Stage 4 Kids Milk, شركة نستله العربية السعودية,Nido,NIDO P.MILK HONEY 3years 400G,2026,37891.32090900004
Baby Food & Beverages,Baby Foods,Baby Food Formula,Stage 1 Infant Milk, شركة نستله العربية السعودية,S26,S-26 GOLD STAGE #1 400G,2025,101451.82000000007
Baby Food & Beverages,Baby Foods,Baby Food Formula,Stage 1 Infant Milk, شركة نستله العربية السعودية,S26,S-26 GOLD STAGE #1 400G,2026,50414.15633400002
Baby Food & Beverages,Baby Foods,Baby Food Formula,Stage 1 Infant Milk, شركة نستله العربية السعودية,S26,S-26 GOLD STAGE #1 800G,2025,146043.12000000014
Baby Food & Beverages,Baby Foods,Baby Food Formula,Stage 1 Infant Milk, شركة نستله العربية السعودية,S26,S-26 GOLD STAGE #1 800G,2026,61117.721374000015
Baby Food & Beverages,Baby Foods,Baby Food Formula,Stage 2 Follow On Milk, شركة نستله العربية السعودية,S26,S-26 GOLD STAGE #2 400G,2025,12711.12000000001
Baby Food & Beverages,Baby Foods,Baby Food Formula,Stage 2 Follow On Milk, شركة نستله العربية السعودية,S26,S-26 GOLD STAGE #2 400G.,2025,73594.77999999998
Baby Food & Beverages,Baby Foods,Baby Food Formula,Stage 2 Follow On Milk, شركة نستله العربية السعودية,S26,S-26 GOLD STAGE #2 400G.,2026,39315.53034999995
Baby Food & Beverages,Baby Foods,Baby Food Formula,Stage 2 Follow On Milk, شركة نستله العربية السعودية,S26,S-26 GOLD STAGE #2 800G,2025,218368.16999999975
Baby Food & Beverages,Baby Foods,Baby Food Formula,Stage 2 Follow On Milk, شركة نستله العربية السعودية,S26,S-26 GOLD STAGE #2 800G,2026,56209.477941999976
Baby Food & Beverages,Baby Foods,Baby Food Formula,Stage 3 1 Year Plus Milk, شركة نستله العربية السعودية,S26,S-26 GOLD STAGE #3 1.8KG,2025,130894.38999999994
Baby Food & Beverages,Baby Foods,Baby Food Formula,Stage 3 1 Year Plus Milk, شركة نستله العربية السعودية,S26,S-26 GOLD STAGE #3 1.8KG,2026,185021.48730500005
Baby Food & Beverages,Baby Foods,Baby Food Formula,Stage 3 1 Year Plus Milk, شركة نستله العربية السعودية,S26,S-26 GOLD STAGE #3 400G,2025,128296.85000000014
Baby Food & Beverages,Baby Foods,Baby Food Formula,Stage 3 1 Year Plus Milk, شركة نستله العربية السعودية,S26,S-26 GOLD STAGE #3 400G,2026,53439.09539
Baby Food & Beverages,Baby Foods,Baby Food Formula,Stage 3 1 Year Plus Milk, شركة نستله العربية السعودية,S26,S-26 GOLD STAGE #3 800G,2025,331465.64400000003
Baby Food & Beverages,Baby Foods,Baby Food Formula,Stage 3 1 Year Plus Milk, شركة نستله العربية السعودية,S26,S-26 GOLD STAGE #3 800G,2026,100448.65102599999
Baby Food & Beverages,Baby Foods,Baby Food Formula,Stage 3 1 Year Plus Milk, شركة نستله العربية السعودية,S26,S-26 MILK GOLD #3 2x1800G,2025,19568.469999999994
Baby Food & Beverages,Baby Foods,Baby Food Formula,Stage 3 1 Year Plus Milk, شركة نستله العربية السعودية,S26,S-26 MILK GOLD #3 2x1800G,2026,312.608695
Breakfast & Spreads,Cereals,Cereals Snack Bars,Cocoa Pops Bar, شركة السهم لتوزيع الاغذية,Kelloggs,KELLOGG'S COCO POPS BAR 20G,2025,1116.4800000000002
Breakfast & Spreads,Cereals,Cereals Snack Bars,Cocoa Pops Bar, شركة السهم لتوزيع الاغذية,Kelloggs,KELLOGG'S COCO POPS BAR 20G,2026,8.695652
Breakfast & Spreads,Cereals,Cereals Snack Bars,Frosties Snack Bar, شركة السهم لتوزيع الاغذية,Kelloggs,KELLOGG'S FROSTIES S.BAR 6x25G,2025,327.81
Breakfast & Spreads,Cereals,Cereals Snack Bars,Rice Krispies, شركة السهم لتوزيع الاغذية,Kelloggs,KELLOGGS RICE KRISPIES 20G,2025,217.18
Breakfast & Spreads,Cereals,Cereals Snack Bars,Rice Krispies, شركة السهم لتوزيع الاغذية,Kelloggs,KELLOGG'S RICE KRISPIES 6x20G,2025,3498.0600000000018
Breakfast & Spreads,Cereals,Cereals Snack Bars,Oats Snack Bar, شركة باسمح للتوزيع التجاري,Nature Valley,NATURE VALLEY OATS BERRIES 42G,2025,59514.94000000006
Breakfast & Spreads,Cereals,Cereals Snack Bars,Oats Snack Bar, شركة باسمح للتوزيع التجاري,Nature Valley,NATURE VALLEY OATS BERRIES 42G,2026,45605.83502499993
Breakfast & Spreads,Cereals,Cereals Snack Bars,Oats Snack Bar, شركة باسمح للتوزيع التجاري,Nature Valley,NATURE VALLEY OATS'N APPLE 42G,2025,22960.393000000004
Breakfast & Spreads,Cereals,Cereals Snack Bars,Oats Snack Bar, شركة باسمح للتوزيع التجاري,Nature Valley,NATURE VALLEY OATS'N APPLE 42G,2026,14196.286915000012
Breakfast & Spreads,Cereals,Cereals Snack Bars,Oats Snack Bar, شركة باسمح للتوزيع التجاري,Nature Valley,NATURE VALLEY OATS'N CHOCO 21G,2025,38876.92399999996
Breakfast & Spreads,Cereals,Cereals Snack Bars,Oats Snack Bar, شركة باسمح للتوزيع التجاري,Nature Valley,NATURE VALLEY OATS'N CHOCO 21G,2026,28937.509959999963
Breakfast & Spreads,Cereals,Cereals Snack Bars,Oats Snack Bar, شركة باسمح للتوزيع التجاري,Nature Valley,NATURE VALLEY OATS'N HONEY 21G,2025,35535.82399999995
Breakfast & Spreads,Cereals,Cereals Snack Bars,Oats Snack Bar, شركة باسمح للتوزيع التجاري,Nature Valley,NATURE VALLEY OATS'N HONEY 21G,2026,24197.945955999985
Breakfast & Spreads,Cereals,Cereals Snack Bars,Oats Snack Bar, شركة باسمح للتوزيع التجاري,Nature Valley,NATURE VALLEY OATS'N HONEY 42G,2025,39070.83600000007
Breakfast & Spreads,Cereals,Cereals Snack Bars,Oats Snack Bar, شركة باسمح للتوزيع التجاري,Nature Valley,NATURE VALLEY OATS'N HONEY 42G,2026,34515.66076000003
Breakfast & Spreads,Cereals,Cereals Snack Bars,Oats Snack Bar, شركة باسمح للتوزيع التجاري,Nature Valley,NATURE VALLEY PEANUT&CHOCO 40G,2025,70558.10700000002
Breakfast & Spreads,Cereals,Cereals Snack Bars,Oats Snack Bar, شركة باسمح للتوزيع التجاري,Nature Valley,NATURE VALLEY PEANUT&CHOCO 40G,2026,56831.09830200014
Breakfast & Spreads,Cereals,Cereals Snack Bars,Oats Snack Bar, شركة باسمح للتوزيع التجاري,Nature Valley,NATURE VALLEY ROASTD ALMND 42G,2025,32325.346000000052
Breakfast & Spreads,Cereals,Cereals Snack Bars,Oats Snack Bar, شركة باسمح للتوزيع التجاري,Nature Valley,NATURE VALLEY ROASTD ALMND 42G,2026,35589.50422400005
Breakfast & Spreads,Cereals,Cereals Snack Bars,Oats Snack Bar, شركة باسمح للتوزيع التجاري,Nature Valley,NATURE VALLEY S.CREAL&NUT 40G,2025,42964.695000000014
Breakfast & Spreads,Cereals,Cereals Snack Bars,Oats Snack Bar, شركة باسمح للتوزيع التجاري,Nature Valley,NATURE VALLEY S.CREAL&NUT 40G,2026,26413.540171000022
Breakfast & Spreads,Cereals,Cereals Snack Bars 1,Oats Snack Bar 1, شركة باسمح للتوزيع التجاري,Nature Valley,NATURE VALLEY OATS BERRIES 42G,2026,7833.912825999999
Breakfast & Spreads,Cereals,Cereals Snack Bars 1,Oats Snack Bar 1, شركة باسمح للتوزيع التجاري,Nature Valley,NATURE VALLEY OATS'N APPLE 42G,2026,194.56520799999998
Breakfast & Spreads,Cereals,Cereals Snack Bars 1,Oats Snack Bar 1, شركة باسمح للتوزيع التجاري,Nature Valley,NATURE VALLEY OATS'N CHOCO 21G,2026,5375.225673999996
Breakfast & Spreads,Cereals,Cereals Snack Bars 1,Oats Snack Bar 1, شركة باسمح للتوزيع التجاري,Nature Valley,NATURE VALLEY OATS'N HONEY 21G,2026,4790.364923000003
Breakfast & Spreads,Cereals,Cereals Snack Bars 1,Oats Snack Bar 1, شركة باسمح للتوزيع التجاري,Nature Valley,NATURE VALLEY OATS'N HONEY 42G,2026,4951.286812000004
Breakfast & Spreads,Cereals,Cereals Snack Bars 1,Oats Snack Bar 1, شركة باسمح للتوزيع التجاري,Nature Valley,NATURE VALLEY PEANUT&CHOCO 40G,2026,15624.218160000077
Breakfast & Spreads,Cereals,Cereals Snack Bars 1,Oats Snack Bar 1, شركة باسمح للتوزيع التجاري,Nature Valley,NATURE VALLEY ROASTD ALMND 42G,2026,7002.608452999996
Breakfast & Spreads,Cereals,Cereals Snack Bars 1,Oats Snack Bar 1, شركة باسمح للتوزيع التجاري,Nature Valley,NATURE VALLEY S.CREAL&NUT 40G,2026,3348.782752
Breakfast & Spreads,Cereals,Flavored Cereals,Fruit Cereals, Riyadh Food Industries Co.(Spices),Unbranded,W:ASSORTED JELLY SWEETS,2026,302.102951
Breakfast & Spreads,Cereals,Flavored Cereals,Chocolate Cereals, Riyadh Food Industries Co.(Spices),Unbranded,W:CHOCOLATE DELUXE,2026,4244.706135
Breakfast & Spreads,Cereals,Flavored Cereals,Chocolate Cereals, Riyadh Food Industries Co.(Spices),Unbranded,W:CHOCOLATE MIX,2026,1584.60176
Breakfast & Spreads,Cereals,Flavored Cereals,Caramel Cereals, Riyadh Food Industries Co.(Spices),Unbranded,W:SWEET CARAMEL,2026,104.819146
Breakfast & Spreads,Cereals,Flavored Cereals,Cocoa Cereals, Saudi Jordanian Industrial Co,Jordina,JORDINA CORN FLAKES CHOCLT250G,2025,10503.990000000009
Breakfast & Spreads,Cereals,Flavored Cereals,Cocoa Cereals, Saudi Jordanian Industrial Co,Jordina,JORDINA CORN FLAKES CHOCLT250G,2026,99.365231
Breakfast & Spreads,Cereals,Flavored Cereals,Chocolate Cereals, شركة ابراهيم الشنيفي للتجارة و المقاولات,Unbranded,W:SWEET CHOCO.MILK &CEREALS,2026,98.77822499999999
Breakfast & Spreads,Cereals,Flavored Cereals,Chocolate Cereals, شركة البحراوي التجارية,Oreo,OREO O'S CEREAL 320G,2025,440300.2630000007
Breakfast & Spreads,Cereals,Flavored Cereals,Chocolate Cereals, شركة البحراوي التجارية,Oreo,OREO O'S CEREAL 320G,2026,14047.782455000002
Breakfast & Spreads,Cereals,Flavored Cereals,Chocolate Cereals, شركة السهم لتوزيع الاغذية,Kelloggs,KELLOGGS CHOCO W/PISTACHO 320G,2025,85082.11499999982
Breakfast & Spreads,Cereals,Flavored Cereals,Chocolate Cereals, شركة السهم لتوزيع الاغذية,Kelloggs,KELLOGGS CHOCO W/PISTACHO 320G,2026,54493.037124000046
Breakfast & Spreads,Cereals,Flavored Cereals,Chocolate Cereals, شركة السهم لتوزيع الاغذية,Kelloggs,KELLOGGS CHOCO W/PISTACHO 540G,2025,93763.01500000003
Breakfast & Spreads,Cereals,Flavored Cereals,Chocolate Cereals, شركة السهم لتوزيع الاغذية,Kelloggs,KELLOGGS CHOCO W/PISTACHO 540G,2026,81986.60003599992
Breakfast & Spreads,Cereals,Flavored Cereals,Cocoa Cereals, شركة السهم لتوزيع الاغذية,Kelloggs,KELLOGGS COCO POPS 330G,2025,844148.1370000007
Breakfast & Spreads,Cereals,Flavored Cereals,Cocoa Cereals, شركة السهم لتوزيع الاغذية,Kelloggs,KELLOGGS COCO POPS 330G,2026,458334.5147710015
Breakfast & Spreads,Cereals,Flavored Cereals,Cocoa Cereals, شركة السهم لتوزيع الاغذية,Kelloggs,KELLOGGS COCO POPS 480G,2025,1059320.7020000024
Breakfast & Spreads,Cereals,Flavored Cereals,Cocoa Cereals, شركة السهم لتوزيع الاغذية,Kelloggs,KELLOGGS COCO POPS 480G,2026,439539.6819020008
Breakfast & Spreads,Cereals,Flavored Cereals,Cocoa Cereals, شركة السهم لتوزيع الاغذية,Kelloggs,KELLOGG'S COCO POPS 6x20G,2025,8257.68
Breakfast & Spreads,Cereals,Flavored Cereals,Cocoa Cereals, شركة السهم لتوزيع الاغذية,Kelloggs,KELLOGG'S COCO POPS 6x20G,2026,80.43478
Breakfast & Spreads,Cereals,Flavored Cereals,Cocoa Cereals, شركة السهم لتوزيع الاغذية,Kelloggs,KELLOGGS COCO POPS CHOCOS 330G,2025,378918.2130000001
Breakfast & Spreads,Cereals,Flavored Cereals,Cocoa Cereals, شركة السهم لتوزيع الاغذية,Kelloggs,KELLOGGS COCO POPS CHOCOS 330G,2026,337972.117320001
Breakfast & Spreads,Cereals,Flavored Cereals,Cocoa Cereals, شركة السهم لتوزيع الاغذية,Kelloggs,KELLOGGS COCO POPS CHOCOS 480G,2025,729325.7970000001
Breakfast & Spreads,Cereals,Flavored Cereals,Cocoa Cereals, شركة السهم لتوزيع الاغذية,Kelloggs,KELLOGGS COCO POPS CHOCOS 480G,2026,457859.8655290009
Breakfast & Spreads,Cereals,Flavored Cereals,Cocoa Cereals, شركة السهم لتوزيع الاغذية,Kelloggs,KELLOGGS COCO POPS FILLS 350G,2025,75077.55000000019
Breakfast & Spreads,Cereals,Flavored Cereals,Cocoa Cereals, شركة السهم لتوزيع الاغذية,Kelloggs,KELLOGGS COCO POPS FILLS 350G,2026,52889.665455000024
Breakfast & Spreads,Cereals,Flavored Cereals,Cocoa Cereals, شركة السهم لتوزيع الاغذية,Kelloggs,KELLOGGS COCO POPS JUMBOS 330G,2025,299251.44700000004
Breakfast & Spreads,Cereals,Flavored Cereals,Cocoa Cereals, شركة السهم لتوزيع الاغذية,Kelloggs,KELLOGGS COCO POPS JUMBOS 330G,2026,306042.7218500001
Breakfast & Spreads,Cereals,Flavored Cereals,Fruit Cereals, شركة السهم لتوزيع الاغذية,Kelloggs,KELLOGGS FROOT LOOPS 375G,2025,36216.069999999985
Breakfast & Spreads,Cereals,Flavored Cereals,Fruit Cereals, شركة السهم لتوزيع الاغذية,Kelloggs,KELLOGGS FROOT LOOPS 375G,2026,150418.32172599997
Breakfast & Spreads,Cereals,Flavored Cereals,Chocolate Cereals, شركة باطوق التجارية,Poppins,POPPINS BOBO CHOC 375G,2025,16913.81999999998
Breakfast & Spreads,Cereals,Flavored Cereals,Chocolate Cereals, شركة باطوق التجارية,Poppins,POPPINS BOBO CHOC 375G,2026,112715.89252
Breakfast & Spreads,Cereals,Flavored Cereals,Chocolate Cereals, شركة باطوق التجارية,Poppins,POPPINS CHOCO BUMPS 375G,2025,15101.539999999983
Breakfast & Spreads,Cereals,Flavored Cereals,Chocolate Cereals, شركة باطوق التجارية,Poppins,POPPINS CHOCO BUMPS 375G,2026,93117.41447600003
Breakfast & Spreads,Cereals,Flavored Cereals,Chocolate Cereals, شركة باطوق التجارية,Poppins,POPPINS CHOCO BUMPS 750G,2025,44933.32800000002
Breakfast & Spreads,Cereals,Flavored Cereals,Chocolate Cereals, شركة باطوق التجارية,Poppins,POPPINS CHOCO BUMPS 750G,2026,98792.74523600013
Breakfast & Spreads,Cereals,Flavored Cereals,Chocolate Cereals, شركة باطوق التجارية,Poppins,POPPINS CHOCO POPS 750G,2025,50182.030000000006
Breakfast & Spreads,Cereals,Flavored Cereals,Chocolate Cereals, شركة باطوق التجارية,Poppins,POPPINS CHOCO POPS 750G,2026,104741.22331300001
Breakfast & Spreads,Cereals,Flavored Cereals,Cocoa Cereals, شركة باطوق التجارية,Poppins,POPPINS COCO BITS 375G,2025,81292.04000000004
Breakfast & Spreads,Cereals,Flavored Cereals,Cocoa Cereals, شركة باطوق التجارية,Poppins,POPPINS COCO BITS 375G,2026,94073.93125599997
Breakfast & Spreads,Cereals,Flavored Cereals,Cocoa Cereals, شركة باطوق التجارية,Poppins,POPPINS COCOBITS 750G,2025,89456.64999999975
Breakfast & Spreads,Cereals,Flavored Cereals,Cocoa Cereals, شركة باطوق التجارية,Poppins,POPPINS COCOBITS 750G,2026,97950.59077199997
Breakfast & Spreads,Cereals,Flavored Cereals,Chocolate Cereals, شركة خدمات اطلس  الدولية,Cuetara,CUETARA CHOCO FLAKES 350G,2025,62912.52999999991
Breakfast & Spreads,Cereals,Flavored Cereals,Chocolate Cereals, شركة خدمات اطلس  الدولية,Cuetara,CUETARA CHOCO FLAKES 350G,2026,41621.07653100005
Breakfast & Spreads,Cereals,Flavored Cereals,Cocoa Cereals, شركة دار الممون التجارية,Vitabella,VITABELLA CHOCO CRISIES 340G,2025,7047.910000000003
Breakfast & Spreads,Cereals,Flavored Cereals,Cocoa Cereals, شركة دار الممون التجارية,Vitabella,VITABELLA CHOCO CRISIES 340G,2026,72500.14724299985
Breakfast & Spreads,Cereals,Flavored Cereals,Cocoa Cereals, شركة دار الممون التجارية,Vitabella,VITABELLA CHOCO HAZELNUT 300G,2025,5443.500000000002
Breakfast & Spreads,Cereals,Flavored Cereals,Cocoa Cereals, شركة دار الممون التجارية,Vitabella,VITABELLA CHOCO HAZELNUT 300G,2026,49505.181729999975
Breakfast & Spreads,Cereals,Flavored Cereals,Chocolate Cereals, شركة نابكو للتجارة والتوزيع,Delices,DELICES CAPT.CRUSTY CHOCO 375G,2025,296679.85400000017
Breakfast & Spreads,Cereals,Flavored Cereals,Chocolate Cereals, شركة نابكو للتجارة والتوزيع,Delices,DELICES CAPT.CRUSTY CHOCO 375G,2026,142773.6013359999
Breakfast & Spreads,Cereals,Flavored Cereals,Honey Cereals, شركة نابكو للتجارة والتوزيع,Delices,DELICES CAPTAIN BUZZ HONY.375G,2025,115674.43699999995
Breakfast & Spreads,Cereals,Flavored Cereals,Honey Cereals, شركة نابكو للتجارة والتوزيع,Delices,DELICES CAPTAIN BUZZ HONY.375G,2026,72008.11027599988
Breakfast & Spreads,Cereals,Flavored Cereals,Chocolate Cereals, شركة نابكو للتجارة والتوزيع,Delices,DELICES CPTN CHOKKY CHOCO.375G,2025,222291.49800000025
Breakfast & Spreads,Cereals,Flavored Cereals,Chocolate Cereals, شركة نابكو للتجارة والتوزيع,Delices,DELICES CPTN CHOKKY CHOCO.375G,2026,112483.10363899992
Breakfast & Spreads,Cereals,Flavored Cereals,Honey Cereals, شركة نابكو للتجارة والتوزيع,Haley,HALEY HONEY RINGS 375G,2026,17.382608
Breakfast & Spreads,Cereals,Flavored Cereals,Chocolate Cereals, شركة نستله العربية السعودية,Country,COUNTRY CORNFLAKES CHOCO 375G,2025,114371.18000000005
Breakfast & Spreads,Cereals,Flavored Cereals,Chocolate Cereals, شركة نستله العربية السعودية,Country,COUNTRY CORNFLAKES CHOCO 375G,2026,77397.79421299994
Breakfast & Spreads,Cereals,Flavored Cereals,Chocolate Cereals, شركة نستله العربية السعودية,Kitkat,KITKAT CEREAL 330G,2025,336102.9220000005
Breakfast & Spreads,Cereals,Flavored Cereals,Chocolate Cereals, شركة نستله العربية السعودية,Kitkat,KITKAT CEREAL 330G,2026,168966.45591200012
Breakfast & Spreads,Cereals,Flavored Cereals,Chocolate Cereals, شركة نستله العربية السعودية,Nesquik,NESQUIK ALPHABET C.CEREAL 325G,2025,202041.57999999984
Breakfast & Spreads,Cereals,Flavored Cereals,Chocolate Cereals, شركة نستله العربية السعودية,Nesquik,NESQUIK ALPHABET C.CEREAL 325G,2026,178519.77938500006
Breakfast & Spreads,Cereals,Flavored Cereals,Chocolate Cereals, شركة نستله العربية السعودية,Nesquik,NESQUIK CHOCO CEREALS 625G,2025,1917066.9220000023
Breakfast & Spreads,Cereals,Flavored Cereals,Chocolate Cereals, شركة نستله العربية السعودية,Nesquik,NESQUIK CHOCO CEREALS 625G,2026,1289804.136472999
Breakfast & Spreads,Cereals,Flavored Cereals,Chocolate Cereals, شركة نستله العربية السعودية,Nesquik,NESQUIK CHOCOLATE CEREALS 950G,2025,452702.13500000024
Breakfast & Spreads,Cereals,Flavored Cereals,Chocolate Cereals, شركة نستله العربية السعودية,Nesquik,NESQUIK CHOCOLATE CEREALS 950G,2026,444882.5771920011
Breakfast & Spreads,Cereals,Flavored Cereals,Chocolate Cereals, شركة نستله العربية السعودية,Nesquik,NESQUIK CHOCOLATY CEREAL 330G,2025,1626010.5570000003
Breakfast & Spreads,Cereals,Flavored Cereals,Chocolate Cereals, شركة نستله العربية السعودية,Nesquik,NESQUIK CHOCOLATY CEREAL 330G,2026,1092328.8277349963
Breakfast & Spreads,Cereals,Flavored Cereals,Cocoa Cereals, شركة نستله العربية السعودية,Nestle,COCOA PUFFS 375G,2025,209070.0400000003
Breakfast & Spreads,Cereals,Flavored Cereals,Cocoa Cereals, شركة نستله العربية السعودية,Nestle,COCOA PUFFS 375G,2026,115497.84260300007
Breakfast & Spreads,Cereals,Flavored Cereals,Honey Cereals, شركة نستله العربية السعودية,Nestle,NESTLE CHEERIOS HONEY NUT375G,2025,28206.41999999999
Breakfast & Spreads,Cereals,Flavored Cereals,Honey Cereals, شركة نستله العربية السعودية,Nestle,NESTLE CHEERIOS HONEY NUT375G.,2025,185282.96999999997
Breakfast & Spreads,Cereals,Flavored Cereals,Honey Cereals, شركة نستله العربية السعودية,Nestle,NESTLE CHEERIOS HONEY NUT375G.,2026,152932.05647699934
Breakfast & Spreads,Cereals,Flavored Cereals,Honey Cereals, شركة نستله العربية السعودية,Nestle,NESTLE CHEERIOS W/CEREAL 375G,2025,72326.8599999999
Breakfast & Spreads,Cereals,Flavored Cereals,Honey Cereals, شركة نستله العربية السعودية,Nestle,NESTLE CHEERIOS W/CEREAL 375G,2026,67030.78507499996
Breakfast & Spreads,Cereals,Flavored Cereals,Chocolate Cereals, شركة نستله العربية السعودية,Nestle,NESTLE CHOCAPIC 375G,2025,91922.34700000015
Breakfast & Spreads,Cereals,Flavored Cereals,Chocolate Cereals, شركة نستله العربية السعودية,Nestle,NESTLE CHOCAPIC 375G .,2025,454538.6549999993
Breakfast & Spreads,Cereals,Flavored Cereals,Chocolate Cereals, شركة نستله العربية السعودية,Nestle,NESTLE CHOCAPIC 375G .,2026,486410.4461269993
Breakfast & Spreads,Cereals,Flavored Cereals,Chocolate Cereals, شركة نستله العربية السعودية,Nestle,NESTLE CHOCAPIC 645G,2025,22484.679999999993
Breakfast & Spreads,Cereals,Flavored Cereals,Chocolate Cereals, شركة نستله العربية السعودية,Nestle,NESTLE CHOCAPIC 645G .,2025,218608.6850000002
Breakfast & Spreads,Cereals,Flavored Cereals,Chocolate Cereals, شركة نستله العربية السعودية,Nestle,NESTLE CHOCAPIC 645G .,2026,205060.5436609998
Breakfast & Spreads,Cereals,Flavored Cereals,Chocolate Cereals, شركة نستله العربية السعودية,Nestle,NESTLE CHOCAPIC CHOCO 6x25G,2025,1469.3200000000004
Breakfast & Spreads,Cereals,Flavored Cereals,Chocolate Cereals, شركة نستله العربية السعودية,Nestle,NESTLE CHOCAPIC CHOCO 6x25G,2026,25300.303033999975
Breakfast & Spreads,Cereals,Flavored Cereals,Chocolate Cereals, شركة نستله العربية السعودية,Nestle,NESTLE CHOCAPIC CHOCOLATE 25G,2025,4663.249999999998
Breakfast & Spreads,Cereals,Flavored Cereals,Chocolate Cereals, شركة نستله العربية السعودية,Nestle,NESTLE CHOCAPIC CHOCOLATE 25G,2026,23449.154703999997
Breakfast & Spreads,Cereals,Flavored Cereals,Chocolate Cereals, شركة نستله العربية السعودية,Nestle,NESTLE COKIE CRISP CEREAL 375G,2025,143453.92000000013
Breakfast & Spreads,Cereals,Flavored Cereals,Chocolate Cereals, شركة نستله العربية السعودية,Nestle,NESTLE COKIE CRISP CEREAL 375G,2026,102615.28428600023
Breakfast & Spreads,Cereals,Flavored Cereals,Caramel Cereals, شركة نستله العربية السعودية,Nestle,NESTLE F.CRNY CARAML 6x23.5G,2025,8654.189999999991
Breakfast & Spreads,Cereals,Flavored Cereals,Caramel Cereals, شركة نستله العربية السعودية,Nestle,NESTLE F.CRNY CARAML 6x23.5G,2026,49510.989656000005
Breakfast & Spreads,Cereals,Flavored Cereals,Caramel Cereals, شركة نستله العربية السعودية,Nestle,NESTLE F.CRUNCHY CARAMEL 23.5G,2025,8967.130000000012
Breakfast & Spreads,Cereals,Flavored Cereals,Caramel Cereals, شركة نستله العربية السعودية,Nestle,NESTLE F.CRUNCHY CARAMEL 23.5G,2026,41688.25863900011
Breakfast & Spreads,Cereals,Flavored Cereals,Chocolate Cereals, شركة نستله العربية السعودية,Nestle,NESTLE FITNESS CHOCOLATE 141G,2025,86644.89
Breakfast & Spreads,Cereals,Flavored Cereals,Chocolate Cereals, شركة نستله العربية السعودية,Nestle,NESTLE FITNESS CHOCOLATE 141G,2026,67635.556542
Breakfast & Spreads,Cereals,Flavored Cereals,Chocolate Cereals, شركة نستله العربية السعودية,Nestle,NESTLE FITNESS CHOCOLATE 23.5G,2025,82449.59000000023
Breakfast & Spreads,Cereals,Flavored Cereals,Chocolate Cereals, شركة نستله العربية السعودية,Nestle,NESTLE FITNESS CHOCOLATE 23.5G,2026,57028.24967100007
Breakfast & Spreads,Cereals,Flavored Cereals,Fruit Cereals, شركة نستله العربية السعودية,Nestle,NESTLE FITNESS FRUITS 375G,2025,51632.49000000013
Breakfast & Spreads,Cereals,Flavored Cereals,Fruit Cereals, شركة نستله العربية السعودية,Nestle,NESTLE FITNESS FRUITS 375G,2026,55849.59253799996
Breakfast & Spreads,Cereals,Flavored Cereals,Honey Cereals, شركة نستله العربية السعودية,Nestle,NESTLE FITNESS HONEY&ALMO.355G,2025,198527.17999999953
Breakfast & Spreads,Cereals,Flavored Cereals,Honey Cereals, شركة نستله العربية السعودية,Nestle,NESTLE FITNESS HONEY&ALMO.355G,2026,135181.83169700022
Breakfast & Spreads,Cereals,Flavored Cereals,Fruit Cereals, شركة نستله العربية السعودية,Nestle,NESTLE FITNESS STRAWBBERY 141G,2025,4196.109999999999
Breakfast & Spreads,Cereals,Flavored Cereals,Fruit Cereals, شركة نستله العربية السعودية,Nestle,NESTLE FITNESS STRAWBBERY 141G,2026,30510.747998999956
Breakfast & Spreads,Cereals,Flavored Cereals,Fruit Cereals, شركة نستله العربية السعودية,Nestle,NESTLE FITNESS STRAWBERY 23.5G,2025,6251.300000000001
Breakfast & Spreads,Cereals,Flavored Cereals,Fruit Cereals, شركة نستله العربية السعودية,Nestle,NESTLE FITNESS STRAWBERY 23.5G,2026,32599.998295000056
Breakfast & Spreads,Cereals,Flavored Cereals,Chocolate Cereals, شركة نستله العربية السعودية,Nestle,NESTLE NESQUIK CALCM+VIT-D 25G,2025,56266.820000000014
Breakfast & Spreads,Cereals,Flavored Cereals,Chocolate Cereals, شركة نستله العربية السعودية,Nestle,NESTLE NESQUIK CALCM+VIT-D 25G,2026,47616.57515199993
Breakfast & Spreads,Cereals,Flavored Cereals,Chocolate Cereals, شركة نستله العربية السعودية,Nestle,NESTLE NESQUIK CLCM+VIT-D 150G,2025,14027.950000000004
Breakfast & Spreads,Cereals,Flavored Cereals,Chocolate Cereals, شركة نستله العربية السعودية,Nestle,NESTLE NESQUIK CLCM+VIT-D 150G,2026,42221.599118
Breakfast & Spreads,Cereals,Flavored Cereals,Fruit Cereals, شركة نستله العربية السعودية,Nestle,NESTLE TRIX FRUITY SHAPS 330G,2025,315.9
Breakfast & Spreads,Cereals,Flavored Cereals,Chocolate Cereals, شركة وفرة للصناعة والتنمية,Caprini,CAPRINI CHO.CRISPIES BOYS 250G,2025,229230.71700000003
Breakfast & Spreads,Cereals,Flavored Cereals,Chocolate Cereals, شركة وفرة للصناعة والتنمية,Caprini,CAPRINI CHO.CRISPIES BOYS 250G,2026,147623.7562460005
Breakfast & Spreads,Cereals,Flavored Cereals,Chocolate Cereals, شركة وفرة للصناعة والتنمية,Caprini,CAPRINI CHO.CRISPIES GIRL 250G,2025,221379.03700000042
Breakfast & Spreads,Cereals,Flavored Cereals,Chocolate Cereals, شركة وفرة للصناعة والتنمية,Caprini,CAPRINI CHO.CRISPIES GIRL 250G,2026,151357.3427570002
Breakfast & Spreads,Cereals,Flavored Cereals,Chocolate Cereals, شركة وفرة للصناعة والتنمية,Caprini,CAPRINI CHOCO BALS F.BOYS 250G,2025,278816.58600000036
Breakfast & Spreads,Cereals,Flavored Cereals,Chocolate Cereals, شركة وفرة للصناعة والتنمية,Caprini,CAPRINI CHOCO BALS F.BOYS 250G,2026,135270.4086150004
Breakfast & Spreads,Cereals,Flavored Cereals,Chocolate Cereals, شركة وفرة للصناعة والتنمية,Caprini,CAPRINI CHOCO BALS F.BOYS 250G.,2026,34093.81422299991
Breakfast & Spreads,Cereals,Flavored Cereals,Chocolate Cereals, شركة وفرة للصناعة والتنمية,Caprini,CAPRINI CHOCO BALS F.GIRLS250G,2025,240293.00899999993
Breakfast & Spreads,Cereals,Flavored Cereals,Chocolate Cereals, شركة وفرة للصناعة والتنمية,Caprini,CAPRINI CHOCO BALS F.GIRLS250G,2026,177386.94830000008
Breakfast & Spreads,Cereals,Flavored Cereals,Chocolate Cereals, مؤسسة قطاف الغذاء التجارية,Choquik,CHOQUIK CEREALS CHOCO 375G,2025,38132.45999999995
Breakfast & Spreads,Cereals,Flavored Cereals,Chocolate Cereals, مؤسسة قطاف الغذاء التجارية,Choquik,CHOQUIK CEREALS CHOCO 375G,2026,107.60869500000001
Breakfast & Spreads,Cereals,Flavored Cereals,Chocolate Cereals, مؤسسة قطاف الغذاء التجارية,Choquik,CHOQUIK CHOCOATE CHIP 375G,2025,36527.169999999955
Breakfast & Spreads,Cereals,Flavored Cereals,Chocolate Cereals, مؤسسة قطاف الغذاء التجارية,Choquik,CHOQUIK CHOCOATE CHIP 375G,2026,430.43478000000005
Breakfast & Spreads,Cereals,Flavored Cereals,Chocolate Cereals, مؤسسة قطاف الغذاء التجارية,Choquik,CHOQUIK CHOCOATE CRISPY 375G,2025,25435.24000000004
Breakfast & Spreads,Cereals,Flavored Cereals 1,Fruit Cereals 1, Riyadh Food Industries Co.(Spices),Unbranded,W:ASSORTED JELLY SWEETS,2026,183.87712900000002
Breakfast & Spreads,Cereals,Flavored Cereals 1,Chocolate Cereals 1, Riyadh Food Industries Co.(Spices),Unbranded,W:CHOCOLATE DELUXE,2026,1948.9858369999997
Breakfast & Spreads,Cereals,Flavored Cereals 1,Chocolate Cereals 1, Riyadh Food Industries Co.(Spices),Unbranded,W:CHOCOLATE MIX,2026,455.5391809999999
Breakfast & Spreads,Cereals,Flavored Cereals 1,Caramel Cereals 1, Riyadh Food Industries Co.(Spices),Unbranded,W:SWEET CARAMEL,2026,36.844469000000004
Breakfast & Spreads,Cereals,Flavored Cereals 1,Cocoa Cereals 1, Saudi Jordanian Industrial Co,Jordina,JORDINA CORN FLAKES CHOCLT250G,2026,6.521739
Breakfast & Spreads,Cereals,Flavored Cereals 1,Chocolate Cereals 1, شركة السهم لتوزيع الاغذية,Kelloggs,KELLOGGS CHOCO W/PISTACHO 320G,2026,11350.373626000011
Breakfast & Spreads,Cereals,Flavored Cereals 1,Chocolate Cereals 1, شركة السهم لتوزيع الاغذية,Kelloggs,KELLOGGS CHOCO W/PISTACHO 540G,2026,5440.817315000004
Breakfast & Spreads,Cereals,Flavored Cereals 1,Cocoa Cereals 1, شركة السهم لتوزيع الاغذية,Kelloggs,KELLOGGS COCO POPS 330G,2026,60817.02493800015
Breakfast & Spreads,Cereals,Flavored Cereals 1,Cocoa Cereals 1, شركة السهم لتوزيع الاغذية,Kelloggs,KELLOGGS COCO POPS 480G,2026,61331.92905199995
Breakfast & Spreads,Cereals,Flavored Cereals 1,Cocoa Cereals 1, شركة السهم لتوزيع الاغذية,Kelloggs,KELLOGGS COCO POPS CHOCOS 330G,2026,65839.76395500013
Breakfast & Spreads,Cereals,Flavored Cereals 1,Cocoa Cereals 1, شركة السهم لتوزيع الاغذية,Kelloggs,KELLOGGS COCO POPS CHOCOS 480G,2026,66490.16358199998
Breakfast & Spreads,Cereals,Flavored Cereals 1,Cocoa Cereals 1, شركة السهم لتوزيع الاغذية,Kelloggs,KELLOGGS COCO POPS CHOCOS 625G,2026,12482.269732999997
Breakfast & Spreads,Cereals,Flavored Cereals 1,Cocoa Cereals 1, شركة السهم لتوزيع الاغذية,Kelloggs,KELLOGGS COCO POPS FILLS 350G,2026,12200.860527
Breakfast & Spreads,Cereals,Flavored Cereals 1,Cocoa Cereals 1, شركة السهم لتوزيع الاغذية,Kelloggs,KELLOGGS COCO POPS JUMBOS 330G,2026,44454.68600800004
Breakfast & Spreads,Cereals,Flavored Cereals 1,Cocoa Cereals 1, شركة السهم لتوزيع الاغذية,Kelloggs,KELLOGGS COCO POPS JUMBOS 480G,2026,8125.5216230000015
Breakfast & Spreads,Cereals,Flavored Cereals 1,Cocoa Cereals 1, شركة السهم لتوزيع الاغذية,Kelloggs,KELLOGGS COCO POPS JUMBOS 625G,2026,14474.687172999998
Breakfast & Spreads,Cereals,Flavored Cereals 1,Fruit Cereals 1, شركة السهم لتوزيع الاغذية,Kelloggs,KELLOGGS FROOT LOOPS 375G,2026,24632.651922999994
Breakfast & Spreads,Cereals,Flavored Cereals 1,Chocolate Cereals 1, شركة باطوق التجارية,Poppins,POPPINS BOBO CHOC 375G,2026,32761.338375999956
Breakfast & Spreads,Cereals,Flavored Cereals 1,Chocolate Cereals 1, شركة باطوق التجارية,Poppins,POPPINS CHOCO BUMPS 375G,2026,28618.32098899991
Breakfast & Spreads,Cereals,Flavored Cereals 1,Chocolate Cereals 1, شركة باطوق التجارية,Poppins,POPPINS CHOCO BUMPS 750G,2026,25867.495141000007
Breakfast & Spreads,Cereals,Flavored Cereals 1,Chocolate Cereals 1, شركة باطوق التجارية,Poppins,POPPINS CHOCO POPS 750G,2026,28835.382037999967
Breakfast & Spreads,Cereals,Flavored Cereals 1,Cocoa Cereals 1, شركة باطوق التجارية,Poppins,POPPINS COCO BITS 375G,2026,24391.12264899998
Breakfast & Spreads,Cereals,Flavored Cereals 1,Cocoa Cereals 1, شركة باطوق التجارية,Poppins,POPPINS COCOBITS 750G,2026,18411.11269000003
Breakfast & Spreads,Cereals,Flavored Cereals 1,Chocolate Cereals 1, شركة خدمات اطلس  الدولية,Cuetara,CUETARA CHOCO FLAKES 350G,2026,5329.9997889999995
Breakfast & Spreads,Cereals,Flavored Cereals 1,Cocoa Cereals 1, شركة دار الممون التجارية,Vitabella,VITABELLA CHOCO CRISIES 340G,2026,12200.625814999992
Breakfast & Spreads,Cereals,Flavored Cereals 1,Cocoa Cereals 1, شركة دار الممون التجارية,Vitabella,VITABELLA CHOCO HAZELNUT 300G,2026,8810.669394999997
Breakfast & Spreads,Cereals,Flavored Cereals 1,Chocolate Cereals 1, شركة نابكو للتجارة والتوزيع,Delices,DELICES CAPT.CRUSTY CHOCO 375G,2026,36994.713371000034
Breakfast & Spreads,Cereals,Flavored Cereals 1,Honey Cereals 1, شركة نابكو للتجارة والتوزيع,Delices,DELICES CAPTAIN BUZZ HONY.375G,2026,11563.434884000017
Breakfast & Spreads,Cereals,Flavored Cereals 1,Chocolate Cereals 1, شركة نابكو للتجارة والتوزيع,Delices,DELICES CPTN CHOKKY CHOCO.375G,2026,33489.017699
Breakfast & Spreads,Cereals,Flavored Cereals 1,Chocolate Cereals 1, شركة نستله العربية السعودية,Country,COUNTRY CORNFLAKES CHOCO 375G,2026,16538.286409
Breakfast & Spreads,Cereals,Flavored Cereals 1,Chocolate Cereals 1, شركة نستله العربية السعودية,Kitkat,KITKAT CEREAL 330G,2026,31989.964870000025
Breakfast & Spreads,Cereals,Flavored Cereals 1,Chocolate Cereals 1, شركة نستله العربية السعودية,Nesquik,NESQUIK ALPHABET C.CEREAL 325G,2026,34896.521737999996
Breakfast & Spreads,Cereals,Flavored Cereals 1,Chocolate Cereals 1, شركة نستله العربية السعودية,Nesquik,NESQUIK CHOCO CEREALS 625G,2026,240032.17562699853
Breakfast & Spreads,Cereals,Flavored Cereals 1,Chocolate Cereals 1, شركة نستله العربية السعودية,Nesquik,NESQUIK CHOCOLATE CEREALS 950G,2026,64457.843069999886
Breakfast & Spreads,Cereals,Flavored Cereals 1,Chocolate Cereals 1, شركة نستله العربية السعودية,Nesquik,NESQUIK CHOCOLATY CEREAL 330G,2026,201422.3481410005
Breakfast & Spreads,Cereals,Flavored Cereals 1,Cocoa Cereals 1, شركة نستله العربية السعودية,Nestle,COCOA PUFFS 375G,2026,19963.44338099996
Breakfast & Spreads,Cereals,Flavored Cereals 1,Honey Cereals 1, شركة نستله العربية السعودية,Nestle,NESTLE CHEERIOS HONEY NUT375G.,2026,24679.982005999962
Breakfast & Spreads,Cereals,Flavored Cereals 1,Honey Cereals 1, شركة نستله العربية السعودية,Nestle,NESTLE CHEERIOS W/CEREAL 375G,2026,4631.791247999999
Breakfast & Spreads,Cereals,Flavored Cereals 1,Chocolate Cereals 1, شركة نستله العربية السعودية,Nestle,NESTLE CHOCAPIC 375G .,2026,80370.46783799985
Breakfast & Spreads,Cereals,Flavored Cereals 1,Chocolate Cereals 1, شركة نستله العربية السعودية,Nestle,NESTLE CHOCAPIC 645G .,2026,32254.39114299998
Breakfast & Spreads,Cereals,Flavored Cereals 1,Chocolate Cereals 1, شركة نستله العربية السعودية,Nestle,NESTLE CHOCAPIC CHOCO 6x25G,2026,1428.695563999999
Breakfast & Spreads,Cereals,Flavored Cereals 1,Chocolate Cereals 1, شركة نستله العربية السعودية,Nestle,NESTLE CHOCAPIC CHOCOLATE 25G,2026,2749.130135999998
Breakfast & Spreads,Cereals,Flavored Cereals 1,Chocolate Cereals 1, شركة نستله العربية السعودية,Nestle,NESTLE COKIE CRISP CEREAL 375G,2026,18059.034352000035
Breakfast & Spreads,Cereals,Flavored Cereals 1,Caramel Cereals 1, شركة نستله العربية السعودية,Nestle,NESTLE F.CRNY CARAML 6x23.5G,2026,4745.5650350000005
Breakfast & Spreads,Cereals,Flavored Cereals 1,Caramel Cereals 1, شركة نستله العربية السعودية,Nestle,NESTLE F.CRUNCHY CARAMEL 23.5G,2026,4947.82574800001
Breakfast & Spreads,Cereals,Flavored Cereals 1,Chocolate Cereals 1, شركة نستله العربية السعودية,Nestle,NESTLE FITNESS CHOCOLATE 141G,2026,9178.01709099999
Breakfast & Spreads,Cereals,Flavored Cereals 1,Chocolate Cereals 1, شركة نستله العربية السعودية,Nestle,NESTLE FITNESS CHOCOLATE 23.5G,2026,9064.121265000012
Breakfast & Spreads,Cereals,Flavored Cereals 1,Fruit Cereals 1, شركة نستله العربية السعودية,Nestle,NESTLE FITNESS FRUITS 375G,2026,9018.556323000006
Breakfast & Spreads,Cereals,Flavored Cereals 1,Honey Cereals 1, شركة نستله العربية السعودية,Nestle,NESTLE FITNESS HONEY&ALMO.355G,2026,25561.11260399996
Breakfast & Spreads,Cereals,Flavored Cereals 1,Fruit Cereals 1, شركة نستله العربية السعودية,Nestle,NESTLE FITNESS STRAWBBERY 141G,2026,3948.6956210000026
Breakfast & Spreads,Cereals,Flavored Cereals 1,Fruit Cereals 1, شركة نستله العربية السعودية,Nestle,NESTLE FITNESS STRAWBERY 23.5G,2026,3855.217123000008
Breakfast & Spreads,Cereals,Flavored Cereals 1,Chocolate Cereals 1, شركة نستله العربية السعودية,Nestle,NESTLE NESQUIK CALCM+VIT-D 25G,2026,6652.3739130000195
Breakfast & Spreads,Cereals,Flavored Cereals 1,Chocolate Cereals 1, شركة نستله العربية السعودية,Nestle,NESTLE NESQUIK CLCM+VIT-D 150G,2026,5030.869424999999
Breakfast & Spreads,Cereals,Flavored Cereals 1,Chocolate Cereals 1, شركة وفرة للصناعة والتنمية,Caprini,CAPRINI CHO.CRISPIES BOYS 250G,2026,28249.327564000043
Breakfast & Spreads,Cereals,Flavored Cereals 1,Chocolate Cereals 1, شركة وفرة للصناعة والتنمية,Caprini,CAPRINI CHO.CRISPIES GIRL 250G,2026,25930.858182000033
Breakfast & Spreads,Cereals,Flavored Cereals 1,Chocolate Cereals 1, شركة وفرة للصناعة والتنمية,Caprini,CAPRINI CHOCO BALS F.BOYS 250G.,2026,35806.718447
Breakfast & Spreads,Cereals,Flavored Cereals 1,Chocolate Cereals 1, شركة وفرة للصناعة والتنمية,Caprini,CAPRINI CHOCO BALS F.GIRLS250G,2026,23876.91082700006
Breakfast & Spreads,Cereals,Granola,Nutty Granola, الشركة المتطورة العالمية التجارية,Sante,SANTE FIT G.STRAWBRY CHRY 300G,2025,4551.507000000002
Breakfast & Spreads,Cereals,Granola,Nutty Granola, الشركة المتطورة العالمية التجارية,Sante,SANTE FIT G.STRAWBRY CHRY 300G,2026,34144.94667899994
Breakfast & Spreads,Cereals,Granola,Nutty Granola, الشركة المتطورة العالمية التجارية,Sante,SANTE FIT GRANOLA NUTS&COC300G,2025,945.5100000000004
Breakfast & Spreads,Cereals,Granola,Nutty Granola, الشركة المتطورة العالمية التجارية,Sante,SANTE FIT GRANOLA NUTS&COC300G,2026,61435.58980000003
Breakfast & Spreads,Cereals,Granola,Fruit & Berry Granola, الشركة المتطورة العالمية التجارية,Sante,SANTE GOLD G.BROWNIE CHRY 300G,2025,7994.55
Breakfast & Spreads,Cereals,Granola,Fruit & Berry Granola, الشركة المتطورة العالمية التجارية,Sante,SANTE GOLD G.BROWNIE CHRY 300G,2026,44921.180974999945
Breakfast & Spreads,Cereals,Granola,Nutty Granola, الشركة المتطورة العالمية التجارية,Sante,SANTE GOLD GR.NUTS&HONEY 300G,2025,8676.120000000003
Breakfast & Spreads,Cereals,Granola,Nutty Granola, الشركة المتطورة العالمية التجارية,Sante,SANTE GOLD GR.NUTS&HONEY 300G,2026,69184.99114900002
Breakfast & Spreads,Cereals,Granola,Fruit & Berry Granola, الشركة المتطورة العالمية التجارية,Sante,SANTE GRANOLA FRUIT 350G,2025,10334.517
Breakfast & Spreads,Cereals,Granola,Fruit & Berry Granola, الشركة المتطورة العالمية التجارية,Sante,SANTE GRANOLA FRUIT 350G,2026,27969.172976999962
Breakfast & Spreads,Cereals,Granola,Nutty Granola, الشركة المتطورة العالمية التجارية,Sante,SANTE T.MUESLI RAI.ALMONDS350G,2025,8748.593999999997
Breakfast & Spreads,Cereals,Granola,Nutty Granola, الشركة المتطورة العالمية التجارية,Sante,SANTE T.MUESLI RAI.ALMONDS350G,2026,40310.94754999995
Breakfast & Spreads,Cereals,Granola,Classic Granola, شركة السهم لتوزيع الاغذية,Kelloggs,KELLOGGS GRAN.CLASIC OATS 600G,2025,73005.725
Breakfast & Spreads,Cereals,Granola,Classic Granola, شركة السهم لتوزيع الاغذية,Kelloggs,KELLOGGS GRAN.CLASIC OATS 600G,2026,98779.13986199984
Breakfast & Spreads,Cereals,Granola,Fruit & Berry Granola, شركة السهم لتوزيع الاغذية,Kelloggs,KELLOGGS GRANOLA COCOA&ALM250G,2025,45336.87999999993
Breakfast & Spreads,Cereals,Granola,Fruit & Berry Granola, شركة السهم لتوزيع الاغذية,Kelloggs,KELLOGGS GRANOLA COCOA&ALM250G,2026,10273.086904000002
Breakfast & Spreads,Cereals,Granola,Fruit & Berry Granola, شركة السهم لتوزيع الاغذية,Kelloggs,KELLOGGS GRANOLA.CR.&CSHW 250G,2025,50158.719999999936
Breakfast & Spreads,Cereals,Granola,Fruit & Berry Granola, شركة السهم لتوزيع الاغذية,Kelloggs,KELLOGGS GRANOLA.CR.&CSHW 250G,2026,8533.991261000001
Breakfast & Spreads,Cereals,Granola,Fruit & Berry Granola, شركة السهم لتوزيع الاغذية,Kelloggs,KELLOGGS GRANOLA.DATES&AL.250G,2025,48157.28999999994
Breakfast & Spreads,Cereals,Granola,Fruit & Berry Granola, شركة السهم لتوزيع الاغذية,Kelloggs,KELLOGGS GRANOLA.DATES&AL.250G,2026,10288.025904
Breakfast & Spreads,Cereals,Granola,Fruit & Berry Granola, شركة سعيد محمد عبيد بن زقر وشركاه المحدودة,Hanaa,HANAA GR.BERRY400G+W.GRAIU450G,2026,41.721738
Breakfast & Spreads,Cereals,Granola,Nutty Granola, شركة سعيد محمد عبيد بن زقر وشركاه المحدودة,Hanaa,HANAA OATS GRANOLA N.DLGH.400G,2026,55434.78250000016
Breakfast & Spreads,Cereals,Granola,Fruit & Berry Granola, شركة سعيد محمد عبيد بن زقر وشركاه المحدودة,Hanaa,HANAA OATS GRANOLA T.FRTY.400G,2026,37518.26079599995
Breakfast & Spreads,Cereals,Granola,Fruit & Berry Granola, شركة سعيد محمد عبيد بن زقر وشركاه المحدودة,Hanaa,HANAA OATS GRANOLA V.BRRY.400G,2026,41709.13035300007
Breakfast & Spreads,Cereals,Granola,Fruit & Berry Granola, شركة نستله العربية السعودية,Nestle,NESTLE FITNESS GRANOLA HONEY 350G,2026,61321.164177999985
Breakfast & Spreads,Cereals,Granola,Fruit & Berry Granola, شركة نستله العربية السعودية,Nestle,NESTLE FITNESS GRANOLA HONEY 600G,2026,54105.365037
Breakfast & Spreads,Cereals,Granola 1,Nutty Granola 1, الشركة المتطورة العالمية التجارية,Sante,SANTE FIT G.STRAWBRY CHRY 300G,2026,7050.9127829999925
Breakfast & Spreads,Cereals,Granola 1,Nutty Granola 1, الشركة المتطورة العالمية التجارية,Sante,SANTE FIT GRANOLA NUTS&COC300G,2026,7188.747809000002
Breakfast & Spreads,Cereals,Granola 1,Fruit & Berry Granola 1, الشركة المتطورة العالمية التجارية,Sante,SANTE GOLD G.BROWNIE CHRY 300G,2026,12502.756030999986
Breakfast & Spreads,Cereals,Granola 1,Nutty Granola 1, الشركة المتطورة العالمية التجارية,Sante,SANTE GOLD GR.NUTS&HONEY 300G,2026,13366.39132499999
Breakfast & Spreads,Cereals,Granola 1,Fruit & Berry Granola 1, الشركة المتطورة العالمية التجارية,Sante,SANTE GRANOLA FRUIT 350G,2026,9334.460525999988
Breakfast & Spreads,Cereals,Granola 1,Nutty Granola 1, الشركة المتطورة العالمية التجارية,Sante,SANTE T.MUESLI RAI.ALMONDS350G,2026,2562.9391240000004
Breakfast & Spreads,Cereals,Granola 1,Classic Granola 1, شركة السهم لتوزيع الاغذية,Kelloggs,KELLOGGS GRAN.CLASIC OATS 600G,2026,14292.825962000004
Breakfast & Spreads,Cereals,Granola 1,Fruit & Berry Granola 1, شركة السهم لتوزيع الاغذية,Kelloggs,KELLOGGS GRANOLA COCOA&ALM250G,2026,43.043478
Breakfast & Spreads,Cereals,Granola 1,Nutty Granola 1, شركة سعيد محمد عبيد بن زقر وشركاه المحدودة,Hanaa,HANAA OATS GRANOLA N.DLGH.400G,2026,26409.147773999997
Breakfast & Spreads,Cereals,Granola 1,Fruit & Berry Granola 1, شركة سعيد محمد عبيد بن زقر وشركاه المحدودة,Hanaa,HANAA OATS GRANOLA T.FRTY.400G,2026,16652.60866299999
Breakfast & Spreads,Cereals,Granola 1,Fruit & Berry Granola 1, شركة سعيد محمد عبيد بن زقر وشركاه المحدودة,Hanaa,HANAA OATS GRANOLA V.BRRY.400G,2026,21153.913001999998
Breakfast & Spreads,Cereals,Granola 1,Fruit & Berry Granola 1, شركة نستله العربية السعودية,Nestle,NESTLE FITNESS GRANOLA HONEY 350G,2026,19218.599675999994
Breakfast & Spreads,Cereals,Granola 1,Fruit & Berry Granola 1, شركة نستله العربية السعودية,Nestle,NESTLE FITNESS GRANOLA HONEY 600G,2026,20265.060802000018
Breakfast & Spreads,Cereals,Oats Cereals,Crispy Oats Cereals, شركة اسماعيل علي أبوداود المحدودة,Quaker,QUAKER CRISPY OATS&HONEY 400G,2025,12976.17000000001
Breakfast & Spreads,Cereals,Oats Cereals,Crispy Oats Cereals, شركة اسماعيل علي أبوداود المحدودة,Quaker,QUAKER CRISPY OATS&HONEY 400G,2026,22.391304
Breakfast & Spreads,Cereals,Oats Cereals,Crispy Oats Cereals, شركة اسماعيل علي أبوداود المحدودة,Quaker,QUAKER CRISPY RAISN&ALMND 400G,2025,9527.300000000003
Breakfast & Spreads,Cereals,Oats Cereals,Crunchy Oats Cereals, شركة نستله العربية السعودية,Country,COUNTRY CRUNCHY OATS NEW 420G,2025,19.96
Breakfast & Spreads,Cereals,Oats Cereals,Fitness Cereal, شركة نستله العربية السعودية,Nestle, NESTLE FITNESS GRANOLA CRANBERRIES&PUMPKIN SEEDS 350G,2026,40122.54714299999
Breakfast & Spreads,Cereals,Oats Cereals,Fitness Oats Cereals, شركة نستله العربية السعودية,Nestle,NESTLE F.OATS GRNLA ALMND 450G,2025,215766.8700000001
Breakfast & Spreads,Cereals,Oats Cereals,Fitness Oats Cereals, شركة نستله العربية السعودية,Nestle,NESTLE F.OATS GRNLA ALMND 450G,2026,6332.739110000002
Breakfast & Spreads,Cereals,Oats Cereals,Fitness Cereal, شركة نستله العربية السعودية,Nestle,NESTLE FIT.CRANBERY&SEEDS 450G,2025,204223.3600000001
Breakfast & Spreads,Cereals,Oats Cereals,Fitness Cereal, شركة نستله العربية السعودية,Nestle,NESTLE FIT.CRANBERY&SEEDS 450G,2026,1293.4956479999998
Breakfast & Spreads,Cereals,Oats Cereals,Fitness Cereal, شركة نستله العربية السعودية,Nestle,NESTLE FITNESS GRANOLA CHOCOLATE 350G,2026,65611.45977399999
Breakfast & Spreads,Cereals,Oats Cereals,Fitness Cereal, شركة نستله العربية السعودية,Nestle,NESTLE FITNESS GRANOLA CHOCOLATE 600G,2026,49723.73026900002
Breakfast & Spreads,Cereals,Oats Cereals,Fitness Oats Cereals, شركة نستله العربية السعودية,Nestle,NESTLE FITNESS OATS&HONEY 450G,2025,120047.87000000005
Breakfast & Spreads,Cereals,Oats Cereals,Fitness Oats Cereals, شركة نستله العربية السعودية,Nestle,NESTLE FITNESS OATS&HONEY 450G,2026,1428.2347780000005
Breakfast & Spreads,Cereals,Oats Cereals 1,Fitness Cereal 1, شركة نستله العربية السعودية,Nestle, NESTLE FITNESS GRANOLA CRANBERRIES&PUMPKIN SEEDS 350G,2026,14513.686711999988
Breakfast & Spreads,Cereals,Oats Cereals 1,Fitness Cereal 1, شركة نستله العربية السعودية,Nestle,NESTLE FIT.CRANBERY&SEEDS 450G,2026,53.895652
Breakfast & Spreads,Cereals,Oats Cereals 1,Fitness Cereal 1, شركة نستله العربية السعودية,Nestle,NESTLE FITNESS GRANOLA CHOCOLATE 350G,2026,24229.460458999976
Breakfast & Spreads,Cereals,Oats Cereals 1,Fitness Cereal 1, شركة نستله العربية السعودية,Nestle,NESTLE FITNESS GRANOLA CHOCOLATE 600G,2026,17370.052116000017
Breakfast & Spreads,Cereals,Oats Cereals 1,Fitness Oats Cereals 1, شركة نستله العربية السعودية,Nestle,NESTLE FITNESS OATS&HONEY 450G,2026,646.747824
Breakfast & Spreads,Cereals,Plain Cereals,Corn Flakes, شركة السهم لتوزيع الاغذية,Kelloggs,KELLOGGS CORN FLAKES 1KG,2025,5702080.119000016
Breakfast & Spreads,Cereals,Plain Cereals,Corn Flakes, شركة السهم لتوزيع الاغذية,Kelloggs,KELLOGGS CORN FLAKES 1KG,2026,4080581.3347999933
Breakfast & Spreads,Cereals,Plain Cereals,Corn Flakes, شركة السهم لتوزيع الاغذية,Kelloggs,KELLOGGS CORNFLAKES 375G,2025,381564.54000000015
Breakfast & Spreads,Cereals,Plain Cereals,Corn Flakes, شركة السهم لتوزيع الاغذية,Kelloggs,KELLOGGS CORNFLAKES 375G,2026,411595.2620210007
Breakfast & Spreads,Cereals,Plain Cereals,Corn Flakes, شركة السهم لتوزيع الاغذية,Kelloggs,KELLOGGS CORNFLAKES 450G,2025,632070.0440000003
Breakfast & Spreads,Cereals,Plain Cereals,Corn Flakes, شركة السهم لتوزيع الاغذية,Kelloggs,KELLOGGS CORNFLAKES 450G,2026,261099.304347
Breakfast & Spreads,Cereals,Plain Cereals,Corn Flakes, شركة السهم لتوزيع الاغذية,Kelloggs,KELLOGGS CORNFLAKES 500G,2025,945704.0239999976
Breakfast & Spreads,Cereals,Plain Cereals,Corn Flakes, شركة السهم لتوزيع الاغذية,Kelloggs,KELLOGGS CORNFLAKES 500G,2026,804662.9655329997
Breakfast & Spreads,Cereals,Plain Cereals,Corn Flakes, شركة السهم لتوزيع الاغذية,Kelloggs,KELLOGGS CORNFLAKES 720G,2025,320171.22999999905
Breakfast & Spreads,Cereals,Plain Cereals,Corn Flakes, شركة السهم لتوزيع الاغذية,Kelloggs,KELLOGGS CORNFLAKES 720G,2026,349647.83889100037
Breakfast & Spreads,Cereals,Plain Cereals,Corn Flakes, شركة السهم لتوزيع الاغذية,Kelloggs,KELLOGGS CORNFLAKES 750G,2025,3546826.213999996
Breakfast & Spreads,Cereals,Plain Cereals,Corn Flakes, شركة السهم لتوزيع الاغذية,Kelloggs,KELLOGGS CORNFLAKES 750G,2026,2794637.5513919913
Breakfast & Spreads,Cereals,Plain Cereals,Frosted Corn Flakes, شركة السهم لتوزيع الاغذية,Kelloggs,KELLOGGS FROSTIES 470G,2025,258296.55800000002
Breakfast & Spreads,Cereals,Plain Cereals,Frosted Corn Flakes, شركة السهم لتوزيع الاغذية,Kelloggs,KELLOGGS FROSTIES 470G,2026,257542.3628909994
Breakfast & Spreads,Cereals,Plain Cereals,Corn Flakes, شركة باطوق التجارية,Poppins,POPPINS CORN FLICK FLAKES 1K,2025,192.78000000000003
Breakfast & Spreads,Cereals,Plain Cereals,Corn Flakes, شركة باطوق التجارية,Poppins,POPPINS CORN FLICK FLAKES 1K,2026,57344.73769900003
Breakfast & Spreads,Cereals,Plain Cereals,Corn Flakes, شركة باطوق التجارية,Poppins,POPPINS FLAKES 750G,2026,43295.36485900005
Breakfast & Spreads,Cereals,Plain Cereals,Corn Flakes, شركة باطوق التجارية,Poppins,POPPINS FLICK FLAKES 375G,2025,12538.479999999978
Breakfast & Spreads,Cereals,Plain Cereals,Corn Flakes, شركة باطوق التجارية,Poppins,POPPINS FLICK FLAKES 375G,2026,14229.791066999991
Breakfast & Spreads,Cereals,Plain Cereals,Corn Flakes, شركة دار الممون التجارية,Vitabella,VITABELLA CORN FLAKES 300G,2025,5749.071999999997
Breakfast & Spreads,Cereals,Plain Cereals,Corn Flakes, شركة دار الممون التجارية,Vitabella,VITABELLA CORN FLAKES 300G,2026,64126.62666499988
Breakfast & Spreads,Cereals,Plain Cereals,Corn Flakes, شركة دار الممون التجارية,Vitabella,VITABELLA M.TIGRIN FLAKES 340G,2025,10314.010000000002
Breakfast & Spreads,Cereals,Plain Cereals,Corn Flakes, شركة دار الممون التجارية,Vitabella,VITABELLA M.TIGRIN FLAKES 340G,2026,68137.19874699997
Breakfast & Spreads,Cereals,Plain Cereals,Frosted Corn Flakes, شركة نابكو للتجارة والتوزيع,Delices,DELICES C.FROST CORN FLAK.375G,2025,91744.24999999984
Breakfast & Spreads,Cereals,Plain Cereals,Frosted Corn Flakes, شركة نابكو للتجارة والتوزيع,Delices,DELICES C.FROST CORN FLAK.375G,2026,48915.73157800003
Breakfast & Spreads,Cereals,Plain Cereals,Corn Flakes, شركة نابكو للتجارة والتوزيع,Delices,DELICES CORN FLAKES ORGNL.750G,2025,161557.59000000008
Breakfast & Spreads,Cereals,Plain Cereals,Corn Flakes, شركة نابكو للتجارة والتوزيع,Delices,DELICES CORN FLAKES ORGNL.750G,2026,91214.53050000014
Breakfast & Spreads,Cereals,Plain Cereals,Corn Flakes, شركة نابكو للتجارة والتوزيع,Delices,DELICES CORN FLAKES ORIG. 375G,2025,141950.82100000005
Breakfast & Spreads,Cereals,Plain Cereals,Corn Flakes, شركة نابكو للتجارة والتوزيع,Delices,DELICES CORN FLAKES ORIG. 375G,2026,105968.67021199976
Breakfast & Spreads,Cereals,Plain Cereals,Corn Flakes, شركة نابكو للتجارة والتوزيع,Delices,DELICES CORN FLAKES ORIGNL 1KG,2025,130028.56100000013
Breakfast & Spreads,Cereals,Plain Cereals,Corn Flakes, شركة نابكو للتجارة والتوزيع,Delices,DELICES CORN FLAKES ORIGNL 1KG,2026,101112.964203
Breakfast & Spreads,Cereals,Plain Cereals,Corn Flakes, شركة نستله العربية السعودية,Country,COUNTRY CORNFLAKES 1000G,2025,4054175.0309999986
Breakfast & Spreads,Cereals,Plain Cereals,Corn Flakes, شركة نستله العربية السعودية,Country,COUNTRY CORNFLAKES 1000G,2026,3003831.776394001
Breakfast & Spreads,Cereals,Plain Cereals,Corn Flakes, شركة نستله العربية السعودية,Country,COUNTRY CORNFLAKES 20G,2026,26158.710493999995
Breakfast & Spreads,Cereals,Plain Cereals,Corn Flakes, شركة نستله العربية السعودية,Country,COUNTRY CORNFLAKES 375G,2025,675453.4920000015
Breakfast & Spreads,Cereals,Plain Cereals,Corn Flakes, شركة نستله العربية السعودية,Country,COUNTRY CORNFLAKES 375G,2026,580919.3832460019
Breakfast & Spreads,Cereals,Plain Cereals,Corn Flakes, شركة نستله العربية السعودية,Country,COUNTRY CORNFLAKES 500G,2025,78524.61000000009
Breakfast & Spreads,Cereals,Plain Cereals,Corn Flakes, شركة نستله العربية السعودية,Country,COUNTRY CORNFLAKES 500G.,2025,1294800.4860000024
Breakfast & Spreads,Cereals,Plain Cereals,Corn Flakes, شركة نستله العربية السعودية,Country,COUNTRY CORNFLAKES 500G.,2026,1123958.9177150007
Breakfast & Spreads,Cereals,Plain Cereals,Corn Flakes, شركة نستله العربية السعودية,Country,COUNTRY CORNFLAKES 700G,2025,2739891.0250000027
Breakfast & Spreads,Cereals,Plain Cereals,Corn Flakes, شركة نستله العربية السعودية,Country,COUNTRY CORNFLAKES 700G,2026,1995011.2761940064
Breakfast & Spreads,Cereals,Plain Cereals,Corn Flakes, شركة نستله العربية السعودية,Nestle,NESTLE FITNESS CEREAL LF 375G,2025,448716.8429999994
Breakfast & Spreads,Cereals,Plain Cereals,Corn Flakes, شركة نستله العربية السعودية,Nestle,NESTLE FITNESS CEREAL LF 375G,2026,316417.2771770011
Breakfast & Spreads,Cereals,Plain Cereals,Corn Flakes, شركة وفرة للصناعة والتنمية,Caprini,CAPRINI CORNFLAKES 250G,2025,192059.05800000022
Breakfast & Spreads,Cereals,Plain Cereals,Corn Flakes, شركة وفرة للصناعة والتنمية,Caprini,CAPRINI CORNFLAKES 250G,2026,132669.64446500005
Breakfast & Spreads,Cereals,Plain Cereals,Corn Flakes, مؤسسة قطاف الغذاء التجارية,Qetaf,QETAF.CORN FLAKES 375G,2025,20967.199999999997
Breakfast & Spreads,Cereals,Plain Cereals,Corn Flakes, مؤسسة قطاف الغذاء التجارية,Qetaf,QETAF.CORN FLAKES 375G,2026,966.5217000000001
Breakfast & Spreads,Cereals,Plain Cereals 1,Corn Flakes 1, شركة السهم لتوزيع الاغذية,Kelloggs,KELLOGGS CORN FLAKES 1KG,2026,1091417.200045
Breakfast & Spreads,Cereals,Plain Cereals 1,Corn Flakes 1, شركة السهم لتوزيع الاغذية,Kelloggs,KELLOGGS CORNFLAKES 375G,2026,49075.64230099991
Breakfast & Spreads,Cereals,Plain Cereals 1,Corn Flakes 1, شركة السهم لتوزيع الاغذية,Kelloggs,KELLOGGS CORNFLAKES 450G,2026,45600
Breakfast & Spreads,Cereals,Plain Cereals 1,Corn Flakes 1, شركة السهم لتوزيع الاغذية,Kelloggs,KELLOGGS CORNFLAKES 500G,2026,153839.17508599962
Breakfast & Spreads,Cereals,Plain Cereals 1,Corn Flakes 1, شركة السهم لتوزيع الاغذية,Kelloggs,KELLOGGS CORNFLAKES 720G,2026,50620.8856500001
Breakfast & Spreads,Cereals,Plain Cereals 1,Corn Flakes 1, شركة السهم لتوزيع الاغذية,Kelloggs,KELLOGGS CORNFLAKES 750G,2026,575600.5806589997
Breakfast & Spreads,Cereals,Plain Cereals 1,Frosted Corn Flakes 1, شركة السهم لتوزيع الاغذية,Kelloggs,KELLOGGS FROSTIES 470G,2026,46856.65212200005
Breakfast & Spreads,Cereals,Plain Cereals 1,Corn Flakes 1, شركة باطوق التجارية,Poppins,POPPINS CORN FLICK FLAKES 1K,2026,8717.956451999999
Breakfast & Spreads,Cereals,Plain Cereals 1,Corn Flakes 1, شركة باطوق التجارية,Poppins,POPPINS FLAKES 750G,2026,10143.808820000006
Breakfast & Spreads,Cereals,Plain Cereals 1,Corn Flakes 1, شركة باطوق التجارية,Poppins,POPPINS FLICK FLAKES 375G,2026,2898.260852000002
Breakfast & Spreads,Cereals,Plain Cereals 1,Corn Flakes 1, شركة دار الممون التجارية,Vitabella,VITABELLA CORN FLAKES 300G,2026,13630.338543000033
Breakfast & Spreads,Cereals,Plain Cereals 1,Corn Flakes 1, شركة دار الممون التجارية,Vitabella,VITABELLA M.TIGRIN FLAKES 340G,2026,15309.460553999994
Breakfast & Spreads,Cereals,Plain Cereals 1,Frosted Corn Flakes 1, شركة نابكو للتجارة والتوزيع,Delices,DELICES C.FROST CORN FLAK.375G,2026,10352.982736000004
Breakfast & Spreads,Cereals,Plain Cereals 1,Corn Flakes 1, شركة نابكو للتجارة والتوزيع,Delices,DELICES CORN FLAKES ORGNL.750G,2026,21878.999314999994
Breakfast & Spreads,Cereals,Plain Cereals 1,Corn Flakes 1, شركة نابكو للتجارة والتوزيع,Delices,DELICES CORN FLAKES ORIG. 375G,2026,23028.15585700002
Breakfast & Spreads,Cereals,Plain Cereals 1,Corn Flakes 1, شركة نابكو للتجارة والتوزيع,Delices,DELICES CORN FLAKES ORIGNL 1KG,2026,34461.04294400006
Breakfast & Spreads,Cereals,Plain Cereals 1,Corn Flakes 1, شركة نستله العربية السعودية,Country,COUNTRY CORNFLAKES 1000G,2026,839923.5481219993
Breakfast & Spreads,Cereals,Plain Cereals 1,Corn Flakes 1, شركة نستله العربية السعودية,Country,COUNTRY CORNFLAKES 20G,2026,2958.9127259999996
Breakfast & Spreads,Cereals,Plain Cereals 1,Corn Flakes 1, شركة نستله العربية السعودية,Country,COUNTRY CORNFLAKES 375G,2026,85132.33498299983
Breakfast & Spreads,Cereals,Plain Cereals 1,Corn Flakes 1, شركة نستله العربية السعودية,Country,COUNTRY CORNFLAKES 500G.,2026,93405.33826599982
Breakfast & Spreads,Cereals,Plain Cereals 1,Corn Flakes 1, شركة نستله العربية السعودية,Country,COUNTRY CORNFLAKES 700G,2026,835841.4681730003
Breakfast & Spreads,Cereals,Plain Cereals 1,Corn Flakes 1, شركة نستله العربية السعودية,Nestle,NESTLE FITNESS CEREAL LF 375G,2026,44762.33888199985
Breakfast & Spreads,Cereals,Plain Cereals 1,Corn Flakes 1, شركة وفرة للصناعة والتنمية,Caprini,CAPRINI CORNFLAKES 250G,2026,26352.61887899995
Breakfast & Spreads,Cereals,Plain Cereals 1,Corn Flakes 1, مؤسسة قطاف الغذاء التجارية,Qetaf,QETAF.CORN FLAKES 375G,2026,84.78260499999999
Breakfast & Spreads,Creams,Plain Cream 1,Plain Analogue Cream 1, Aryad For trading Company,Revony,REVONY ANALOGUE CREAM 155G.,2026,3.043478
Breakfast & Spreads,Creams,Plain Cream 1,Plain Analogue Cream 1, Aryad For trading Company,Revony,REVONY ANALOGUE CREAM 170G.,2026,3.460869
Breakfast & Spreads,Creams,Plain Cream 1,Plain Analogue Cream 1, الشركة السعودية لمنتجات الالبان والأغذية,Saudia,SAUDIA ANALOGUE CREAM 155G,2026,730.434742
Breakfast & Spreads,Creams,Plain Cream 1,Plain Dairy Cream 1, الشركة الوطنية للصناعات الغذائية المحدودة,Luna,LUNA CREAM CAN 155G,2026,109375.5291769997
Breakfast & Spreads,Creams,Plain Cream 1,Plain Analogue Cream 1, الشركة الوطنية للصناعات الغذائية المحدودة,Luna,LUNA CREAM CAN W/VEG.OIL 155G,2026,24662.29564999994
Breakfast & Spreads,Creams,Plain Cream 1,Plain Analogue Cream 1, الشركة الوطنية للصناعات الغذائية المحدودة,Luna,LUNA CREAM W/VEG.OIL 4X155G,2026,10422.686307
Breakfast & Spreads,Creams,Plain Cream 1,Plain Analogue Cream 1, الشركةالوطنية للتنمية الزراعية نادك,Nadec,NADEC ANALOGUE CREAM 5+1 155G,2026,49736.42577999995
Breakfast & Spreads,Creams,Plain Cream 1,Plain Analogue Cream 1, الشركةالوطنية للتنمية الزراعية نادك,Nadec,NADEC ANALOGUE CREAM CAN 170G,2026,24703.90392199999
Breakfast & Spreads,Creams,Plain Cream 1,Plain Analogue Cream 1, ش /السعودية الكويتية للموادالغذائية,Kdd,KDD ANALOGUE CREAM170G.,2026,11417.460669000015
Breakfast & Spreads,Creams,Plain Cream 1,Plain Analogue Cream 1, شركة  الخير للتجارة المحدودة,Hala,HALA ANALOGUE GOLDEN CREAM155G,2026,40316.99951999984
Breakfast & Spreads,Creams,Plain Cream 1,Plain Analogue Cream 1, شركة أبار واولاده الغذائية المحدودة,Freshco,FRESHCO FILLED ANOG CREAM 170G,2026,21765.84402299999
Breakfast & Spreads,Creams,Plain Cream 1,Plain Analogue Cream 1, شركة آرلا للأغذية المحدودة,Puck,PUCK ANALOGUE CREAM 160G,2026,1792330.8377989938
Breakfast & Spreads,Creams,Plain Cream 1,Plain Analogue Cream 1, شركة آرلا للأغذية المحدودة,Puck,PUCK ANALOGUE CREAM 6x160G,2026,303826.9431219999
Breakfast & Spreads,Creams,Plain Cream 1,Plain Dairy Cream 1, شركة آرلا للأغذية المحدودة,Puck,PUCK CREAM 160G,2026,47167.17275700015
Breakfast & Spreads,Creams,Plain Cream 1,Plain Analogue Cream 1, شركة آرلا للأغذية المحدودة,Puck,PUCK PURE&NATURAL HLF CRM160G.,2026,1098.2608100000002
Breakfast & Spreads,Creams,Plain Cream 1,Plain Analogue Cream 1, شركة المراعي,Almarai,ALMARAI A.REAM 6x170G SO .,2026,424653.501622
Breakfast & Spreads,Creams,Plain Cream 1,Plain Analogue Cream 1, شركة المراعي,Almarai,ALMARAI ANALOGUE CREAM 170G,2026,1020192.3478980005
Breakfast & Spreads,Creams,Plain Cream 1,Plain Analogue Cream 1, شركة المصداقية التجارية,Countryside Taste,COUNTRYSIDE TASTE ANALOGUE CREAM 160G,2026,7969.947860000002
Breakfast & Spreads,Creams,Plain Cream 1,Plain Analogue Cream 1, شركة المنجم للاغذية,Dari,DARI CREAM QASHTA 170G,2026,2817.3912500000015
Breakfast & Spreads,Creams,Plain Cream 1,Plain Analogue Cream 1, شركة النافع للاغذية,Altaie,ALTAIE ANALOGUE CREAM 160G,2026,50072.426400000026
Breakfast & Spreads,Creams,Plain Cream 1,Plain Analogue Cream 1, شركة سعيد محمد عبيد بن زقر وشركاه المحدودة,Anchor,ANCHOR ANALOGUE CREAM 155G,2026,3878.2606820000024
Breakfast & Spreads,Creams,Plain Cream 1,Plain Analogue Cream 1, شركة محمود نشار وشركاه - النشار التجارية,Alsafeer,ALSAFEER A.CREAM PLAIN 170G,2026,136671.44606200012
Breakfast & Spreads,Creams,Plain Cream 1,Plain Dairy Cream 1, شركة محمود نشار وشركاه - النشار التجارية,Golden Crown,GOLDEN CROWN CREAM 155G,2026,327154.3826329993
Breakfast & Spreads,Creams,Plain Cream 1,Plain Dairy Cream 1, شركة محمود نشار وشركاه - النشار التجارية,Golden Crown,GOLDEN CROWN CREAM 274G,2026,18423.260026999982
Breakfast & Spreads,Creams,Plain Cream 1,Plain Dairy Cream 1, شركة محمود نشار وشركاه - النشار التجارية,Golden Crown,GOLDEN CROWN CREAM 95G,2026,1187708.4902170028
Canned & Jarred Foods,Canned Vegetables,Canned Tomatoes,Mashed Tomato, Al Barakeh Food Industries Llc,222 Albarakeh,222 ALBARAKEH TOMATO PURE 135G,2025,90614.22000000004
Canned & Jarred Foods,Canned Vegetables,Canned Tomatoes,Mashed Tomato, Al Barakeh Food Industries Llc,222 Albarakeh,222 ALBARAKEH TOMATO PURE 135G,2026,106001.37101400008
Canned & Jarred Foods,Canned Vegetables,Canned Tomatoes,Peeled Tomato, شركة أبار واولاده الغذائية المحدودة,Freshco,FRESHCO PEELED TOMATO 400G,2025,989061.0730000002
Canned & Jarred Foods,Canned Vegetables,Canned Tomatoes,Peeled Tomato, شركة أبار واولاده الغذائية المحدودة,Freshco,FRESHCO PEELED TOMATO 400G,2026,748866.3035860008
Canned & Jarred Foods,Canned Vegetables,Canned Tomatoes,Peeled Tomato, شركة المصداقية التجارية,Del Monte,DEL MONTE C.PELED TOMATOES400G,2026,43849.29287299994
Canned & Jarred Foods,Canned Vegetables,Canned Tomatoes,Peeled Tomato, شركة النافع للاغذية,Altaie,ALTAIE CHOPPED TOMATO 400G,2025,309101.7430000002
Canned & Jarred Foods,Canned Vegetables,Canned Tomatoes,Peeled Tomato, شركة النافع للاغذية,Altaie,ALTAIE CHOPPED TOMATO 400G,2026,196457.7850020003
Canned & Jarred Foods,Canned Vegetables,Canned Tomatoes,Peeled Tomato, شركة النافع للاغذية,Altaie,ALTAIE PEELED TOMATO 400G,2025,551180.4459999996
Canned & Jarred Foods,Canned Vegetables,Canned Tomatoes,Peeled Tomato, شركة النافع للاغذية,Altaie,ALTAIE PEELED TOMATO 400G,2026,324866.96746999974
Canned & Jarred Foods,Canned Vegetables,Canned Tomatoes,Peeled Tomato, شركة باسمح للتوزيع التجاري,Goody,GOODY PEELED TOMATOES 400G,2025,64848.215999999986
Canned & Jarred Foods,Canned Vegetables,Canned Tomatoes,Peeled Tomato, شركة باسمح للتوزيع التجاري,Goody,GOODY PEELED TOMATOES 400G,2026,77702.62167200033
Canned & Jarred Foods,Canned Vegetables,Canned Tomatoes,Mashed Tomato, شركة باسمح للتوزيع التجاري,Goody,GOODY SIEVED TOMATOES 700G,2025,76243.96599999997
Canned & Jarred Foods,Canned Vegetables,Canned Tomatoes,Mashed Tomato, شركة باسمح للتوزيع التجاري,Goody,GOODY SIEVED TOMATOES 700G,2026,116197.10042400012
Canned & Jarred Foods,Canned Vegetables,Canned Tomatoes,Mashed Tomato, شركة باسمح للتوزيع التجاري,Libbys,LIBBY'S TOMATOES CHOPPED 400G,2026,9198.043892000003
Canned & Jarred Foods,Canned Vegetables,Canned Tomatoes,Peeled Tomato, شركة باسمح للتوزيع التجاري,Libbys,LIBBY'S TOMATOES CHOPPED 400G,2026,1968.0435140000004
Canned & Jarred Foods,Canned Vegetables,Canned Tomatoes,Peeled Tomato, شركة باسمح للتوزيع التجاري,Libbys,LIBBY'S WHOLE TOMATOES PEELED 400G,2026,14065.435350999995
Canned & Jarred Foods,Canned Vegetables,Canned Tomatoes,Peeled Tomato, شركة تموين الشرق للتجارة شركة مساهمة مقفلة,Freshly,FRESHLY PEELED TOMATO 390G,2025,197511.62199999965
Canned & Jarred Foods,Canned Vegetables,Canned Tomatoes,Peeled Tomato, شركة تموين الشرق للتجارة شركة مساهمة مقفلة,Freshly,FRESHLY PEELED TOMATO 390G,2026,167685.4253379999
Canned & Jarred Foods,Canned Vegetables,Canned Tomatoes,Sundried Tomatoes, شركة تموين الشرق للتجارة شركة مساهمة مقفلة,Freshly,FRESHLY SUN-DRIED TOMATO HALVES WITH ITALIAN HERBS 280G,2026,2587.8259290000005
Canned & Jarred Foods,Canned Vegetables,Canned Tomatoes,Sundried Tomatoes, شركة تموين الشرق للتجارة شركة مساهمة مقفلة,Freshly,FRESHLY SUN-DRIED TOMATO PASTE 290G,2026,1363.4781640000003
Canned & Jarred Foods,Canned Vegetables,Canned Tomatoes,Sundried Tomatoes, شركة تموين الشرق للتجارة شركة مساهمة مقفلة,Freshly,FRESHLY SUN-DRIED TOMATO STRIPS 280G,2026,2614.782451
Canned & Jarred Foods,Canned Vegetables,Canned Tomatoes,Sundried Tomatoes, شركة تموين الشرق للتجارة شركة مساهمة مقفلة,Orient Garden,ORIENT GARDENS S.TMT.BRSCH195G,2025,124299.4900000002
Canned & Jarred Foods,Canned Vegetables,Canned Tomatoes,Sundried Tomatoes, شركة تموين الشرق للتجارة شركة مساهمة مقفلة,Orient Garden,ORIENT GARDENS S.TMT.BRSCH195G,2026,127095.65058400006
Canned & Jarred Foods,Canned Vegetables,Canned Tomatoes,Sundried Tomatoes, شركة تموين الشرق للتجارة شركة مساهمة مقفلة,Orient Garden,ORIENT GARDENS S.TMT.PESTO195G,2025,118209
Canned & Jarred Foods,Canned Vegetables,Canned Tomatoes,Sundried Tomatoes, شركة تموين الشرق للتجارة شركة مساهمة مقفلة,Orient Garden,ORIENT GARDENS S.TMT.PESTO195G,2026,126450.421071
Canned & Jarred Foods,Canned Vegetables,Canned Tomatoes,Mashed Tomato, شركة سعيد محمد عبيد بن زقر وشركاه المحدودة,Hanaa,HANAA CHOPPED TOMATOES 400G.,2026,13633.694879999992
Canned & Jarred Foods,Canned Vegetables,Canned Tomatoes,Peeled Tomato, شركة سعيد محمد عبيد بن زقر وشركاه المحدودة,Hanaa,HANAA PEELED TOMATO 400G .,2026,16336.955215000044
Canned & Jarred Foods,Soups,Dry Soup Mixes,Chicken Soups, شركة الغذاء النقي المحدودة,Noor,NOOR CHICKEN NOODLE SOUP 60G,2026,22313.08572599999
Canned & Jarred Foods,Soups,Dry Soup Mixes,Chicken Soups, شركة الغذاء النقي المحدودة,Noor,NOOR CHICKEN NOODLE&GINGER SOUP 60G,2026,21064.11166999999
Canned & Jarred Foods,Soups,Dry Soup Mixes,Lentil Soups, شركة الغذاء النقي المحدودة,Noor,NOOR CLASSIC LENTIL SOUP 80G,2026,28073.658931000016
Canned & Jarred Foods,Soups,Dry Soup Mixes,Mushroom Soups, شركة الغذاء النقي المحدودة,Noor,NOOR CREAMY MUSHROOM SOUP 80G,2026,3718.9910049999994
Canned & Jarred Foods,Soups,Dry Soup Mixes,Vegetable Soups, شركة الغذاء النقي المحدودة,Noor,NOOR SPRING VEGETABLE NOODLE SOUP 60G,2026,4409.634513000001
Canned & Jarred Foods,Soups,Dry Soup Mixes,Vegetable Soups, شركة نستله العربية السعودية,Maggi,MAGGI 11 VEGETABLES SOUP 53G,2025,204034.41700000007
Canned & Jarred Foods,Soups,Dry Soup Mixes,Vegetable Soups, شركة نستله العربية السعودية,Maggi,MAGGI 11 VEGETABLES SOUP 53G,2026,226092.3039860001
Canned & Jarred Foods,Soups,Dry Soup Mixes,Bechamel Soups, شركة نستله العربية السعودية,Maggi,MAGGI CHEESY BECHAMEL 80G,2025,220155.1949999998
Canned & Jarred Foods,Soups,Dry Soup Mixes,Bechamel Soups, شركة نستله العربية السعودية,Maggi,MAGGI CHEESY BECHAMEL 80G,2026,224152.29415400047
Canned & Jarred Foods,Soups,Dry Soup Mixes,Chicken Soups, شركة نستله العربية السعودية,Maggi,MAGGI EXCEL.CHKN CORN SOUP 47G,2025,28063.44
Canned & Jarred Foods,Soups,Dry Soup Mixes,Chicken Soups, شركة نستله العربية السعودية,Maggi,MAGGI EXCEL.CHKN CORN SOUP 47G,2026,288.686943
Canned & Jarred Foods,Soups,Dry Soup Mixes,Mushroom Soups, شركة نستله العربية السعودية,Maggi,MAGGI EXCELL.MUSHROOM SOUP 54G,2025,34122.28999999999
Canned & Jarred Foods,Soups,Dry Soup Mixes,Mushroom Soups, شركة نستله العربية السعودية,Maggi,MAGGI EXCELL.MUSHROOM SOUP 54G,2026,110345.56180699996
Canned & Jarred Foods,Soups,Dry Soup Mixes,Chicken Soups, شركة نستله العربية السعودية,Maggi,MAGI CHICKEN NOODLE SOUP 60G,2025,3855949.3030000017
Canned & Jarred Foods,Soups,Dry Soup Mixes,Chicken Soups, شركة نستله العربية السعودية,Maggi,MAGI CHICKEN NOODLE SOUP 60G,2026,2952453.099522005
Canned & Jarred Foods,Soups,Dry Soup Mixes,Chicken Soups, شركة نستله العربية السعودية,Maggi,MAGI CHICKEN WITH ABC SOUP 66G,2025,260282.22600000008
Canned & Jarred Foods,Soups,Dry Soup Mixes,Chicken Soups, شركة نستله العربية السعودية,Maggi,MAGI CHICKEN WITH ABC SOUP 66G,2026,273460.6503119992
Canned & Jarred Foods,Soups,Dry Soup Mixes,Mushroom Soups, شركة نستله العربية السعودية,Maggi,MAGI CRAM MUSHROOM SOUP 68G,2025,730912.7200000004
Canned & Jarred Foods,Soups,Dry Soup Mixes,Mushroom Soups, شركة نستله العربية السعودية,Maggi,MAGI CRAM MUSHROOM SOUP 68G,2026,551260.0305020005
Canned & Jarred Foods,Soups,Dry Soup Mixes,Chicken Soups, شركة نستله العربية السعودية,Maggi,MAGI CREAM CHKEN SOUP 71G,2025,508256.3390000006
Canned & Jarred Foods,Soups,Dry Soup Mixes,Chicken Soups, شركة نستله العربية السعودية,Maggi,MAGI CREAM CHKEN SOUP 71G,2026,458965.3418290003
Canned & Jarred Foods,Soups,Dry Soup Mixes,Lentil Soups, شركة نستله العربية السعودية,Maggi,MAGI LENTIL SOUP 84G,2025,197763.2290000003
Canned & Jarred Foods,Soups,Dry Soup Mixes,Lentil Soups, شركة نستله العربية السعودية,Maggi,MAGI LENTIL SOUP 84G,2026,225509.5476140007
Canned & Jarred Foods,Soups,Dry Soup Mixes,Vegetable Soups, شركة نستله العربية السعودية,Maggi,MAGI SPRING SEASON SOUP 59G,2025,458775.34599999996
Canned & Jarred Foods,Soups,Dry Soup Mixes,Vegetable Soups, شركة نستله العربية السعودية,Maggi,MAGI SPRING SEASON SOUP 59G,2026,387563.1786459996
Cold Beverages,Ready To Drink Teas & Coffees,Ready To Drink Coffee,Caramel Coffee Drink, Riyadh Food Industries Co.(Spices),My Mix,MY MIX CARAMEL ICE COFFEE 180ML,2026,52.173912
Cold Beverages,Ready To Drink Teas & Coffees,Ready To Drink Coffee,Mocha Coffee Drink, Riyadh Food Industries Co.(Spices),My Mix,MY MIX MOCHA ICE COFFEE 180ML,2026,39.13043400000001
Cold Beverages,Ready To Drink Teas & Coffees,Ready To Drink Coffee,Original Coffee Drink, Riyadh Food Industries Co.(Spices),My Mix,MY MIX ORIGINAL ICE COFFEE 180ML,2026,69.565216
Cold Beverages,Ready To Drink Teas & Coffees,Ready To Drink Coffee,Latte Coffee Drink, الشركة السعودية لمنتجات الالبان والأغذية,Saudia,SAUDIA COFFEE LATTE 250ML,2026,31.252172
Cold Beverages,Ready To Drink Teas & Coffees,Ready To Drink Coffee,Macchiato Coffee Drink, الشركة السعودية لمنتجات الالبان والأغذية,Saudia,SAUDIA MACCHIATO CARAMEL 250ML,2026,15.626086
Cold Beverages,Ready To Drink Teas & Coffees,Ready To Drink Coffee,Cappuccino Coffee Drink, الشركة الوطنية للصناعات الغذائية المحدودة,Luna,LUNA CAPPU ICE COFFEE 240ML,2025,32733.939999999944
Cold Beverages,Ready To Drink Teas & Coffees,Ready To Drink Coffee,Cappuccino Coffee Drink, الشركة الوطنية للصناعات الغذائية المحدودة,Luna,LUNA CAPPU ICE COFFEE 240ML,2026,36299.319310999985
Cold Beverages,Ready To Drink Teas & Coffees,Ready To Drink Coffee,Caramel Coffee Drink, الشركة الوطنية للصناعات الغذائية المحدودة,Luna,LUNA ICE COFE PROTN.CARMEL240M,2025,22239.839999999946
Cold Beverages,Ready To Drink Teas & Coffees,Ready To Drink Coffee,Caramel Coffee Drink, الشركة الوطنية للصناعات الغذائية المحدودة,Luna,LUNA ICE COFE PROTN.CARMEL240M,2026,15497.337673999971
Cold Beverages,Ready To Drink Teas & Coffees,Ready To Drink Coffee,Espresso Coffee Drink, الشركة الوطنية للصناعات الغذائية المحدودة,Luna,LUNA ICE COFE PROTN.ESPRSO240M,2025,27361.379999999906
Cold Beverages,Ready To Drink Teas & Coffees,Ready To Drink Coffee,Espresso Coffee Drink, الشركة الوطنية للصناعات الغذائية المحدودة,Luna,LUNA ICE COFE PROTN.ESPRSO240M,2026,17877.459333999977
Cold Beverages,Ready To Drink Teas & Coffees,Ready To Drink Coffee,Caramel Coffee Drink, الشركة الوطنية للصناعات الغذائية المحدودة,Luna,LUNA ICE COFFEE CARAMEL 240ML,2025,40601.43999999989
Cold Beverages,Ready To Drink Teas & Coffees,Ready To Drink Coffee,Caramel Coffee Drink, الشركة الوطنية للصناعات الغذائية المحدودة,Luna,LUNA ICE COFFEE CARAMEL 240ML,2026,41920.08400999992
Cold Beverages,Ready To Drink Teas & Coffees,Ready To Drink Coffee,Mocha Coffee Drink, الشركة الوطنية للصناعات الغذائية المحدودة,Luna,LUNA MOCHA ICE COFFE 240ML 3+1,2025,32367.369999999915
Cold Beverages,Ready To Drink Teas & Coffees,Ready To Drink Coffee,Mocha Coffee Drink, الشركة الوطنية للصناعات الغذائية المحدودة,Luna,LUNA MOCHA ICE COFFE 240ML 3+1,2026,14006.086128000003
Cold Beverages,Ready To Drink Teas & Coffees,Ready To Drink Coffee,Mocha Coffee Drink, الشركة الوطنية للصناعات الغذائية المحدودة,Luna,LUNA MOCHA ICE COFFEE 240ML,2025,63594.75
Cold Beverages,Ready To Drink Teas & Coffees,Ready To Drink Coffee,Mocha Coffee Drink, الشركة الوطنية للصناعات الغذائية المحدودة,Luna,LUNA MOCHA ICE COFFEE 240ML,2026,67516.65632000001
Cold Beverages,Ready To Drink Teas & Coffees,Ready To Drink Coffee,Original Coffee Drink, الشركة الوطنية للصناعات الغذائية المحدودة,Luna,LUNA ORIGINAL ICE COFFEE 240ML,2025,59486.90999999993
Cold Beverages,Ready To Drink Teas & Coffees,Ready To Drink Coffee,Original Coffee Drink, الشركة الوطنية للصناعات الغذائية المحدودة,Luna,LUNA ORIGINAL ICE COFFEE 240ML,2026,60948.71767799996
Cold Beverages,Ready To Drink Teas & Coffees,Ready To Drink Coffee,Original Coffee Drink, الشركة الوطنية للصناعات الغذائية المحدودة,Luna,LUNA ORIGNAL ICE COFE 240M 3+1,2025,30199.45999999993
Cold Beverages,Ready To Drink Teas & Coffees,Ready To Drink Coffee,Original Coffee Drink, الشركة الوطنية للصناعات الغذائية المحدودة,Luna,LUNA ORIGNAL ICE COFE 240M 3+1,2026,13864.999170000003
Cold Beverages,Ready To Drink Teas & Coffees,Ready To Drink Coffee,Latte Coffee Drink, الشركة الوطنية للصناعات الغذائية المحدودة,Luna,LUNA SPAN.LAT ICE COFFEE 240ML,2025,43428.58999999988
Cold Beverages,Ready To Drink Teas & Coffees,Ready To Drink Coffee,Latte Coffee Drink, الشركة الوطنية للصناعات الغذائية المحدودة,Luna,LUNA SPAN.LAT ICE COFFEE 240ML,2026,48942.59674599995
Cold Beverages,Ready To Drink Teas & Coffees,Ready To Drink Coffee,Mocha Coffee Drink, الشركة الوطنية للصناعات الغذائية المحدودة,Luna,LUNA W.MOCHA ICE COFFEE 240ML,2025,28998.37999999996
Cold Beverages,Ready To Drink Teas & Coffees,Ready To Drink Coffee,Mocha Coffee Drink, الشركة الوطنية للصناعات الغذائية المحدودة,Luna,LUNA W.MOCHA ICE COFFEE 240ML,2026,29277.667689000005
Cold Beverages,Ready To Drink Teas & Coffees,Ready To Drink Coffee,Cappuccino Coffee Drink, شركة آرلا للأغذية المحدودة,Starbucks,STARBUCKS CAPUINO COFF 220ML,2025,108120.347
Cold Beverages,Ready To Drink Teas & Coffees,Ready To Drink Coffee,Cappuccino Coffee Drink, شركة آرلا للأغذية المحدودة,Starbucks,STARBUCKS CAPUINO COFF 220ML,2026,114720.14434099892
Cold Beverages,Ready To Drink Teas & Coffees,Ready To Drink Coffee,Cappuccino Coffee Drink, شركة آرلا للأغذية المحدودة,Starbucks,STARBUCKS D.CARAML COFFE.220ML,2025,111316.18700000003
Cold Beverages,Ready To Drink Teas & Coffees,Ready To Drink Coffee,Cappuccino Coffee Drink, شركة آرلا للأغذية المحدودة,Starbucks,STARBUCKS D.CARAML COFFE.220ML,2026,126233.89199299923
Cold Beverages,Ready To Drink Teas & Coffees,Ready To Drink Coffee,Mocha Coffee Drink, شركة آرلا للأغذية المحدودة,Starbucks,STARBUCKS D.MOCHA COFFEE.220ML,2025,101508.62100000004
Cold Beverages,Ready To Drink Teas & Coffees,Ready To Drink Coffee,Mocha Coffee Drink, شركة آرلا للأغذية المحدودة,Starbucks,STARBUCKS D.MOCHA COFFEE.220ML,2026,120023.80521299913
Cold Beverages,Ready To Drink Teas & Coffees,Ready To Drink Coffee,Latte Coffee Drink, شركة آرلا للأغذية المحدودة,Starbucks,STARBUCKS DIS.LATE COFFE.220ML,2025,119873.4030000001
Cold Beverages,Ready To Drink Teas & Coffees,Ready To Drink Coffee,Latte Coffee Drink, شركة آرلا للأغذية المحدودة,Starbucks,STARBUCKS DIS.LATE COFFE.220ML,2026,120575.42255899926
Cold Beverages,Ready To Drink Teas & Coffees,Ready To Drink Coffee,Espresso Coffee Drink, شركة آرلا للأغذية المحدودة,Starbucks,STARBUCKS DOUBLSHOT COFFE 200M,2025,72710.52100000018
Cold Beverages,Ready To Drink Teas & Coffees,Ready To Drink Coffee,Espresso Coffee Drink, شركة آرلا للأغذية المحدودة,Starbucks,STARBUCKS DOUBLSHOT COFFE 200M,2026,85074.7800049997
Cold Beverages,Ready To Drink Teas & Coffees,Ready To Drink Coffee,Espresso Coffee Drink, شركة آرلا للأغذية المحدودة,Starbucks,STARBUCKS DOUBLSHT ESPRSO 200M,2025,71230.03800000015
Cold Beverages,Ready To Drink Teas & Coffees,Ready To Drink Coffee,Espresso Coffee Drink, شركة آرلا للأغذية المحدودة,Starbucks,STARBUCKS DOUBLSHT ESPRSO 200M,2026,64492.04173700006
Cold Beverages,Ready To Drink Teas & Coffees,Ready To Drink Coffee,Frappuccino Coffee Drink, شركة آرلا للأغذية المحدودة,Starbucks,STARBUCKS F.MOCHA CHOCOA.250ML,2025,94907.35300000026
Cold Beverages,Ready To Drink Teas & Coffees,Ready To Drink Coffee,Frappuccino Coffee Drink, شركة آرلا للأغذية المحدودة,Starbucks,STARBUCKS F.MOCHA CHOCOA.250ML,2026,117391.62886199942
Cold Beverages,Ready To Drink Teas & Coffees,Ready To Drink Coffee,Frappuccino Coffee Drink, شركة آرلا للأغذية المحدودة,Starbucks,STARBUCKS FRA.COKIES&CRM 250ML,2025,72860.75400000016
Cold Beverages,Ready To Drink Teas & Coffees,Ready To Drink Coffee,Frappuccino Coffee Drink, شركة آرلا للأغذية المحدودة,Starbucks,STARBUCKS FRA.COKIES&CRM 250ML,2026,29397.28529600007
Cold Beverages,Ready To Drink Teas & Coffees,Ready To Drink Coffee,Frappuccino Coffee Drink, شركة آرلا للأغذية المحدودة,Starbucks,STARBUCKS FRAPPUCCINO 250ML,2026,35508.27655100004
Cold Beverages,Ready To Drink Teas & Coffees,Ready To Drink Coffee,Frappuccino Coffee Drink, شركة آرلا للأغذية المحدودة,Starbucks,STARBUCKS FRAPPUCNO COFF.250ML,2025,82367.54100000017
Cold Beverages,Ready To Drink Teas & Coffees,Ready To Drink Coffee,Frappuccino Coffee Drink, شركة آرلا للأغذية المحدودة,Starbucks,STARBUCKS FRAPPUCNO COFF.250ML,2026,121922.66385199933
Cold Beverages,Ready To Drink Teas & Coffees,Ready To Drink Coffee,Frappuccino Coffee Drink, شركة آرلا للأغذية المحدودة,Starbucks,STARBUCKS FRAPUCINO VNLA 250ML,2025,100141.38200000026
Cold Beverages,Ready To Drink Teas & Coffees,Ready To Drink Coffee,Frappuccino Coffee Drink, شركة آرلا للأغذية المحدودة,Starbucks,STARBUCKS FRAPUCINO VNLA 250ML,2026,100310.19506799933
Cold Beverages,Ready To Drink Teas & Coffees,Ready To Drink Coffee,Frappuccino Coffee Drink, شركة آرلا للأغذية المحدودة,Starbucks,STARBUCKS FRAPUCNO CARMEL250ML,2025,98186.30600000019
Cold Beverages,Ready To Drink Teas & Coffees,Ready To Drink Coffee,Frappuccino Coffee Drink, شركة آرلا للأغذية المحدودة,Starbucks,STARBUCKS FRAPUCNO CARMEL250ML,2026,116736.50721199917
Cold Beverages,Ready To Drink Teas & Coffees,Ready To Drink Coffee,Espresso Coffee Drink, شركة آرلا للأغذية المحدودة,Starbucks,STARBUCKS TRPLSHOT ESPRS 300ML,2025,102162.65000000029
Cold Beverages,Ready To Drink Teas & Coffees,Ready To Drink Coffee,Espresso Coffee Drink, شركة آرلا للأغذية المحدودة,Starbucks,STARBUCKS TRPLSHOT ESPRS 300ML,2026,82795.20779899957
Cold Beverages,Ready To Drink Teas & Coffees,Ready To Drink Coffee,Macchiato Coffee Drink, شركة السهم لتوزيع الاغذية,Bonny,BONNY ICED COFE L.MCHITO 250ML,2025,33469.72399999992
Cold Beverages,Ready To Drink Teas & Coffees,Ready To Drink Coffee,Macchiato Coffee Drink, شركة السهم لتوزيع الاغذية,Bonny,BONNY ICED COFE L.MCHITO 250ML,2026,23502.885658999992
Cold Beverages,Ready To Drink Teas & Coffees,Ready To Drink Coffee,Mocha Coffee Drink, شركة السهم لتوزيع الاغذية,Bonny,BONNY ICED COFFEE MOCHA 250ML,2025,33542.17999999994
Cold Beverages,Ready To Drink Teas & Coffees,Ready To Drink Coffee,Mocha Coffee Drink, شركة السهم لتوزيع الاغذية,Bonny,BONNY ICED COFFEE MOCHA 250ML,2026,18715.43388399999
Cold Beverages,Ready To Drink Teas & Coffees,Ready To Drink Coffee,Cappuccino Coffee Drink, شركة الصافي دانون المحدودة,Dunkin,DUNKIN COFFEE CAPPUCINO 180ML,2026,3718.6344440000007
Cold Beverages,Ready To Drink Teas & Coffees,Ready To Drink Coffee,Caramel Coffee Drink, شركة الصافي دانون المحدودة,Dunkin,DUNKIN COFFEE CARAMEL LATTE 180ML,2026,3293.399695
Cold Beverages,Ready To Drink Teas & Coffees,Ready To Drink Coffee,Original Coffee Drink, شركة الصافي دانون المحدودة,Dunkin,DUNKIN COFFEE ORIGINAL LATTE 180ML,2026,3714.2953169999987
Cold Beverages,Ready To Drink Teas & Coffees,Ready To Drink Coffee,Caramel Coffee Drink, شركة الصافي دانون المحدودة,Dunkin,DUNKIN P.COFFEE CARAMEL 300ML,2025,86552.48400000003
Cold Beverages,Ready To Drink Teas & Coffees,Ready To Drink Coffee,Caramel Coffee Drink, شركة الصافي دانون المحدودة,Dunkin,DUNKIN P.COFFEE CARAMEL 300ML,2026,44893.65130999981
Cold Beverages,Ready To Drink Teas & Coffees,Ready To Drink Coffee,Cappuccino Coffee Drink, شركة الصافي دانون المحدودة,Dunkin,DUNKIN P.COFFEE CPPUCINO 300ML,2025,93987.64300000003
Cold Beverages,Ready To Drink Teas & Coffees,Ready To Drink Coffee,Cappuccino Coffee Drink, شركة الصافي دانون المحدودة,Dunkin,DUNKIN P.COFFEE CPPUCINO 300ML,2026,57073.912003999765
Cold Beverages,Ready To Drink Teas & Coffees,Ready To Drink Coffee,Original Coffee Drink, شركة الصافي دانون المحدودة,Dunkin,DUNKIN P.COFFEE ORIGINAL 300ML,2025,85077.293
Cold Beverages,Ready To Drink Teas & Coffees,Ready To Drink Coffee,Original Coffee Drink, شركة الصافي دانون المحدودة,Dunkin,DUNKIN P.COFFEE ORIGINAL 300ML,2026,47989.47735499985
Cold Beverages,Ready To Drink Teas & Coffees,Ready To Drink Coffee,French Coffee Drink, شركة الصافي دانون المحدودة,Dunkin,DUNKIN P/C FRNCH VANILLA 300ML,2025,55257.22200000002
Cold Beverages,Ready To Drink Teas & Coffees,Ready To Drink Coffee,French Coffee Drink, شركة الصافي دانون المحدودة,Dunkin,DUNKIN P/C FRNCH VANILLA 300ML,2026,38490.77318599998
Cold Beverages,Ready To Drink Teas & Coffees,Ready To Drink Coffee,Mocha Coffee Drink, شركة الصافي دانون المحدودة,Dunkin,DUNKIN PREMIU COFFE MOCHA300ML,2025,29.442999999999998
Cold Beverages,Ready To Drink Teas & Coffees,Ready To Drink Coffee,Mocha Coffee Drink, شركة الصافي دانون المحدودة,Dunkin,DUNKIN PREMIU COFFE MOCHA300ML,2026,34.782608
Cold Beverages,Ready To Drink Teas & Coffees,Ready To Drink Coffee,Latte Coffee Drink, شركة المراعي,One,ONE BEAN COFE SPANH LATTE250ML,2025,36.22
Cold Beverages,Ready To Drink Teas & Coffees,Ready To Drink Coffee,Latte Coffee Drink, شركة المراعي,One,ONE BEAN COFE SPANH LATTE250ML,2026,5.208695
Cold Beverages,Ready To Drink Teas & Coffees,Ready To Drink Coffee,Cappuccino Coffee Drink, شركة نستله العربية السعودية,Nescafe,NESCAFE ICE C.CAPPUCCINO 225ML,2025,101103.38399999996
Cold Beverages,Ready To Drink Teas & Coffees,Ready To Drink Coffee,Cappuccino Coffee Drink, شركة نستله العربية السعودية,Nescafe,NESCAFE ICE C.CAPPUCCINO 225ML,2026,89550.38362999995
Cold Beverages,Ready To Drink Teas & Coffees,Ready To Drink Coffee,Original Coffee Drink, شركة نستله العربية السعودية,Nescafe,NESCAFE ICE COFFEE INTENSO 225ML,2026,32511.06893300003
Cold Beverages,Ready To Drink Teas & Coffees,Ready To Drink Coffee,Mocha Coffee Drink, شركة نستله العربية السعودية,Nescafe,NESCAFE ICE COFFEE MOCHA 225ML,2025,83572.75100000012
Cold Beverages,Ready To Drink Teas & Coffees,Ready To Drink Coffee,Mocha Coffee Drink, شركة نستله العربية السعودية,Nescafe,NESCAFE ICE COFFEE MOCHA 225ML,2026,65287.27903300001
Cold Beverages,Ready To Drink Teas & Coffees,Ready To Drink Coffee,Original Coffee Drink, شركة نستله العربية السعودية,Nescafe,NESCAFE ICE MOCHA 25G,2026,143.13043100000002
Cold Beverages,Ready To Drink Teas & Coffees,Ready To Drink Coffee,Latte Coffee Drink, شركة نستله العربية السعودية,Nescafe,NESCAFE SPANISH LATTE 225ML,2025,107242.14100000018
Cold Beverages,Ready To Drink Teas & Coffees,Ready To Drink Coffee,Latte Coffee Drink, شركة نستله العربية السعودية,Nescafe,NESCAFE SPANISH LATTE 225ML,2026,85274.2358169998
Cold Beverages,Ready To Drink Teas & Coffees,Ready To Drink Coffee,Mocha Coffee Drink, شركةالعثمان للانتاج والتصنيع الزراعي,Nada,NADA ICED COFFEE MOCHA 250ML,2026,31.269565
Condiments & Sauces,Cooking Sauces & Pastes,Cooking Mixes,Broast Mix, شركة اسناد المحدودة,Esnad,ESNAD ALBAIT BROAST MIX 240G.,2026,12265.000007999994
Condiments & Sauces,Cooking Sauces & Pastes,Cooking Mixes,Biryani Mixes, شركة اسناد المحدودة,Esnad,ESNAD BIRYANI MIX 200G,2026,46.086956
Condiments & Sauces,Cooking Sauces & Pastes,Cooking Mixes,Butter Chicken Mixes, شركة اسناد المحدودة,Esnad,ESNAD BUTTER CHICKEN MIX 200G,2026,207.391302
Condiments & Sauces,Cooking Sauces & Pastes,Cooking Mixes,Coating Mix, شركة اسناد المحدودة,Esnad,ESNAD CRISPY COATING MIX 227G,2026,10681.034018000017
Condiments & Sauces,Cooking Sauces & Pastes,Cooking Mixes,Coating Mix, شركة اسناد المحدودة,Esnad,ESNAD CRLSPY COATLNG MIX 227G,2026,14884.990040999988
Condiments & Sauces,Cooking Sauces & Pastes,Cooking Mixes,Kabsa Mixes, شركة اسناد المحدودة,Esnad,ESNAD KABSA MIX 200G,2026,334.99129999999997
Condiments & Sauces,Cooking Sauces & Pastes,Cooking Mixes,Butter Chicken Mixes, شركة باسمح للتوزيع التجاري,Goody,GOODY BUTTER.CHICK C.SAUCE350G,2025,229172.88499999995
Condiments & Sauces,Cooking Sauces & Pastes,Cooking Mixes,Butter Chicken Mixes, شركة باسمح للتوزيع التجاري,Goody,GOODY BUTTER.CHICK C.SAUCE350G,2026,297092.01072100014
Condiments & Sauces,Cooking Sauces & Pastes,Cooking Mixes,Tikka Masala Mixes, شركة باسمح للتوزيع التجاري,Goody,GOODY TIKKA MASALA C.SAUCE350G,2025,236128.8420000001
Condiments & Sauces,Cooking Sauces & Pastes,Cooking Mixes,Tikka Masala Mixes, شركة باسمح للتوزيع التجاري,Goody,GOODY TIKKA MASALA C.SAUCE350G,2026,253591.92434200013
Condiments & Sauces,Cooking Sauces & Pastes,Cooking Mixes,Kabsa Mixes, شركة ديار الغدير المحدودة,First Choice,FIRST CHOICE BIRYANI GRAVY200G,2025,49015.30000000008
Condiments & Sauces,Cooking Sauces & Pastes,Cooking Mixes,Kabsa Mixes, شركة ديار الغدير المحدودة,First Choice,FIRST CHOICE BIRYANI GRAVY200G,2026,1613.0434599999999
Condiments & Sauces,Cooking Sauces & Pastes,Cooking Mixes,Tikka Masala, شركة ديار الغدير المحدودة,First Choice,FIRST CHOICE KABSA GRAVY 200G,2025,47336.403000000064
Condiments & Sauces,Cooking Sauces & Pastes,Cooking Mixes,Tikka Masala, شركة ديار الغدير المحدودة,First Choice,FIRST CHOICE KABSA GRAVY 200G,2026,2062.391281
Condiments & Sauces,Cooking Sauces & Pastes,Cooking Mixes,Onion Gravy, شركة ديار الغدير المحدودة,First Choice,FIRST CHOICE R.ONION GRAVY200G,2025,66689.75700000007
Condiments & Sauces,Cooking Sauces & Pastes,Cooking Mixes,Onion Gravy, شركة ديار الغدير المحدودة,First Choice,FIRST CHOICE R.ONION GRAVY200G,2026,1371.086941
Condiments & Sauces,Cooking Sauces & Pastes,Cooking Mixes,Biryani Mixes, شركة ديار الغدير المحدودة,First Choice,FIRST CHOICE S.BIRYAN GRAY200G,2025,16730.11200000001
Condiments & Sauces,Cooking Sauces & Pastes,Cooking Mixes,Biryani Mixes, شركة ديار الغدير المحدودة,First Choice,FIRST CHOICE S.BIRYAN GRAY200G,2026,391.739126
Condiments & Sauces,Cooking Sauces & Pastes,Cooking Mixes,Biryani Mixes, شركة ديار الغدير المحدودة,First Choice,FIRST CHOICE S.KABS GRAVY 200G,2025,16353.494000000002
Condiments & Sauces,Cooking Sauces & Pastes,Cooking Mixes,Biryani Mixes, شركة ديار الغدير المحدودة,First Choice,FIRST CHOICE S.KABS GRAVY 200G,2026,702.8260789999999
Condiments & Sauces,Cooking Sauces & Pastes,Cooking Mixes,Onion Gravy, شركة ديار الغدير المحدودة,First Choice,FIRST CHOICE SAYADEYA GRAY200G,2025,28395.785000000007
Condiments & Sauces,Cooking Sauces & Pastes,Cooking Mixes,Onion Gravy, شركة ديار الغدير المحدودة,First Choice,FIRST CHOICE SAYADEYA GRAY200G,2026,1947.173891
Condiments & Sauces,Cooking Sauces & Pastes,Cooking Mixes,Biryani Mixes, شركة ديار الغدير المحدودة,First Choice,FIRST CHOICE TIKKA MASALA 200G,2025,156210.78500000027
Condiments & Sauces,Cooking Sauces & Pastes,Cooking Mixes,Biryani Mixes, شركة ديار الغدير المحدودة,First Choice,FIRST CHOICE TIKKA MASALA 200G,2026,599.130428
Condiments & Sauces,Cooking Sauces & Pastes,Cooking Mixes,Biryani Mixes, شركة ميار للاغذية,Alwalimah,ALWALIMAH BIRYNI MIX MILD 300G,2025,260084.87400000048
Condiments & Sauces,Cooking Sauces & Pastes,Cooking Mixes,Biryani Mixes, شركة ميار للاغذية,Alwalimah,ALWALIMAH BIRYNI MIX MILD 300G,2026,276898.2341960002
Condiments & Sauces,Cooking Sauces & Pastes,Cooking Mixes,Biryani Mixes, شركة ميار للاغذية,Alwalimah,ALWALIMAH BIRYNI MIX SPCY 300G,2025,121086.91200000023
Condiments & Sauces,Cooking Sauces & Pastes,Cooking Mixes,Biryani Mixes, شركة ميار للاغذية,Alwalimah,ALWALIMAH BIRYNI MIX SPCY 300G,2026,120420.74677799986
Condiments & Sauces,Cooking Sauces & Pastes,Cooking Mixes,Kabsa Mixes, شركة ميار للاغذية,Alwalimah,ALWALIMAH KABSA MIX SAUCE 300G,2025,418522.7780000004
Condiments & Sauces,Cooking Sauces & Pastes,Cooking Mixes,Kabsa Mixes, شركة ميار للاغذية,Alwalimah,ALWALIMAH KABSA MIX SAUCE 300G,2026,419673.51741700026
Condiments & Sauces,Cooking Sauces & Pastes,Cooking Mixes,Mandi Mixes, شركة ميار للاغذية,Alwalimah,ALWALIMAH MANDI MIX SAUCE 300G,2025,96283.9789999999
Condiments & Sauces,Cooking Sauces & Pastes,Cooking Mixes,Mandi Mixes, شركة ميار للاغذية,Alwalimah,ALWALIMAH MANDI MIX SAUCE 300G,2026,94837.20210399982
Condiments & Sauces,Cooking Sauces & Pastes,Cooking Mixes,Bukhari Mixes, شركة ميار للاغذية,Alwalimah,ALWALIMAH S.BUKHARI MIX 300G,2025,180661.52799999987
Condiments & Sauces,Cooking Sauces & Pastes,Cooking Mixes,Bukhari Mixes, شركة ميار للاغذية,Alwalimah,ALWALIMAH S.BUKHARI MIX 300G,2026,155860.8988710001
Condiments & Sauces,Cooking Sauces & Pastes,Cooking Mixes,Masala Mixes, شركة ميار للاغذية,Alwalimah,ALWALIMAH STYL MASALA MIX 300G,2025,125324.41900000026
Condiments & Sauces,Cooking Sauces & Pastes,Cooking Mixes,Masala Mixes, شركة ميار للاغذية,Alwalimah,ALWALIMAH STYL MASALA MIX 300G,2026,106493.37022299995
Condiments & Sauces,Cooking Sauces & Pastes,Cooking Mixes,Chicken Mixes, شركة نستله العربية السعودية,Maggi,MAGGI AIR FRYER GARLIC& HARBS MIX  65G,2026,43086.51635799993
Condiments & Sauces,Cooking Sauces & Pastes,Cooking Mixes,Coating Mix, شركة نستله العربية السعودية,Maggi,MAGGI AIR FRYER HOT BUFFALO MIX 65G,2026,20282.171358999974
Condiments & Sauces,Cooking Sauces & Pastes,Cooking Mixes,Chicken Mixes, شركة نستله العربية السعودية,Maggi,MAGGI AIR FRYER KOREAN MIX  65G,2026,22029.99708799998
Condiments & Sauces,Cooking Sauces & Pastes,Cooking Mixes,Biryani Mixes, شركة نستله العربية السعودية,Maggi,MAGGI BIRYANI MIX 350G,2025,37016.08299999996
Condiments & Sauces,Cooking Sauces & Pastes,Cooking Mixes,Biryani Mixes, شركة نستله العربية السعودية,Maggi,MAGGI BIRYANI MIX 350G,2026,11815.19118799999
Condiments & Sauces,Cooking Sauces & Pastes,Cooking Mixes,Chicken Mixes, شركة نستله العربية السعودية,Maggi,MAGGI BUTTER CHICKEN MIX 340G,2025,4585.459999999999
Condiments & Sauces,Cooking Sauces & Pastes,Cooking Mixes,Chicken Mixes, شركة نستله العربية السعودية,Maggi,MAGGI BUTTER CHICKEN MIX 340G.,2025,30091.620000000046
Condiments & Sauces,Cooking Sauces & Pastes,Cooking Mixes,Chicken Mixes, شركة نستله العربية السعودية,Maggi,MAGGI BUTTER CHICKEN MIX 340G.,2026,84717.57200800026
Condiments & Sauces,Cooking Sauces & Pastes,Cooking Mixes,Kabsa Mixes, شركة نستله العربية السعودية,Maggi,MAGGI CHICKEN KABSA MIX 37G,2025,29.35
Condiments & Sauces,Cooking Sauces & Pastes,Cooking Mixes,Coconut Milk Mixes, شركة نستله العربية السعودية,Maggi,MAGGI COCOUNT MILK P.MIX 150G,2025,5488.82
Condiments & Sauces,Cooking Sauces & Pastes,Cooking Mixes,Coconut Milk Mixes, شركة نستله العربية السعودية,Maggi,MAGGI COCOUNT MILK P.MIX 150G,2026,12.826086
Condiments & Sauces,Cooking Sauces & Pastes,Cooking Mixes,Coating Mix, شركة نستله العربية السعودية,Maggi,MAGGI FAJITA MIX AIR FRAYER 65G.,2026,35689.77796199996
Condiments & Sauces,Cooking Sauces & Pastes,Cooking Mixes,Chicken Mixes, شركة نستله العربية السعودية,Maggi,MAGGI JUICY CH.CORIANDER 34G,2025,93517.17200000011
Condiments & Sauces,Cooking Sauces & Pastes,Cooking Mixes,Chicken Mixes, شركة نستله العربية السعودية,Maggi,MAGGI JUICY CH.CORIANDER 34G,2026,63715.09559100012
Condiments & Sauces,Cooking Sauces & Pastes,Cooking Mixes,Kabsa Mixes, شركة نستله العربية السعودية,Maggi,MAGGI KABSA MIX 350G,2025,114366.58800000002
Condiments & Sauces,Cooking Sauces & Pastes,Cooking Mixes,Kabsa Mixes, شركة نستله العربية السعودية,Maggi,MAGGI KABSA MIX 350G,2026,86119.17814899994
Condiments & Sauces,Cooking Sauces & Pastes,Cooking Mixes,Mandi Mixes, شركة نستله العربية السعودية,Maggi,MAGGI MANDI MIX 350G,2025,33060.49099999999
Condiments & Sauces,Cooking Sauces & Pastes,Cooking Mixes,Mandi Mixes, شركة نستله العربية السعودية,Maggi,MAGGI MANDI MIX 350G,2026,6231.087027
Condiments & Sauces,Cooking Sauces & Pastes,Cooking Pastes,Tomato Paste, Al Barakeh Food Industries Llc,222 Albarakeh,222 ALBARAKEH TOMATO PURE 135G,2026,22493.207608999957
Condiments & Sauces,Cooking Sauces & Pastes,Cooking Pastes,Pepper Paste, ALDurra For General Trading Co. Ltd,Durra,DURRA PEPPER PASTE 650G,2025,31002.79
Condiments & Sauces,Cooking Sauces & Pastes,Cooking Pastes,Pepper Paste, ALDurra For General Trading Co. Ltd,Durra,DURRA PEPPER PASTE 650G,2026,269.678258
Condiments & Sauces,Cooking Sauces & Pastes,Cooking Pastes,Tomato Paste, ALDurra For General Trading Co. Ltd,Durra,DURRA TOMATO PASTE 800G,2025,2731.129999999999
Condiments & Sauces,Cooking Sauces & Pastes,Cooking Pastes,Tomato Paste, ALDurra For General Trading Co. Ltd,Durra,DURRA TOMATO PASTE 800G.,2025,29169.560000000063
Condiments & Sauces,Cooking Sauces & Pastes,Cooking Pastes,Tomato Paste, ALDurra For General Trading Co. Ltd,Durra,DURRA TOMATO PASTE 800G.,2026,175.426066
Condiments & Sauces,Cooking Sauces & Pastes,Cooking Pastes,Tomato Paste, Sultan Gida San.ve,Altad,ALTAD TOMATO PASTE IN TIN 400G,2025,10127.729999999996
Condiments & Sauces,Cooking Sauces & Pastes,Cooking Pastes,Tomato Paste, Sultan Gida San.ve,Altad,ALTAD TOMATO PASTE IN TIN 400G,2026,4402.408427999995
Condiments & Sauces,Cooking Sauces & Pastes,Cooking Pastes,Tomato Paste, Sultan Gida San.ve,Altad,ALTAD TOMATO PASTE IN TIN 830G,2025,14550.93000000001
Condiments & Sauces,Cooking Sauces & Pastes,Cooking Pastes,Tomato Paste, Sultan Gida San.ve,Altad,ALTAD TOMATO PASTE IN TIN 830G,2026,1581.9565089999996
Condiments & Sauces,Cooking Sauces & Pastes,Cooking Pastes,Tomato Paste, Sultan Gida San.ve,Altad,ALTAD TOMATO PASTE THIN 4300G,2025,1609.1
Condiments & Sauces,Cooking Sauces & Pastes,Cooking Pastes,Tomato Paste, Sultan Gida San.ve,Altad,ALTAD TOMATO PASTE THIN 4300G,2026,3494.2782199999992
Condiments & Sauces,Cooking Sauces & Pastes,Cooking Pastes,Tomato Paste, الشركة السعودية لمنتجات الالبان والأغذية,Saudia,SAUDIA ORGNIC TOMATO PASTE135G,2026,60231.014877000045
Condiments & Sauces,Cooking Sauces & Pastes,Cooking Pastes,Tomato Paste, الشركة السعودية لمنتجات الالبان والأغذية,Saudia,SAUDIA TMTO PASTE 135G 14+2FRE,2026,43.460868
Condiments & Sauces,Cooking Sauces & Pastes,Cooking Pastes,Tomato Paste, الشركة السعودية لمنتجات الالبان والأغذية,Saudia,SAUDIA TOMATO PASTE 135G,2026,4801138.160844997
Condiments & Sauces,Cooking Sauces & Pastes,Cooking Pastes,Tomato Paste, الشركة السعودية لمنتجات الالبان والأغذية,Saudia,SAUDIA TOMATO PASTE 60G,2026,49520.79205900005
Condiments & Sauces,Cooking Sauces & Pastes,Cooking Pastes,Tomato Paste, الشركة السعودية لمنتجات الالبان والأغذية,Saudia,SAUDIA TOMATO PASTE 7+1 135G,2026,162295.52791800018
Condiments & Sauces,Cooking Sauces & Pastes,Cooking Pastes,Tomato Paste, الشركة السعودية لمنتجات الالبان والأغذية,Saudia,SAUDIA TOMATO PASTE ORGNIC 60G,2026,36947.36346499998
Condiments & Sauces,Cooking Sauces & Pastes,Cooking Pastes,Tomato Paste, الشركة الوطنية الزراعية,Watania,WATANIA TOMATO PASTE 135G,2025,14369.09799999999
Condiments & Sauces,Cooking Sauces & Pastes,Cooking Pastes,Tomato Paste, الشركة الوطنية الزراعية,Watania,WATANIA TOMATO PASTE 135G .,2025,72359.54600000007
Condiments & Sauces,Cooking Sauces & Pastes,Cooking Pastes,Tomato Paste, الشركة الوطنية الزراعية,Watania,WATANIA TOMATO PASTE 135G .,2026,190803.67881500005
Condiments & Sauces,Cooking Sauces & Pastes,Cooking Pastes,Tomato Paste, الشركة الوطنية للصناعات الغذائية المحدودة,Luna,LUNA TOMATO PASTE 135G,2025,1838.9700000000003
Condiments & Sauces,Cooking Sauces & Pastes,Cooking Pastes,Tomato Paste, الشركة الوطنية للصناعات الغذائية المحدودة,Luna,LUNA TOMATO PASTE 135G,2026,1778.2604300000003
Condiments & Sauces,Cooking Sauces & Pastes,Cooking Pastes,Tomato Paste, الشركة الوطنية للصناعات الغذائية المحدودة,Luna,LUNA TOMATO PASTE 400G,2025,131957.90099999984
Condiments & Sauces,Cooking Sauces & Pastes,Cooking Pastes,Tomato Paste, الشركة الوطنية للصناعات الغذائية المحدودة,Luna,LUNA TOMATO PASTE 400G,2026,104857.87005000023
Condiments & Sauces,Cooking Sauces & Pastes,Cooking Pastes,Tomato Paste, الشركة الوطنية للصناعات الغذائية المحدودة,Luna,LUNA TOMATO PASTE 70G,2025,131062.84000000004
Condiments & Sauces,Cooking Sauces & Pastes,Cooking Pastes,Tomato Paste, الشركة الوطنية للصناعات الغذائية المحدودة,Luna,LUNA TOMATO PASTE 70G,2026,79486.83395199987
Condiments & Sauces,Cooking Sauces & Pastes,Cooking Pastes,Tomato Paste, الشركة الوطنية للصناعات الغذائية المحدودة,Luna,LUNA TOMATO PASTE 8x135G SO,2025,11224807.913000004
Condiments & Sauces,Cooking Sauces & Pastes,Cooking Pastes,Tomato Paste, الشركة الوطنية للصناعات الغذائية المحدودة,Luna,LUNA TOMATO PASTE 8x135G SO,2026,9151261.285681995
Condiments & Sauces,Cooking Sauces & Pastes,Cooking Pastes,Tomato Paste, ش /السعودية الكويتية للموادالغذائية,Kdd,KDD TOMATO PASTE 135G,2025,2012903.5050000031
Condiments & Sauces,Cooking Sauces & Pastes,Cooking Pastes,Tomato Paste, ش /السعودية الكويتية للموادالغذائية,Kdd,KDD TOMATO PASTE 135G,2026,2120367.727934
Condiments & Sauces,Cooking Sauces & Pastes,Cooking Pastes,Tomato Paste, شركة أبار واولاده الغذائية المحدودة,Freshco,FRESHCO TOMATO PASTE 140G,2025,9718.12
Condiments & Sauces,Cooking Sauces & Pastes,Cooking Pastes,Tomato Paste, شركة أبار واولاده الغذائية المحدودة,Freshco,FRESHCO TOMATO PASTE 140G,2026,20961.460639999983
Condiments & Sauces,Cooking Sauces & Pastes,Cooking Pastes,Tamarind, شركة البازل السعودية المحدودة,Eastern,EASTERN TAMARIND 200G,2025,89158.00099999974
Condiments & Sauces,Cooking Sauces & Pastes,Cooking Pastes,Tamarind, شركة البازل السعودية المحدودة,Eastern,EASTERN TAMARIND 200G,2026,62416.5441820001
Condiments & Sauces,Cooking Sauces & Pastes,Cooking Pastes,Tomato Paste, شركة الفارس العربي للتجارة المحدودة,Baidar,BAIDAR TOMATO PASTE 135G,2025,30880.602000000017
Condiments & Sauces,Cooking Sauces & Pastes,Cooking Pastes,Tomato Paste, شركة الفارس العربي للتجارة المحدودة,Baidar,BAIDAR TOMATO PASTE 135G,2026,208422.10372000007
Condiments & Sauces,Cooking Sauces & Pastes,Cooking Pastes,Tomato Paste, شركة باسمح للتسويق المحدودة,Alalali,ALALALI TOMATO P.7+1  130G SO,2025,512566.5949999993
Condiments & Sauces,Cooking Sauces & Pastes,Cooking Pastes,Tomato Paste, شركة باسمح للتسويق المحدودة,Alalali,ALALALI TOMATO P.7+1  130G SO,2026,482445.6551569957
Condiments & Sauces,Cooking Sauces & Pastes,Cooking Pastes,Tomato Paste, شركة باسمح للتسويق المحدودة,Alalali,ALALALI TOMATO PASTE 130G,2025,34344.15600000006
Condiments & Sauces,Cooking Sauces & Pastes,Cooking Pastes,Tomato Paste, شركة باسمح للتسويق المحدودة,Alalali,ALALALI TOMATO PASTE 130G.,2025,305683.7969999999
Condiments & Sauces,Cooking Sauces & Pastes,Cooking Pastes,Tomato Paste, شركة باسمح للتسويق المحدودة,Alalali,ALALALI TOMATO PASTE 130G.,2026,246225.7588680003
Condiments & Sauces,Cooking Sauces & Pastes,Cooking Pastes,Tomato Paste, شركة باسمح للتسويق المحدودة,Alalali,ALALALI TOMATO PASTE 320G,2025,12661.280000000006
Condiments & Sauces,Cooking Sauces & Pastes,Cooking Pastes,Tomato Paste, شركة باسمح للتسويق المحدودة,Alalali,ALALALI TOMATO PASTE 320G,2026,9971.00000000002
Condiments & Sauces,Cooking Sauces & Pastes,Cooking Pastes,Tomato Paste, شركة باسمح للتسويق المحدودة,Alalali,ALALALI TOMTO PAST 10x220G SO,2025,25616.218000000015
Condiments & Sauces,Cooking Sauces & Pastes,Cooking Pastes,Tomato Paste, شركة باسمح للتسويق المحدودة,Alalali,ALALALI TOMTO PAST 10x220G SO,2026,15541.64320299999
Condiments & Sauces,Cooking Sauces & Pastes,Cooking Pastes,Pepper Paste, شركة تموين الشرق للتجارة شركة مساهمة مقفلة,Freshly,FRESHLY HOT PEPPER PASTE 4200G,2026,104.347826
Condiments & Sauces,Cooking Sauces & Pastes,Cooking Pastes,Pepper Paste, شركة تموين الشرق للتجارة شركة مساهمة مقفلة,Freshly,FRESHLY HOT PEPPER PASTE 650G,2025,8742.410000000005
Condiments & Sauces,Cooking Sauces & Pastes,Cooking Pastes,Pepper Paste, شركة تموين الشرق للتجارة شركة مساهمة مقفلة,Freshly,FRESHLY HOT PEPPER PASTE 650G,2026,94808.320123
Condiments & Sauces,Cooking Sauces & Pastes,Cooking Pastes,Pepper Paste, شركة تموين الشرق للتجارة شركة مساهمة مقفلة,Freshly,FRESHLY MILD PEPER PASTE 4200G,2026,208.695652
Condiments & Sauces,Cooking Sauces & Pastes,Cooking Pastes,Pepper Paste, شركة تموين الشرق للتجارة شركة مساهمة مقفلة,Freshly,FRESHLY MILD PEPER PASTE 650G,2025,23053.539999999983
Condiments & Sauces,Cooking Sauces & Pastes,Cooking Pastes,Pepper Paste, شركة تموين الشرق للتجارة شركة مساهمة مقفلة,Freshly,FRESHLY MILD PEPER PASTE 650G,2026,225401.9526499997
Condiments & Sauces,Cooking Sauces & Pastes,Cooking Pastes,Tamarind, شركة تموين الشرق للتجارة شركة مساهمة مقفلة,Freshly,FRESHLY TAMARIND PULP 200G,2025,137121.54999999993
Condiments & Sauces,Cooking Sauces & Pastes,Cooking Pastes,Tamarind, شركة تموين الشرق للتجارة شركة مساهمة مقفلة,Freshly,FRESHLY TAMARIND PULP 200G,2026,128133.79175600004
Condiments & Sauces,Cooking Sauces & Pastes,Cooking Pastes,Tamarind, شركة تموين الشرق للتجارة شركة مساهمة مقفلة,Freshly,FRESHLY TAMARIND PULP 400G,2025,163226.58999999947
Condiments & Sauces,Cooking Sauces & Pastes,Cooking Pastes,Tamarind, شركة تموين الشرق للتجارة شركة مساهمة مقفلة,Freshly,FRESHLY TAMARIND PULP 400G,2026,180906.40233599968
Condiments & Sauces,Cooking Sauces & Pastes,Cooking Pastes,Tomato Paste, شركة تموين الشرق للتجارة شركة مساهمة مقفلة,Freshly,FRESHLY TOMATO SAUCE 227G,2025,26674.90300000005
Condiments & Sauces,Cooking Sauces & Pastes,Cooking Pastes,Tomato Paste, شركة تموين الشرق للتجارة شركة مساهمة مقفلة,Freshly,FRESHLY TOMATO SAUCE 227G,2026,36168.04155600001
Condiments & Sauces,Cooking Sauces & Pastes,Cooking Pastes,Garlic Paste, شركة تموين الشرق للتجارة شركة مساهمة مقفلة,Orient Garden,ORIENT GRDNS GARLIC PASTE 210G,2025,33714.316999999995
Condiments & Sauces,Cooking Sauces & Pastes,Cooking Pastes,Garlic Paste, شركة تموين الشرق للتجارة شركة مساهمة مقفلة,Orient Garden,ORIENT GRDNS GARLIC PASTE 210G,2026,35661.085084999926
Condiments & Sauces,Cooking Sauces & Pastes,Cooking Pastes,Pepper Paste, شركة حلواني اخوان,Halwani,HALWANI GRND RED PEPPER 375G,2026,33596.096246000045
Condiments & Sauces,Cooking Sauces & Pastes,Cooking Pastes,Tomato Paste, شركة سعيد محمد عبيد بن زقر وشركاه المحدودة,Heinz,HEINZ TOMATO PASTE 135G,2026,15.643478
Condiments & Sauces,Cooking Sauces & Pastes,Cooking Pastes,Tomato Paste, شركة سمات للخدمات التجارية,Regano,REGANO NATURL TOMATO PASTE 70G,2026,154702.90937699983
Condiments & Sauces,Cooking Sauces & Pastes,Cooking Pastes,Pepper Paste, شركة صرة للصناعة,Sorrah,SORRAH HOT PEPPER PASTE 350G,2026,115588.7966689999
Condiments & Sauces,Cooking Sauces & Pastes,Cooking Pastes,Pepper Paste, شركة صرة للصناعة,Sorrah,SORRAH PEPPER PASTE 350G,2025,36450.68000000003
Condiments & Sauces,Cooking Sauces & Pastes,Cooking Pastes,Pepper Paste, شركة صرة للصناعة,Sorrah,SORRAH PEPPER PASTE 350G .,2025,234847.32999999975
Condiments & Sauces,Cooking Sauces & Pastes,Cooking Pastes,Pepper Paste, شركة صرة للصناعة,Sorrah,SORRAH PEPPER PASTE 350G .,2026,296165.1245669991
Condiments & Sauces,Cooking Sauces & Pastes,Cooking Pastes,Pepper Paste, شركة صرة للصناعة,Sorrah,SORRAH PEPPER PASTE 700G,2025,20.83
Condiments & Sauces,Cooking Sauces & Pastes,Cooking Pastes,Pepper Paste, شركة صرة للصناعة,Sorrah,SORRAH PEPPER PASTE 700G,2026,1063.9043270000002
Condiments & Sauces,Cooking Sauces & Pastes,Cooking Pastes,Tomato Paste, شركة مصدر الحياة للصناعات الغذائية,Haley,HALEY TOMATO PASTE 135G,2025,1326972.7299999995
Condiments & Sauces,Cooking Sauces & Pastes,Cooking Pastes,Tomato Paste, شركة مصدر الحياة للصناعات الغذائية,Haley,HALEY TOMATO PASTE 135G .,2025,7997074.904000004
Condiments & Sauces,Cooking Sauces & Pastes,Cooking Pastes,Tomato Paste, شركة مصدر الحياة للصناعات الغذائية,Haley,HALEY TOMATO PASTE 135G .,2026,7483127.0875160005
Condiments & Sauces,Cooking Sauces & Pastes,Cooking Pastes,Tomato Paste, شركة مصدر الحياة للصناعات الغذائية,Haley,HALEY TOMATO PASTE N.SALT 135G,2025,820952.990000001
Condiments & Sauces,Cooking Sauces & Pastes,Cooking Pastes,Tomato Paste, شركة مصدر الحياة للصناعات الغذائية,Haley,HALEY TOMATO PASTE N.SALT 135G,2026,789.9303779999999
Condiments & Sauces,Cooking Sauces & Pastes,Cooking Pastes,Garlic Paste, شركة مهران العربية للتجارة,Mehran,MEHRAN GARLIC PASTE 320G,2025,118170.77599999984
Condiments & Sauces,Cooking Sauces & Pastes,Cooking Pastes,Garlic Paste, شركة مهران العربية للتجارة,Mehran,MEHRAN GARLIC PASTE 320G,2026,72457.75638099985
Condiments & Sauces,Cooking Sauces & Pastes,Cooking Pastes,Ginger Paste, شركة مهران العربية للتجارة,Mehran,MEHRAN GARLIC PASTE 750G,2025,115952.29399999989
Condiments & Sauces,Cooking Sauces & Pastes,Cooking Pastes,Ginger Paste, شركة مهران العربية للتجارة,Mehran,MEHRAN GARLIC PASTE 750G,2026,116236.6752650001
Condiments & Sauces,Cooking Sauces & Pastes,Cooking Pastes,Ginger Garlic Paste, شركة مهران العربية للتجارة,Mehran,MEHRAN GING & GAR PASTE 2x320G,2025,87158.14999999966
Condiments & Sauces,Cooking Sauces & Pastes,Cooking Pastes,Ginger Garlic Paste, شركة مهران العربية للتجارة,Mehran,MEHRAN GING & GAR PASTE 2x320G,2026,51974.99934099988
Condiments & Sauces,Cooking Sauces & Pastes,Cooking Pastes,Ginger Garlic Paste, شركة مهران العربية للتجارة,Mehran,MEHRAN GINGER GARLIC PSTE 320G,2025,131212.0280000003
Condiments & Sauces,Cooking Sauces & Pastes,Cooking Pastes,Ginger Garlic Paste, شركة مهران العربية للتجارة,Mehran,MEHRAN GINGER GARLIC PSTE 320G,2026,77053.98843299992
Condiments & Sauces,Cooking Sauces & Pastes,Cooking Pastes,Ginger Paste, شركة مهران العربية للتجارة,Mehran,MEHRAN GINGER PASTE 320G,2025,5509.4109999999955
Condiments & Sauces,Cooking Sauces & Pastes,Cooking Pastes,Ginger Paste, شركة مهران العربية للتجارة,Mehran,MEHRAN GINGER PASTE 320G,2026,247.82607
Condiments & Sauces,Cooking Sauces & Pastes,Cooking Pastes,Ginger Paste, شركة مهران العربية للتجارة,Mehran,MEHRAN GINGER PASTE 750G,2025,6969.345999999999
Condiments & Sauces,Cooking Sauces & Pastes,Cooking Pastes,Ginger Paste, شركة مهران العربية للتجارة,Mehran,MEHRAN GINGER PASTE 750G,2026,9054.321414999988
Condiments & Sauces,Cooking Sauces & Pastes,Cooking Pastes,Ginger Garlic Paste, شركة مهران العربية للتجارة,Mehran,MEHRAN GINGR GARLIC PASTE 750G,2025,176967.26200000005
Condiments & Sauces,Cooking Sauces & Pastes,Cooking Pastes,Ginger Garlic Paste, شركة مهران العربية للتجارة,Mehran,MEHRAN GINGR GARLIC PASTE 750G,2026,157295.2162980002
Condiments & Sauces,Cooking Sauces & Pastes,Cooking Pastes,Ginger Paste, شركة نستله العربية السعودية,Maggi,MAGGI CORIANDER&GARLIC PA.200G,2025,128834.78
Condiments & Sauces,Cooking Sauces & Pastes,Cooking Pastes,Ginger Paste, شركة نستله العربية السعودية,Maggi,MAGGI CORIANDER&GARLIC PA.200G,2026,119102.37903099989
Condiments & Sauces,Cooking Sauces & Pastes,Cooking Pastes,Khaleeji Paste, شركة نستله العربية السعودية,Maggi,MAGGI KHALEEJI PASTE 200G,2025,9630
Condiments & Sauces,Cooking Sauces & Pastes,Cooking Pastes,Khaleeji Paste, شركة نستله العربية السعودية,Maggi,MAGGI KHALEEJI PASTE 200G,2026,10.217391
Condiments & Sauces,Cooking Sauces & Pastes,Cooking Pastes,Onion Paste, شركة نستله العربية السعودية,Maggi,MAGGI PA.ONION W/7 SPICES 200G,2025,23856.11000000002
Condiments & Sauces,Cooking Sauces & Pastes,Cooking Pastes,Onion Paste, شركة نستله العربية السعودية,Maggi,MAGGI PA.ONION W/7 SPICES 200G,2026,15032.608395999978
Condiments & Sauces,Cooking Sauces & Pastes,Cooking Pastes,Tomato Paste, شركةالعثمان للانتاج والتصنيع الزراعي,Nada,NADA TOMATO PASTE 135G,2025,5310728.744000004
Condiments & Sauces,Cooking Sauces & Pastes,Cooking Pastes,Tomato Paste, شركةالعثمان للانتاج والتصنيع الزراعي,Nada,NADA TOMATO PASTE 135G,2026,6060741.931617007
Condiments & Sauces,Cooking Sauces & Pastes,Cooking Pastes,Garlic Paste, مؤسسات سقالة التجارية,Shan,SHAN GARLIC PASTE 310G,2026,17829.911298000006
Condiments & Sauces,Cooking Sauces & Pastes,Cooking Pastes,Ginger Garlic Paste, مؤسسات سقالة التجارية,Shan,SHAN GINGER GARLIC PASTE 310G,2026,28524.720116999997
Condiments & Sauces,Cooking Sauces & Pastes,Cooking Pastes,Ginger Paste, مؤسسات سقالة التجارية,Shan,SHAN GINGER GARLIC PASTE 310G,2026,363.1477980000001
Condiments & Sauces,Cooking Sauces & Pastes,Cooking Pastes,Ginger Paste, مؤسسات سقالة التجارية,Shan,SHAN GINGER PASTE 310G,2026,11290.399292000006
Condiments & Sauces,Cooking Sauces & Pastes,Cooking Sauces,Pizza Sauce, ALDurra For General Trading Co. Ltd,Durra,DURRA PIZZA SAUCE 650G,2025,30640.599999999973
Condiments & Sauces,Cooking Sauces & Pastes,Cooking Sauces,Pizza Sauce, ALDurra For General Trading Co. Ltd,Durra,DURRA PIZZA SAUCE 650G,2026,126.08695999999998
Condiments & Sauces,Cooking Sauces & Pastes,Cooking Sauces,Pasta Sauce, L B 16 B.V,Barilla,BARILLA ARABIATA TOM&CHLI.400G,2025,6465.589999999993
Condiments & Sauces,Cooking Sauces & Pastes,Cooking Sauces,Pasta Sauce, L B 16 B.V,Barilla,BARILLA ARABIATA TOM&CHLI.400G,2026,51.504348
Condiments & Sauces,Cooking Sauces & Pastes,Cooking Sauces,Pasta Sauce, L B 16 B.V,Barilla,BARILLA BASE BOLOGNESE 400G,2025,6459.909999999994
Condiments & Sauces,Cooking Sauces & Pastes,Cooking Sauces,Pasta Sauce, L B 16 B.V,Barilla,BARILLA BASE BOLOGNESE 400G,2026,143.40869600000002
Condiments & Sauces,Cooking Sauces & Pastes,Cooking Sauces,Pasta Sauce, L B 16 B.V,Barilla,BARILLA BASILICO 400G,2025,272.32
Condiments & Sauces,Cooking Sauces & Pastes,Cooking Sauces,Pasta Sauce, L B 16 B.V,Barilla,BARILLA BASILICO 400G .,2025,6396.209999999995
Condiments & Sauces,Cooking Sauces & Pastes,Cooking Sauces,Pasta Sauce, L B 16 B.V,Barilla,BARILLA BASILICO 400G .,2026,53.008694000000006
Condiments & Sauces,Cooking Sauces & Pastes,Cooking Sauces,Pasta Sauce, L B 16 B.V,Barilla,BARILLA NAPOLITANA 400G,2025,6968.339999999995
Condiments & Sauces,Cooking Sauces & Pastes,Cooking Sauces,Pasta Sauce, L B 16 B.V,Barilla,BARILLA NAPOLITANA 400G,2026,197.573915
Condiments & Sauces,Cooking Sauces & Pastes,Cooking Sauces,Pasta Sauce, L B 16 B.V,Barilla,BARILLA PESTO BSLC.RUCOLA 190G,2025,47454.40000000007
Condiments & Sauces,Cooking Sauces & Pastes,Cooking Sauces,Pasta Sauce, L B 16 B.V,Barilla,BARILLA PESTO BSLC.RUCOLA 190G,2026,168.260878
Condiments & Sauces,Cooking Sauces & Pastes,Cooking Sauces,Pasta Sauce, L B 16 B.V,Barilla,BARILLA PESTO RICOTTA NOCI190G,2025,10183.050000000003
Condiments & Sauces,Cooking Sauces & Pastes,Cooking Sauces,Pasta Sauce, L B 16 B.V,Barilla,BARILLA PESTO RICOTTA NOCI190G,2026,66.086961
Condiments & Sauces,Cooking Sauces & Pastes,Cooking Sauces,Pizza Sauce, شركة الفارس العربي للتجارة المحدودة,Baidar,BAIDAR PIZZA SAUCE 3K,2025,62974.788000000015
Condiments & Sauces,Cooking Sauces & Pastes,Cooking Sauces,Pizza Sauce, شركة الفارس العربي للتجارة المحدودة,Baidar,BAIDAR PIZZA SAUCE 3K,2026,47814.76447399997
Condiments & Sauces,Cooking Sauces & Pastes,Cooking Sauces,Pizza Sauce, شركة الفارس العربي للتجارة المحدودة,Baidar,BAIDAR PIZZA SAUCE 473ML,2025,31814.210000000065
Condiments & Sauces,Cooking Sauces & Pastes,Cooking Sauces,Pizza Sauce, شركة الفارس العربي للتجارة المحدودة,Baidar,BAIDAR PIZZA SAUCE 473ML,2026,197022.19852200063
Condiments & Sauces,Cooking Sauces & Pastes,Cooking Sauces,Pasta Sauce, شركة باسمح للتسويق المحدودة,Alalali,ALALALI PASTA SAUCE 640G,2025,203493.19599999994
Condiments & Sauces,Cooking Sauces & Pastes,Cooking Sauces,Pasta Sauce, شركة باسمح للتسويق المحدودة,Alalali,ALALALI PASTA SAUCE 640G,2026,97332.59986100007
Condiments & Sauces,Cooking Sauces & Pastes,Cooking Sauces,Pasta Sauce, شركة باسمح للتسويق المحدودة,Alalali,ALALALI PASTA SAUCE CHILI 320G,2025,17768.392000000007
Condiments & Sauces,Cooking Sauces & Pastes,Cooking Sauces,Pasta Sauce, شركة باسمح للتسويق المحدودة,Alalali,ALALALI PASTA SAUCE CHILI 320G,2026,20890.82474499998
Condiments & Sauces,Cooking Sauces & Pastes,Cooking Sauces,Pizza Sauce, شركة باسمح للتسويق المحدودة,Alalali,ALALALI PIZZA SAUCE 320G,2025,333866.90700000006
Condiments & Sauces,Cooking Sauces & Pastes,Cooking Sauces,Pizza Sauce, شركة باسمح للتسويق المحدودة,Alalali,ALALALI PIZZA SAUCE 320G,2026,162177.48981800006
Condiments & Sauces,Cooking Sauces & Pastes,Cooking Sauces,Pasta Sauce, شركة باسمح للتسويق المحدودة,Alalali,ALALALI PIZZA SAUCE CHILI 320G,2025,162507.67700000008
Condiments & Sauces,Cooking Sauces & Pastes,Cooking Sauces,Pasta Sauce, شركة باسمح للتسويق المحدودة,Alalali,ALALALI PIZZA SAUCE CHILI 320G,2026,155915.21567799998
Condiments & Sauces,Cooking Sauces & Pastes,Cooking Sauces,Pasta Sauce, شركة باسمح للتوزيع التجاري,Goody,GOODY P.SAU.PESTO ALFREDO.411G,2025,82853.90400000001
Condiments & Sauces,Cooking Sauces & Pastes,Cooking Sauces,Pasta Sauce, شركة باسمح للتوزيع التجاري,Goody,GOODY P.SAU.PESTO ALFREDO.411G,2026,73861.40886199975
Condiments & Sauces,Cooking Sauces & Pastes,Cooking Sauces,Pasta Sauce, شركة باسمح للتوزيع التجاري,Goody,GOODY PASTA SAU.ARABIATA 420G,2025,88840.07799999994
Condiments & Sauces,Cooking Sauces & Pastes,Cooking Sauces,Pasta Sauce, شركة باسمح للتوزيع التجاري,Goody,GOODY PASTA SAU.ARABIATA 420G,2026,121179.83081199974
Condiments & Sauces,Cooking Sauces & Pastes,Cooking Sauces,Pasta Sauce, شركة باسمح للتوزيع التجاري,Goody,GOODY PASTA SAU.MARINARA 420G,2025,121698.73500000004
Condiments & Sauces,Cooking Sauces & Pastes,Cooking Sauces,Pasta Sauce, شركة باسمح للتوزيع التجاري,Goody,GOODY PASTA SAU.MARINARA 420G,2026,146809.4659740002
Condiments & Sauces,Cooking Sauces & Pastes,Cooking Sauces,Pasta Sauce, شركة باسمح للتوزيع التجاري,Goody,GOODY PASTA SAU.NAPOLITNA 420G,2025,126536.62699999983
Condiments & Sauces,Cooking Sauces & Pastes,Cooking Sauces,Pasta Sauce, شركة باسمح للتوزيع التجاري,Goody,GOODY PASTA SAU.NAPOLITNA 420G,2026,139270.4080390002
Condiments & Sauces,Cooking Sauces & Pastes,Cooking Sauces,Pasta Sauce, شركة باسمح للتوزيع التجاري,Goody,GOODY PASTA SAUCE ALFREDO 411G,2025,123640.30899999998
Condiments & Sauces,Cooking Sauces & Pastes,Cooking Sauces,Pasta Sauce, شركة باسمح للتوزيع التجاري,Goody,GOODY PASTA SAUCE ALFREDO 411G,2026,131157.98212599955
Condiments & Sauces,Cooking Sauces & Pastes,Cooking Sauces,Pasta Sauce, شركة باسمح للتوزيع التجاري,Goody,GOODY PASTA SAUCE PESTO 190G,2025,461706.512
Condiments & Sauces,Cooking Sauces & Pastes,Cooking Sauces,Pasta Sauce, شركة باسمح للتوزيع التجاري,Goody,GOODY PASTA SAUCE PESTO 190G,2026,497542.8472350016
Condiments & Sauces,Cooking Sauces & Pastes,Cooking Sauces,Pasta Sauce, شركة باسمح للتوزيع التجاري,Goody,GOODY PASTA SAUCE RED PESTO 190ML,2026,44551.034041999876
Condiments & Sauces,Cooking Sauces & Pastes,Cooking Sauces,Pasta Sauce, شركة باسمح للتوزيع التجاري,Goody,GOODY PASTA SAUCE ROSE 448G,2025,147846.58000000002
Condiments & Sauces,Cooking Sauces & Pastes,Cooking Sauces,Pasta Sauce, شركة باسمح للتوزيع التجاري,Goody,GOODY PASTA SAUCE ROSE 448G,2026,152247.1889419992
Condiments & Sauces,Cooking Sauces & Pastes,Cooking Sauces,Pasta Sauce, شركة تموين الشرق للتجارة شركة مساهمة مقفلة,Freshly,FRESHLY PASTA SAU CLASIC 680G,2025,74706.26999999984
Condiments & Sauces,Cooking Sauces & Pastes,Cooking Sauces,Pasta Sauce, شركة تموين الشرق للتجارة شركة مساهمة مقفلة,Freshly,FRESHLY PASTA SAU CLASIC 680G,2026,43289.99870499999
Condiments & Sauces,Cooking Sauces & Pastes,Cooking Sauces,Pasta Sauce, شركة تموين الشرق للتجارة شركة مساهمة مقفلة,Freshly,FRESHLY PASTA SAU W/MUSHRM454G,2025,59550.48999999998
Condiments & Sauces,Cooking Sauces & Pastes,Cooking Sauces,Pasta Sauce, شركة تموين الشرق للتجارة شركة مساهمة مقفلة,Freshly,FRESHLY PASTA SAU W/MUSHRM454G,2026,3066.365072999999
Condiments & Sauces,Cooking Sauces & Pastes,Cooking Sauces,Pizza Sauce, شركة تموين الشرق للتجارة شركة مساهمة مقفلة,Freshly,FRESHLY PIZA SUC MSHRM&ONS680G,2025,35273.24000000008
Condiments & Sauces,Cooking Sauces & Pastes,Cooking Sauces,Pizza Sauce, شركة تموين الشرق للتجارة شركة مساهمة مقفلة,Freshly,FRESHLY PIZA SUC MSHRM&ONS680G,2026,30883.694423999983
Condiments & Sauces,Cooking Sauces & Pastes,Cooking Sauces,Pizza Sauce, شركة تموين الشرق للتجارة شركة مساهمة مقفلة,Freshly,FRESHLY PIZA SUC NTRL CHES680G,2025,29363.64000000002
Condiments & Sauces,Cooking Sauces & Pastes,Cooking Sauces,Pizza Sauce, شركة تموين الشرق للتجارة شركة مساهمة مقفلة,Freshly,FRESHLY PIZA SUC NTRL CHES680G,2026,28144.564092999983
Condiments & Sauces,Cooking Sauces & Pastes,Cooking Sauces,Pizza Sauce, شركة تموين الشرق للتجارة شركة مساهمة مقفلة,Freshly,FRESHLY PIZZA SAUCE 425G,2025,104080.6700000001
Condiments & Sauces,Cooking Sauces & Pastes,Cooking Sauces,Pizza Sauce, شركة تموين الشرق للتجارة شركة مساهمة مقفلة,Freshly,FRESHLY PIZZA SAUCE 425G,2026,101141.73819200027
Condiments & Sauces,Cooking Sauces & Pastes,Cooking Sauces,Pizza Sauce, شركة تموين الشرق للتجارة شركة مساهمة مقفلة,Freshly,FRESHLY PIZZA SAUCE 453G,2025,496119.7089999998
Condiments & Sauces,Cooking Sauces & Pastes,Cooking Sauces,Pizza Sauce, شركة تموين الشرق للتجارة شركة مساهمة مقفلة,Freshly,FRESHLY PIZZA SAUCE 453G,2026,435034.7654619989
Condiments & Sauces,Cooking Sauces & Pastes,Cooking Sauces,Pizza Sauce, شركة تموين الشرق للتجارة شركة مساهمة مقفلة,Freshly,FRESHLY PIZZA SAUCE 680G,2025,625377.5789999987
Condiments & Sauces,Cooking Sauces & Pastes,Cooking Sauces,Pizza Sauce, شركة تموين الشرق للتجارة شركة مساهمة مقفلة,Freshly,FRESHLY PIZZA SAUCE 680G,2026,589508.3856309997
Condiments & Sauces,Cooking Sauces & Pastes,Cooking Sauces,Pasta Sauce, شركة تموين الشرق للتجارة شركة مساهمة مقفلة,Freshly,FRESHLY SPAG SAU W/MUSHRM 680G,2025,67436.01200000013
Condiments & Sauces,Cooking Sauces & Pastes,Cooking Sauces,Pasta Sauce, شركة تموين الشرق للتجارة شركة مساهمة مقفلة,Freshly,FRESHLY SPAG SAU W/MUSHRM 680G,2026,39088.70295699999
Condiments & Sauces,Cooking Sauces & Pastes,Cooking Sauces,Pasta Sauce, شركة تموين الشرق للتجارة شركة مساهمة مقفلة,Freshly,FRESHLY SPAG SAU.W/R.CHES 680G,2025,80132.64000000019
Condiments & Sauces,Cooking Sauces & Pastes,Cooking Sauces,Pasta Sauce, شركة تموين الشرق للتجارة شركة مساهمة مقفلة,Freshly,FRESHLY SPAG SAU.W/R.CHES 680G,2026,87376.30181199996
Condiments & Sauces,Cooking Sauces & Pastes,Cooking Sauces,Pasta Sauce, شركة تموين الشرق للتجارة شركة مساهمة مقفلة,Freshly,FRESHLY SPAG.SA.W/RO.GRLC 680G,2025,1421.8999999999999
Condiments & Sauces,Cooking Sauces & Pastes,Cooking Sauces,Pasta Sauce, شركة تموين الشرق للتجارة شركة مساهمة مقفلة,Freshly,FRESHLY SPAG.SA.W/RO.GRLC 680G,2026,48.260868
Condiments & Sauces,Cooking Sauces & Pastes,Cooking Sauces,Specialty Sauces, شركة تموين الشرق للتجارة شركة مساهمة مقفلة,Makati,MAKATI VEGT OYSTER SAUCE 750ML,2025,24701.11999999998
Condiments & Sauces,Cooking Sauces & Pastes,Cooking Sauces,Specialty Sauces, شركة تموين الشرق للتجارة شركة مساهمة مقفلة,Makati,MAKATI VEGT OYSTER SAUCE 750ML,2026,5756.799903999998
Condiments & Sauces,Cooking Sauces & Pastes,Cooking Sauces,Pasta Sauce, شركة تموين الشرق للتجارة شركة مساهمة مقفلة,Orient Garden,ORIENT COCKTAIL SAUSE 340G,2025,14641.89000000001
Condiments & Sauces,Cooking Sauces & Pastes,Cooking Sauces,Pasta Sauce, شركة تموين الشرق للتجارة شركة مساهمة مقفلة,Orient Garden,ORIENT COCKTAIL SAUSE 340G,2026,114006.45198800015
Condiments & Sauces,Cooking Sauces & Pastes,Cooking Sauces,Pasta Sauce, شركة تموين الشرق للتجارة شركة مساهمة مقفلة,Orient Garden,ORIENT G.PESTO SAUSE BASIL195G,2025,7114.440000000008
Condiments & Sauces,Cooking Sauces & Pastes,Cooking Sauces,Pasta Sauce, شركة تموين الشرق للتجارة شركة مساهمة مقفلة,Orient Garden,ORIENT G.PESTO SAUSE BASIL195G,2026,81576.38925500012
Condiments & Sauces,Cooking Sauces & Pastes,Cooking Sauces,Pasta Sauce, شركة تموين الشرق للتجارة شركة مساهمة مقفلة,Orient Garden,ORIENT GAR.TRUFFLE F.SAUSE195G,2025,9086.69
Condiments & Sauces,Cooking Sauces & Pastes,Cooking Sauces,Pasta Sauce, شركة تموين الشرق للتجارة شركة مساهمة مقفلة,Orient Garden,ORIENT GAR.TRUFFLE F.SAUSE195G,2026,81750.91140299998
Condiments & Sauces,Cooking Sauces & Pastes,Cooking Sauces,Pasta Sauce, شركة تموين الشرق للتجارة شركة مساهمة مقفلة,Orient Garden,ORIENT GARDENS PESTO SAUCE195G,2025,291720
Condiments & Sauces,Cooking Sauces & Pastes,Cooking Sauces,Pasta Sauce, شركة تموين الشرق للتجارة شركة مساهمة مقفلة,Orient Garden,ORIENT GARDENS PESTO SAUCE195G,2026,293973.0752350004
Condiments & Sauces,Cooking Sauces & Pastes,Cooking Sauces,Pasta Sauce, شركة تموين الشرق للتجارة شركة مساهمة مقفلة,Orient Garden,ORIENT GARDENS PESTO SAUSE BASIL 530G,2026,63280.511715999986
Condiments & Sauces,Cooking Sauces & Pastes,Cooking Sauces,Pasta Sauce, شركة نستله العربية السعودية,Maggi,MAGGI BASILICO SAUCE 400G,2025,113.49
Condiments & Sauces,Cooking Sauces & Pastes,Cooking Sauces,Pasta Sauce, شركة نستله العربية السعودية,Maggi,MAGGI BASILICO SAUCE 400G,2026,353.04346200000003
Condiments & Sauces,Cooking Sauces & Pastes,Cooking Sauces,Pizza Sauce, شركة نستله العربية السعودية,Maggi,MAGGI PIZZA SAUCE 400G,2025,12057.220000000021
Condiments & Sauces,Cooking Sauces & Pastes,Cooking Sauces,Pizza Sauce, شركة نستله العربية السعودية,Maggi,MAGGI PIZZA SAUCE 400G .,2025,51977.049999999974
Condiments & Sauces,Cooking Sauces & Pastes,Cooking Sauces,Pizza Sauce, شركة نستله العربية السعودية,Maggi,MAGGI PIZZA SAUCE 400G .,2026,75483.884666
Condiments & Sauces,Cooking Sauces & Pastes,Cooking Sauces,Seasoning Sauce, شركة نستله العربية السعودية,Maggi,MAGGI SEASONING 200ML,2025,149184.41000000015
Condiments & Sauces,Cooking Sauces & Pastes,Cooking Sauces,Seasoning Sauce, شركة نستله العربية السعودية,Maggi,MAGGI SEASONING 200ML,2026,125962.81844799998
Condiments & Sauces,Sauces,Hot & Spicy Sauces,Spicy Sauce, ALDurra For General Trading Co. Ltd,Durra,DURRA DAQOUS TOMATO SAUCE 625G,2025,17378.759999999995
Condiments & Sauces,Sauces,Hot & Spicy Sauces,Spicy Sauce, ALDurra For General Trading Co. Ltd,Durra,DURRA DAQOUS TOMATO SAUCE 625G,2026,185.29567600000001
Condiments & Sauces,Sauces,Hot & Spicy Sauces,Hot Sauce, Munchers Genaral Trading LLC,Sriracha,SRIRACHA HOT CHILI SAUCE 255G,2025,434970.0299999999
Condiments & Sauces,Sauces,Hot & Spicy Sauces,Hot Sauce, Munchers Genaral Trading LLC,Sriracha,SRIRACHA HOT CHILI SAUCE 255G,2026,70764.17460499995
Condiments & Sauces,Sauces,Hot & Spicy Sauces,Hot Sauce, Munchers Genaral Trading LLC,Sriracha,SRIRACHA HOT CHILI SAUCE 435ML,2025,313465.70000000024
Condiments & Sauces,Sauces,Hot & Spicy Sauces,Hot Sauce, Munchers Genaral Trading LLC,Sriracha,SRIRACHA HOT CHILI SAUCE 435ML,2026,91835.40117099986
Condiments & Sauces,Sauces,Hot & Spicy Sauces,Spicy Sauce, الشركة السعودية لمنتجات الالبان والأغذية,Saudia,SAUDIA GARLIC SAUCE 315G,2026,79611.92833499974
Condiments & Sauces,Sauces,Hot & Spicy Sauces,Hot Sauce, الشركة السعودية لمنتجات الالبان والأغذية,Saudia,SAUDIA HOT SAUCE 473ML.,2026,28819.86198900004
Condiments & Sauces,Sauces,Hot & Spicy Sauces,Hot Sauce, الشركة السعودية لمنتجات الالبان والأغذية,Saudia,SAUDIA HOT SAUCE 88ML.,2026,13463.04320999999
Condiments & Sauces,Sauces,Hot & Spicy Sauces,Barbecue Sauce, الشركة السعودية لمنتجات الالبان والأغذية,Saudia,SAUDIA NTRL BARBQUE.SAUCE 525G,2026,64827.46823800009
Condiments & Sauces,Sauces,Hot & Spicy Sauces,Bechamel Sauce, ش /السعودية الكويتية للموادالغذائية,Kdd,KDD BECHAMEL SAUCE 1L,2025,111909.18000000001
Condiments & Sauces,Sauces,Hot & Spicy Sauces,Bechamel Sauce, ش /السعودية الكويتية للموادالغذائية,Kdd,KDD BECHAMEL SAUCE 1L,2026,149056.9924560001
Condiments & Sauces,Sauces,Hot & Spicy Sauces,Bechamel Sauce, ش /السعودية الكويتية للموادالغذائية,Kdd,KDD BECHAMEL SAUCE 500ML,2025,101265.73100000026
Condiments & Sauces,Sauces,Hot & Spicy Sauces,Bechamel Sauce, ش /السعودية الكويتية للموادالغذائية,Kdd,KDD BECHAMEL SAUCE 500ML,2026,86594.73389999986
Condiments & Sauces,Sauces,Hot & Spicy Sauces,Hot Sauce, شركة أبار واولاده الغذائية المحدودة,Crystal,CRYSTAL HOT SAUCE 176ML,2025,8962.59
Condiments & Sauces,Sauces,Hot & Spicy Sauces,Hot Sauce, شركة أبار واولاده الغذائية المحدودة,Crystal,CRYSTAL HOT SAUCE 176ML,2026,91.12173200000001
Condiments & Sauces,Sauces,Hot & Spicy Sauces,Hot Sauce, شركة أبار واولاده الغذائية المحدودة,Crystal,CRYSTAL HOT SAUCE 474ML,2025,667.16
Condiments & Sauces,Sauces,Hot & Spicy Sauces,Hot Sauce, شركة أبار واولاده الغذائية المحدودة,Crystal,CRYSTAL HOT SAUCE 474ML,2026,270.965214
Condiments & Sauces,Sauces,Hot & Spicy Sauces,Hot Sauce, شركة أبار واولاده الغذائية المحدودة,Crystal,CRYSTAL HOT SAUCE 88ML,2025,968.5300000000002
Condiments & Sauces,Sauces,Hot & Spicy Sauces,Hot Sauce, شركة أبار واولاده الغذائية المحدودة,Crystal,CRYSTAL HOT SAUCE 88ML,2026,127.173882
Condiments & Sauces,Sauces,Hot & Spicy Sauces,Hot Sauce, شركة أبار واولاده الغذائية المحدودة,Freshco,FRESHCO EXTRA HOT SAUCE 88ML,2025,11377.643999999998
Condiments & Sauces,Sauces,Hot & Spicy Sauces,Hot Sauce, شركة أبار واولاده الغذائية المحدودة,Freshco,FRESHCO EXTRA HOT SAUCE 88ML,2026,58377.428450999985
Condiments & Sauces,Sauces,Hot & Spicy Sauces,Hot Sauce, شركة أبار واولاده الغذائية المحدودة,Freshco,FRESHCO HOT SAUCE 176ML,2025,391281.11299999984
Condiments & Sauces,Sauces,Hot & Spicy Sauces,Hot Sauce, شركة أبار واولاده الغذائية المحدودة,Freshco,FRESHCO HOT SAUCE 176ML,2026,217087.94061000092
Condiments & Sauces,Sauces,Hot & Spicy Sauces,Hot Sauce, شركة أبار واولاده الغذائية المحدودة,Freshco,FRESHCO HOT SAUCE 474ML,2025,568213.0389999992
Condiments & Sauces,Sauces,Hot & Spicy Sauces,Hot Sauce, شركة أبار واولاده الغذائية المحدودة,Freshco,FRESHCO HOT SAUCE 474ML,2026,450084.4456460009
Condiments & Sauces,Sauces,Hot & Spicy Sauces,Hot Sauce, شركة أبار واولاده الغذائية المحدودة,Freshco,FRESHCO HOT SAUCE 88ML,2025,221402.2849999999
Condiments & Sauces,Sauces,Hot & Spicy Sauces,Hot Sauce, شركة أبار واولاده الغذائية المحدودة,Freshco,FRESHCO HOT SAUCE 88ML,2026,154360.98442600164
Condiments & Sauces,Sauces,Hot & Spicy Sauces,Hot Sauce, شركة البحراوي التجارية,Nandos,NANDO'S PERI-PERI HOT SAU.250G,2025,4054.070000000002
Condiments & Sauces,Sauces,Hot & Spicy Sauces,Hot Sauce, شركة البحراوي التجارية,Nandos,NANDO'S PERI-PERI HOT SAU.250G,2026,28.695652
Condiments & Sauces,Sauces,Hot & Spicy Sauces,Hot Sauce, شركة البحراوي التجارية,Nandos,NANDO'S PERI-PERI XXHOT S.250G,2025,57190.431999999986
Condiments & Sauces,Sauces,Hot & Spicy Sauces,Hot Sauce, شركة البحراوي التجارية,Nandos,NANDO'S PERI-PERI XXHOT S.250G,2026,38815.868445
Condiments & Sauces,Sauces,Hot & Spicy Sauces,Hot Sauce, شركة الفارس العربي للتجارة المحدودة,Baidar,BAIDAR EXTRA HOT SAUCE 265ML,2025,809.4799999999993
Condiments & Sauces,Sauces,Hot & Spicy Sauces,Hot Sauce, شركة الفارس العربي للتجارة المحدودة,Baidar,BAIDAR EXTRA HOT SAUCE 265ML,2026,26133.417033000005
Condiments & Sauces,Sauces,Hot & Spicy Sauces,Hot Sauce, شركة الفارس العربي للتجارة المحدودة,Baidar,BAIDAR HOT SAUCE 3KG,2025,117969.46399999979
Condiments & Sauces,Sauces,Hot & Spicy Sauces,Hot Sauce, شركة الفارس العربي للتجارة المحدودة,Baidar,BAIDAR HOT SAUCE 3KG,2026,95720.92463899989
Condiments & Sauces,Sauces,Hot & Spicy Sauces,Hot Sauce, شركة الفارس العربي للتجارة المحدودة,Baidar,BAIDAR HOT SAUCE 4.5L,2026,73.008692
Condiments & Sauces,Sauces,Hot & Spicy Sauces,Hot Sauce, شركة الفارس العربي للتجارة المحدودة,Baidar,BAIDAR HOT SAUCE 473ML,2025,5216.529000000003
Condiments & Sauces,Sauces,Hot & Spicy Sauces,Hot Sauce, شركة الفارس العربي للتجارة المحدودة,Baidar,BAIDAR HOT SAUCE 473ML,2026,40479.883654999976
Condiments & Sauces,Sauces,Hot & Spicy Sauces,Barbecue Sauce, شركة الفارس العربي للتجارة المحدودة,Baidar,BAIDAR ORIGINAL BBQ SAUCE 525G,2025,15400.16099999999
Condiments & Sauces,Sauces,Hot & Spicy Sauces,Barbecue Sauce, شركة الفارس العربي للتجارة المحدودة,Baidar,BAIDAR ORIGINAL BBQ SAUCE 525G,2026,105348.93277499989
Condiments & Sauces,Sauces,Hot & Spicy Sauces,Burger Sauce, شركة الفارس العربي للتجارة المحدودة,Baidar,BAIDAR TEXAS BURGER SAUCE 470G,2025,34756.85200000004
Condiments & Sauces,Sauces,Hot & Spicy Sauces,Burger Sauce, شركة الفارس العربي للتجارة المحدودة,Baidar,BAIDAR TEXAS BURGER SAUCE 470G,2026,207439.35175500013
Condiments & Sauces,Sauces,Hot & Spicy Sauces,Olive Pasta Sauce, شركة باسمح للتسويق المحدودة,Alalali,ALALALI PASTA SAUCE OLIVE 320G,2025,86863.16599999994
Condiments & Sauces,Sauces,Hot & Spicy Sauces,Olive Pasta Sauce, شركة باسمح للتسويق المحدودة,Alalali,ALALALI PASTA SAUCE OLIVE 320G,2026,51446.77969999988
Condiments & Sauces,Sauces,Hot & Spicy Sauces,Hot Sauce, شركة باسمح للتوزيع التجاري,Goody,GOODY BURGER SAUCE 250ML,2025,811567.804
Condiments & Sauces,Sauces,Hot & Spicy Sauces,Hot Sauce, شركة باسمح للتوزيع التجاري,Goody,GOODY BURGER SAUCE 250ML,2026,678589.8942640017
Condiments & Sauces,Sauces,Hot & Spicy Sauces,Spicy Sauce, شركة باسمح للتوزيع التجاري,Goody,GOODY DYNAMITE SAUCE 250ML,2025,61901.49399999988
Condiments & Sauces,Sauces,Hot & Spicy Sauces,Spicy Sauce, شركة باسمح للتوزيع التجاري,Goody,GOODY DYNAMITE SAUCE 250ML,2026,25910.704371000058
Condiments & Sauces,Sauces,Hot & Spicy Sauces,Spicy Sauce, شركة باسمح للتوزيع التجاري,Goody,GOODY GREEK MINT SAUCE 290M,2025,140.49
Condiments & Sauces,Sauces,Hot & Spicy Sauces,Spicy Sauce, شركة باسمح للتوزيع التجاري,Goody,GOODY HABANRO RANCH SAUCE 250M,2025,180584.32600000018
Condiments & Sauces,Sauces,Hot & Spicy Sauces,Spicy Sauce, شركة باسمح للتوزيع التجاري,Goody,GOODY HABANRO RANCH SAUCE 250M,2026,1929.7999849999999
Condiments & Sauces,Sauces,Hot & Spicy Sauces,Hot Sauce, شركة باسمح للتوزيع التجاري,Goody,GOODY HOT SAUCE 174ML,2025,130521.63499999998
Condiments & Sauces,Sauces,Hot & Spicy Sauces,Hot Sauce, شركة باسمح للتوزيع التجاري,Goody,GOODY HOT SAUCE 174ML,2026,96110.64233900016
Condiments & Sauces,Sauces,Hot & Spicy Sauces,Hot Sauce, شركة باسمح للتوزيع التجاري,Goody,GOODY HOT SAUCE 473ML,2025,217249.17600000044
Condiments & Sauces,Sauces,Hot & Spicy Sauces,Hot Sauce, شركة باسمح للتوزيع التجاري,Goody,GOODY HOT SAUCE 473ML,2026,212021.61607800116
Condiments & Sauces,Sauces,Hot & Spicy Sauces,Olive Pasta Sauce, شركة باسمح للتوزيع التجاري,Goody,GOODY PESTO PASTA SAUCE 190G,2026,51662.652695999976
Condiments & Sauces,Sauces,Hot & Spicy Sauces,Barbecue Sauce, شركة باسمح للتوزيع التجاري,Goody,GOODY SMOKED BBQ SAUCE 250ML,2025,355651.20199999976
Condiments & Sauces,Sauces,Hot & Spicy Sauces,Barbecue Sauce, شركة باسمح للتوزيع التجاري,Goody,GOODY SMOKED BBQ SAUCE 250ML,2026,213024.28342500012
Condiments & Sauces,Sauces,Hot & Spicy Sauces,Spicy Sauce, شركة باسمح للتوزيع التجاري,Goody,GOODY SPCY CHIPOTE SAUCE 250ML,2025,251367.36900000027
Condiments & Sauces,Sauces,Hot & Spicy Sauces,Spicy Sauce, شركة باسمح للتوزيع التجاري,Goody,GOODY SPCY CHIPOTE SAUCE 250ML,2026,213871.6356000005
Condiments & Sauces,Sauces,Hot & Spicy Sauces,Barbecue Sauce, شركة باسمح للتوزيع التجاري,Goody,GOODY TARTAR SAUCE 250ML,2025,180642.24100000036
Condiments & Sauces,Sauces,Hot & Spicy Sauces,Barbecue Sauce, شركة باسمح للتوزيع التجاري,Goody,GOODY TARTAR SAUCE 250ML,2026,174360.58965700015
Condiments & Sauces,Sauces,Hot & Spicy Sauces,Hot Sauce, شركة بساتين المأكولات العربية السعودية,Red Rooster,RED ROOSTER HOT SAUCE 175ML .,2026,12019.4
Condiments & Sauces,Sauces,Hot & Spicy Sauces,Hot Sauce, شركة بساتين المأكولات العربية السعودية,Red Rooster,RED ROOSTER HOT SAUCE 355ML,2026,10400
Condiments & Sauces,Sauces,Hot & Spicy Sauces,Hot Sauce, شركة بساتين المأكولات العربية السعودية,Red Rooster,RED ROOSTER HOT SAUCE 88ML.,2026,14745.616500999993
Condiments & Sauces,Sauces,Hot & Spicy Sauces,Hot Sauce, شركة بساتين المأكولات العربية السعودية,Red Rooster,RED ROOSTER JLPNO HT.SAUC175ML,2026,21905.34785800001
Condiments & Sauces,Sauces,Hot & Spicy Sauces,Hot Sauce, شركة بساتين المأكولات العربية السعودية,Red Rooster,RED ROOSTER JLPNO HT.SAUC355ML,2026,18748.608027999962
Condiments & Sauces,Sauces,Hot & Spicy Sauces,Barbecue Sauce, شركة بن زقر يونيليفر للتوزيع المحدودة,Hellmanns,HELLMANNS BBQ SAUCE 285G,2025,39554.83899999996
Condiments & Sauces,Sauces,Hot & Spicy Sauces,Barbecue Sauce, شركة بن زقر يونيليفر للتوزيع المحدودة,Hellmanns,HELLMANNS BBQ SAUCE 285G,2026,74178.01731
Condiments & Sauces,Sauces,Hot & Spicy Sauces,Hot Sauce, شركة بن زقر يونيليفر للتوزيع المحدودة,Hellmanns,HELLMANNS SPIRACHA H.SAUCE250G,2025,2373.120000000001
Condiments & Sauces,Sauces,Hot & Spicy Sauces,Hot Sauce, شركة بن زقر يونيليفر للتوزيع المحدودة,Hellmanns,HELLMANNS SPIRACHA H.SAUCE250G,2026,24798.573318999996
Condiments & Sauces,Sauces,Hot & Spicy Sauces,Barbecue Sauce, شركة تموين الشرق للتجارة شركة مساهمة مقفلة,Freshly,FRESHLY BBQ SAUCE HOT&SPCY510G,2025,8918
Condiments & Sauces,Sauces,Hot & Spicy Sauces,Barbecue Sauce, شركة تموين الشرق للتجارة شركة مساهمة مقفلة,Freshly,FRESHLY BBQ SAUCE HOT&SPCY510G,2026,3396.9042100000006
Condiments & Sauces,Sauces,Hot & Spicy Sauces,Barbecue Sauce, شركة تموين الشرق للتجارة شركة مساهمة مقفلة,Freshly,FRESHLY BBQ SAUCE ORIGIN 510G,2025,192805.6
Condiments & Sauces,Sauces,Hot & Spicy Sauces,Barbecue Sauce, شركة تموين الشرق للتجارة شركة مساهمة مقفلة,Freshly,FRESHLY BBQ SAUCE ORIGIN 510G,2026,171246.92344200044
Condiments & Sauces,Sauces,Hot & Spicy Sauces,Barbecue Sauce, شركة تموين الشرق للتجارة شركة مساهمة مقفلة,Freshly,FRESHLY BBQ SAUCE W/HONEY 510G,2025,97472.05
Condiments & Sauces,Sauces,Hot & Spicy Sauces,Barbecue Sauce, شركة تموين الشرق للتجارة شركة مساهمة مقفلة,Freshly,FRESHLY BBQ SAUCE W/HONEY 510G,2026,81407.2387989999
Condiments & Sauces,Sauces,Hot & Spicy Sauces,Barbecue Sauce, شركة تموين الشرق للتجارة شركة مساهمة مقفلة,Freshly,FRESHLY BUFALO CHICKENWING355M,2025,127787.73999999985
Condiments & Sauces,Sauces,Hot & Spicy Sauces,Barbecue Sauce, شركة تموين الشرق للتجارة شركة مساهمة مقفلة,Freshly,FRESHLY BUFALO CHICKENWING355M,2026,122858.81064599965
Condiments & Sauces,Sauces,Hot & Spicy Sauces,Burger Sauce, شركة تموين الشرق للتجارة شركة مساهمة مقفلة,Freshly,FRESHLY BURGER SAUCE 280G,2025,98794.77999999985
Condiments & Sauces,Sauces,Hot & Spicy Sauces,Burger Sauce, شركة تموين الشرق للتجارة شركة مساهمة مقفلة,Freshly,FRESHLY BURGER SAUCE 280G,2026,121626.50543199976
Condiments & Sauces,Sauces,Hot & Spicy Sauces,Spicy Sauce, شركة تموين الشرق للتجارة شركة مساهمة مقفلة,Freshly,FRESHLY GARLIC CHICKN W.S355ML,2025,70845.60999999987
Condiments & Sauces,Sauces,Hot & Spicy Sauces,Spicy Sauce, شركة تموين الشرق للتجارة شركة مساهمة مقفلة,Freshly,FRESHLY GARLIC CHICKN W.S355ML,2026,73173.91260000005
Condiments & Sauces,Sauces,Hot & Spicy Sauces,Barbecue Sauce, شركة تموين الشرق للتجارة شركة مساهمة مقفلة,Freshly,FRESHLY HICKORY S.BBQ SAU.510G,2025,16331.909999999994
Condiments & Sauces,Sauces,Hot & Spicy Sauces,Barbecue Sauce, شركة تموين الشرق للتجارة شركة مساهمة مقفلة,Freshly,FRESHLY HICKORY S.BBQ SAU.510G,2026,7023.704321999998
Condiments & Sauces,Sauces,Hot & Spicy Sauces,Spicy Sauce, شركة تموين الشرق للتجارة شركة مساهمة مقفلة,Freshly,FRESHLY HOT CHICKN W.SAUC355ML,2025,48743.24999999996
Condiments & Sauces,Sauces,Hot & Spicy Sauces,Spicy Sauce, شركة تموين الشرق للتجارة شركة مساهمة مقفلة,Freshly,FRESHLY HOT CHICKN W.SAUC355ML,2026,77892.15216399985
Condiments & Sauces,Sauces,Hot & Spicy Sauces,Marinade Sauce, شركة تموين الشرق للتجارة شركة مساهمة مقفلة,Freshly,FRESHLY MARINADE SOUCE 355ML,2025,31538
Condiments & Sauces,Sauces,Hot & Spicy Sauces,Marinade Sauce, شركة تموين الشرق للتجارة شركة مساهمة مقفلة,Freshly,FRESHLY MARINADE SOUCE 355ML,2026,26835.215789999933
Condiments & Sauces,Sauces,Hot & Spicy Sauces,Barbecue Sauce, شركة تموين الشرق للتجارة شركة مساهمة مقفلة,Freshly,FRESHLY SMOKEY BUFALO CHI.354M,2025,46280
Condiments & Sauces,Sauces,Hot & Spicy Sauces,Barbecue Sauce, شركة تموين الشرق للتجارة شركة مساهمة مقفلة,Freshly,FRESHLY SMOKEY BUFALO CHI.354M,2026,39053.14980699989
Condiments & Sauces,Sauces,Hot & Spicy Sauces,Spicy Sauce, شركة تموين الشرق للتجارة شركة مساهمة مقفلة,Freshly,FRESHLY TERIYAKI SAUCE 295ML,2025,37942.37999999995
Condiments & Sauces,Sauces,Hot & Spicy Sauces,Spicy Sauce, شركة تموين الشرق للتجارة شركة مساهمة مقفلة,Freshly,FRESHLY TERIYAKI SAUCE 295ML,2026,53187.82521999997
Condiments & Sauces,Sauces,Hot & Spicy Sauces,Spicy Sauce, شركة تموين الشرق للتجارة شركة مساهمة مقفلة,Freshly,FRESHLY WORCESTERSHIRE 295ML,2025,78753.82000000011
Condiments & Sauces,Sauces,Hot & Spicy Sauces,Spicy Sauce, شركة تموين الشرق للتجارة شركة مساهمة مقفلة,Freshly,FRESHLY WORCESTERSHIRE 295ML,2026,91254.22996399956
Condiments & Sauces,Sauces,Hot & Spicy Sauces,Hot Sauce, شركة تموين الشرق للتجارة شركة مساهمة مقفلة,Makati,MAKATI SWEET CHILI SAUCE 280ML,2025,143347.74999999962
Condiments & Sauces,Sauces,Hot & Spicy Sauces,Hot Sauce, شركة تموين الشرق للتجارة شركة مساهمة مقفلة,Makati,MAKATI SWEET CHILI SAUCE 280ML,2026,98328.01506500009
Condiments & Sauces,Sauces,Hot & Spicy Sauces,Hot Sauce, شركة تموين الشرق للتجارة شركة مساهمة مقفلة,Orient Garden,ORIENT GA.RED CHILI PASTE 210G,2025,49426.62200000009
Condiments & Sauces,Sauces,Hot & Spicy Sauces,Hot Sauce, شركة تموين الشرق للتجارة شركة مساهمة مقفلة,Orient Garden,ORIENT GA.RED CHILI PASTE 210G,2026,46316.73472299984
Condiments & Sauces,Sauces,Hot & Spicy Sauces,Spicy Sauce, شركة تموين الشرق للتجارة شركة مساهمة مقفلة,Orient Garden,ORIENT GARDENS DYNAMITE SAUCE 340ML,2026,81058.22788299984
Condiments & Sauces,Sauces,Hot & Spicy Sauces,Barbecue Sauce, شركة تموين الشرق للتجارة شركة مساهمة مقفلة,Peep,PEEP BBQ SAUCE ORIGINAL 510G,2025,31068.230000000043
Condiments & Sauces,Sauces,Hot & Spicy Sauces,Barbecue Sauce, شركة تموين الشرق للتجارة شركة مساهمة مقفلة,Peep,PEEP BBQ SAUCE ORIGINAL 510G,2026,27.391304
Condiments & Sauces,Sauces,Hot & Spicy Sauces,Hot Sauce, شركة تموين الشرق للتجارة شركة مساهمة مقفلة,Tabasco,TABASCO HOT SAU.SRIRACHA 256ML,2025,142703.2900000002
Condiments & Sauces,Sauces,Hot & Spicy Sauces,Hot Sauce, شركة تموين الشرق للتجارة شركة مساهمة مقفلة,Tabasco,TABASCO HOT SAU.SRIRACHA 256ML,2026,138035.40641499945
Condiments & Sauces,Sauces,Hot & Spicy Sauces,Hot Sauce, شركة تموين الشرق للتجارة شركة مساهمة مقفلة,Tabasco,TABASCO MILD GREENPEPPER 150ML,2025,148527.58000000022
Condiments & Sauces,Sauces,Hot & Spicy Sauces,Hot Sauce, شركة تموين الشرق للتجارة شركة مساهمة مقفلة,Tabasco,TABASCO MILD GREENPEPPER 150ML,2026,158588.14982200004
Condiments & Sauces,Sauces,Hot & Spicy Sauces,Hot Sauce, شركة تموين الشرق للتجارة شركة مساهمة مقفلة,Tabasco,TABASCO MILD GREENPEPPER 60ML,2025,128273.10999999978
Condiments & Sauces,Sauces,Hot & Spicy Sauces,Hot Sauce, شركة تموين الشرق للتجارة شركة مساهمة مقفلة,Tabasco,TABASCO MILD GREENPEPPER 60ML,2026,114544.35675800014
Condiments & Sauces,Sauces,Hot & Spicy Sauces,Hot Sauce, شركة تموين الشرق للتجارة شركة مساهمة مقفلة,Tabasco,TABASCO PEPPER SAUCE 150ML,2025,139793.11999999982
Condiments & Sauces,Sauces,Hot & Spicy Sauces,Hot Sauce, شركة تموين الشرق للتجارة شركة مساهمة مقفلة,Tabasco,TABASCO PEPPER SAUCE 150ML,2026,151661.74767
Condiments & Sauces,Sauces,Hot & Spicy Sauces,Hot Sauce, شركة تموين الشرق للتجارة شركة مساهمة مقفلة,Tabasco,TABASCO PEPPER SAUCE 350ML,2025,23713.129999999994
Condiments & Sauces,Sauces,Hot & Spicy Sauces,Hot Sauce, شركة تموين الشرق للتجارة شركة مساهمة مقفلة,Tabasco,TABASCO PEPPER SAUCE 350ML,2026,14076.756325999995
Condiments & Sauces,Sauces,Hot & Spicy Sauces,Hot Sauce, شركة تموين الشرق للتجارة شركة مساهمة مقفلة,Tabasco,TABASCO PEPPER SAUCE 60ML,2025,141217.35999999993
Condiments & Sauces,Sauces,Hot & Spicy Sauces,Hot Sauce, شركة تموين الشرق للتجارة شركة مساهمة مقفلة,Tabasco,TABASCO PEPPER SAUCE 60ML,2026,117247.2524680002
Condiments & Sauces,Sauces,Hot & Spicy Sauces,Hot Sauce, شركة تموين الشرق للتجارة شركة مساهمة مقفلة,Tabasco,TABASCO SCORPION SAUCE 60ML,2025,63396.629999999845
Condiments & Sauces,Sauces,Hot & Spicy Sauces,Hot Sauce, شركة تموين الشرق للتجارة شركة مساهمة مقفلة,Tabasco,TABASCO SCORPION SAUCE 60ML,2026,60508.48577600009
Condiments & Sauces,Sauces,Hot & Spicy Sauces,Hot Sauce, شركة تموين الشرق للتجارة شركة مساهمة مقفلة,Tabasco,TABASCO SRIRACHA SAUCE 566G,2025,97985.90000000017
Condiments & Sauces,Sauces,Hot & Spicy Sauces,Hot Sauce, شركة تموين الشرق للتجارة شركة مساهمة مقفلة,Tabasco,TABASCO SRIRACHA SAUCE 566G,2026,85220.4520460002
Condiments & Sauces,Sauces,Hot & Spicy Sauces,Hot Sauce, شركة سارية للاستثمار,Samyang Buldak,SAMYANG BULDAK CARBONARA HOT SAUCE 165ML,2026,120118.63525900013
Condiments & Sauces,Sauces,Hot & Spicy Sauces,Hot Sauce, شركة سارية للاستثمار,Samyang Buldak,SAMYANG BULDAK EXTREMELY SPICY HOT SAUCE 165ML,2026,80692.24381399987
Condiments & Sauces,Sauces,Hot & Spicy Sauces,Hot Sauce, شركة سارية للاستثمار,Samyang Buldak,SAMYANG BULDAK ORIGINAL HOT SAUCE 165ML,2026,105433.33078199979
Condiments & Sauces,Sauces,Hot & Spicy Sauces,Hot Sauce, شركة سعيد باوزير التجارية,Indofood,INDOFOOD HOT CHILI 340ML,2025,441119.71799999976
Condiments & Sauces,Sauces,Hot & Spicy Sauces,Hot Sauce, شركة سعيد باوزير التجارية,Indofood,INDOFOOD HOT CHILI 340ML,2026,325116.1233889992
Condiments & Sauces,Sauces,Hot & Spicy Sauces,Hot Sauce, شركة سعيد باوزير التجارية,Indofood,INDOFOOD LAMPUNG CHILI 140ML,2025,710242.0670000006
Condiments & Sauces,Sauces,Hot & Spicy Sauces,Hot Sauce, شركة سعيد باوزير التجارية,Indofood,INDOFOOD LAMPUNG CHILI 140ML,2026,576987.5657500018
Condiments & Sauces,Sauces,Hot & Spicy Sauces,Hot Sauce, شركة سعيد باوزير التجارية,Indofood,INDOFOOD LAMPUNG CHILI 340ML,2025,575642.5910000005
Condiments & Sauces,Sauces,Hot & Spicy Sauces,Hot Sauce, شركة سعيد باوزير التجارية,Indofood,INDOFOOD LAMPUNG CHILI 340ML,2026,481086.7000909978
Condiments & Sauces,Sauces,Hot & Spicy Sauces,Hot Sauce, شركة سعيد باوزير التجارية,Toya,TOYA  H.SAUCE LA.SUMATERA 140M,2025,234810.90200000053
Condiments & Sauces,Sauces,Hot & Spicy Sauces,Hot Sauce, شركة سعيد باوزير التجارية,Toya,TOYA  H.SAUCE LA.SUMATERA 140M,2026,286794.37469900015
Condiments & Sauces,Sauces,Hot & Spicy Sauces,Hot Sauce, شركة سعيد باوزير التجارية,Toya,TOYA C.SAUCE L/SUMATERA 340ML,2025,562784.8289999999
Condiments & Sauces,Sauces,Hot & Spicy Sauces,Hot Sauce, شركة سعيد باوزير التجارية,Toya,TOYA C.SAUCE L/SUMATERA 340ML,2026,429841.5497619992
Condiments & Sauces,Sauces,Hot & Spicy Sauces,Hot Sauce, شركة سعيد باوزير التجارية,Toya,TOYA CHILI SAU.EXTRA HOT 140ML,2025,96566.81399999988
Condiments & Sauces,Sauces,Hot & Spicy Sauces,Hot Sauce, شركة سعيد باوزير التجارية,Toya,TOYA CHILI SAU.EXTRA HOT 140ML,2026,88383.10270000006
Condiments & Sauces,Sauces,Hot & Spicy Sauces,Hot Sauce, شركة سعيد باوزير التجارية,Toya,TOYA CHILI SAUE ORIGINAL 140ML,2025,170217.65000000008
Condiments & Sauces,Sauces,Hot & Spicy Sauces,Hot Sauce, شركة سعيد باوزير التجارية,Toya,TOYA CHILI SAUE ORIGINAL 140ML,2026,168057.9003129999
Condiments & Sauces,Sauces,Hot & Spicy Sauces,Hot Sauce, شركة سعيد باوزير التجارية,Toya,TOYA HOT SAUCE 150ML,2025,59340.30199999995
Condiments & Sauces,Sauces,Hot & Spicy Sauces,Hot Sauce, شركة سعيد باوزير التجارية,Toya,TOYA HOT SAUCE 150ML,2026,38445.53271299984
Condiments & Sauces,Sauces,Hot & Spicy Sauces,Hot Sauce, شركة سعيد باوزير التجارية,Toya,TOYA HOT SAUCE 473ML,2025,117953.9729999999
Condiments & Sauces,Sauces,Hot & Spicy Sauces,Hot Sauce, شركة سعيد باوزير التجارية,Toya,TOYA HOT SAUCE 473ML,2026,87208.592835
Condiments & Sauces,Sauces,Hot & Spicy Sauces,Burger Sauce, شركة سعيد محمد عبيد بن زقر وشركاه المحدودة,Heinz,HEINZ BURGER SAUCE 225G,2026,11290.156520999994
Condiments & Sauces,Sauces,Hot & Spicy Sauces,Cheese Sauce, شركة سعيد محمد عبيد بن زقر وشركاه المحدودة,Heinz,HEINZ CHEESE SAUCE 225G,2026,18020.495648000004
Condiments & Sauces,Sauces,Hot & Spicy Sauces,Spicy Sauce, شركة سعيد محمد عبيد بن زقر وشركاه المحدودة,Heinz,HEINZ DYNAMITE SAUCE 225G,2026,35239.521462
Condiments & Sauces,Sauces,Hot & Spicy Sauces,Hot Sauce, شركة سعيد محمد عبيد بن زقر وشركاه المحدودة,Heinz,HEINZ HOT SAUCE ORIGINAL 165G,2026,14960.687155000025
Condiments & Sauces,Sauces,Hot & Spicy Sauces,Spicy Sauce, شركة سعيد محمد عبيد بن زقر وشركاه المحدودة,Heinz,HEINZ HOT SAUCE SRIRACHA 165G,2026,17324.132089999977
Condiments & Sauces,Sauces,Hot & Spicy Sauces,Spicy Sauce, شركة سعيد محمد عبيد بن زقر وشركاه المحدودة,Heinz,HEINZ HOT SAUCE SUMATRA 165G,2026,13873.262268999992
Condiments & Sauces,Sauces,Hot & Spicy Sauces,Spicy Sauce, شركة سعيد محمد عبيد بن زقر وشركاه المحدودة,Heinz,HEINZ SWEET CHILLI SAUCE 225G,2026,22342.678100000023
Condiments & Sauces,Sauces,Hot & Spicy Sauces,Hot Sauce, شركة سعيد محمد عبيد بن زقر وشركاه المحدودة,Red Rooster,RED ROOSTER HOT SAUCE 175ML .,2026,9005
Condiments & Sauces,Sauces,Hot & Spicy Sauces,Hot Sauce, شركة سعيد محمد عبيد بن زقر وشركاه المحدودة,Red Rooster,RED ROOSTER HOT SAUCE 355ML,2026,14316
Condiments & Sauces,Sauces,Hot & Spicy Sauces,Hot Sauce, شركة سعيد محمد عبيد بن زقر وشركاه المحدودة,Red Rooster,RED ROOSTER HOT SAUCE 88ML.,2026,10346.763290999983
Condiments & Sauces,Sauces,Hot & Spicy Sauces,Hot Sauce, شركة سعيد محمد عبيد بن زقر وشركاه المحدودة,Red Rooster,RED ROOSTER JLPNO HT.SAUC175ML,2026,11744.257684
Condiments & Sauces,Sauces,Hot & Spicy Sauces,Hot Sauce, شركة سعيد محمد عبيد بن زقر وشركاه المحدودة,Red Rooster,RED ROOSTER JLPNO HT.SAUC355ML,2026,9884.347480999992
Condiments & Sauces,Sauces,Hot & Spicy Sauces,Barbecue Sauce, شركة صناعات الاغذية والعجائن الفاخرة,Delicio,DELICIO HONEY BBQ SAUCE 532ML,2026,15051.034613000007
Condiments & Sauces,Sauces,Hot & Spicy Sauces,Hot Sauce, شركة صناعات الاغذية والعجائن الفاخرة,Delicio,DELICIO JALAPENO SAUCE 120ML,2026,109.443474
Condiments & Sauces,Sauces,Hot & Spicy Sauces,Barbecue Sauce, شركة صناعات الاغذية والعجائن الفاخرة,Delicio,DELICIO SPICY BBQ SAUCE 532ML,2026,10577.695538000002
Condiments & Sauces,Sauces,Hot & Spicy Sauces,Barbecue Sauce, شركة عصام قباني وشركاه للتموين والتجارة,Victoria,VICTORIA BBQ SAUCE 510G,2026,32839.763081
Condiments & Sauces,Sauces,Hot & Spicy Sauces,Hot Sauce, شركة عمان للمنتجات الزراعية,Haley,HALEY HOT SAUCE 4.5KG,2025,121246.81000000008
Condiments & Sauces,Sauces,Hot & Spicy Sauces,Hot Sauce, شركة عمان للمنتجات الزراعية,Haley,HALEY HOT SAUCE 4.5KG,2026,65939.9552
Condiments & Sauces,Sauces,Hot & Spicy Sauces,Hot Sauce, شركة عمان للمنتجات الزراعية,Haley,HALEY HOT SAUCE 473ML,2025,262058.8099999999
Condiments & Sauces,Sauces,Hot & Spicy Sauces,Hot Sauce, شركة عمان للمنتجات الزراعية,Haley,HALEY HOT SAUCE 473ML,2026,200444.68510599906
Condiments & Sauces,Sauces,Hot & Spicy Sauces,Hot Sauce, شركة عمان للمنتجات الزراعية,Haley,HALEY HOT SAUCE 88ML,2025,170414.63699999993
Condiments & Sauces,Sauces,Hot & Spicy Sauces,Hot Sauce, شركة عمان للمنتجات الزراعية,Haley,HALEY HOT SAUCE 88ML,2026,121148.41155799941
Condiments & Sauces,Sauces,Hot & Spicy Sauces,Hot Sauce, شركة مجموعة بافرط للصناعة لانتاج المواد الغذائية,Rana,RANA EXTRA HOT SAUCE 88ML,2025,101401.42999999938
Condiments & Sauces,Sauces,Hot & Spicy Sauces,Hot Sauce, شركة مجموعة بافرط للصناعة لانتاج المواد الغذائية,Rana,RANA EXTRA HOT SAUCE 88ML,2026,69507.16735899998
Condiments & Sauces,Sauces,Hot & Spicy Sauces,Hot Sauce, شركة مجموعة بافرط للصناعة لانتاج المواد الغذائية,Rana,RANA HOT SAUCE 176ML,2025,449100.07999999984
Condiments & Sauces,Sauces,Hot & Spicy Sauces,Hot Sauce, شركة مجموعة بافرط للصناعة لانتاج المواد الغذائية,Rana,RANA HOT SAUCE 176ML,2026,272991.4682750005
Condiments & Sauces,Sauces,Hot & Spicy Sauces,Hot Sauce, شركة مجموعة بافرط للصناعة لانتاج المواد الغذائية,Rana,RANA HOT SAUCE 4.5KG,2025,306226.0280000003
Condiments & Sauces,Sauces,Hot & Spicy Sauces,Hot Sauce, شركة مجموعة بافرط للصناعة لانتاج المواد الغذائية,Rana,RANA HOT SAUCE 4.5KG,2026,276724.24064900033
Condiments & Sauces,Sauces,Hot & Spicy Sauces,Hot Sauce, شركة مجموعة بافرط للصناعة لانتاج المواد الغذائية,Rana,RANA HOT SAUCE 474ML,2025,1526418.4649999994
Condiments & Sauces,Sauces,Hot & Spicy Sauces,Hot Sauce, شركة مجموعة بافرط للصناعة لانتاج المواد الغذائية,Rana,RANA HOT SAUCE 474ML,2026,1020803.1990029999
Condiments & Sauces,Sauces,Hot & Spicy Sauces,Hot Sauce, شركة مجموعة بافرط للصناعة لانتاج المواد الغذائية,Rana,RANA HOT SAUCE 88ML,2025,446511.2180000002
Condiments & Sauces,Sauces,Hot & Spicy Sauces,Hot Sauce, شركة مجموعة بافرط للصناعة لانتاج المواد الغذائية,Rana,RANA HOT SAUCE 88ML,2026,451391.1869169997
Condiments & Sauces,Sauces,Hot & Spicy Sauces,Hot Sauce, شركة مجموعة بافرط للصناعة لانتاج المواد الغذائية,Rana,RANA JALAPENO HOT SAUCE 88ML,2025,96701.62999999952
Condiments & Sauces,Sauces,Hot & Spicy Sauces,Hot Sauce, شركة مجموعة بافرط للصناعة لانتاج المواد الغذائية,Rana,RANA JALAPENO HOT SAUCE 88ML,2026,74864.12238899994
Condiments & Sauces,Sauces,Hot & Spicy Sauces,Hot Sauce, شركة مجموعة بافرط للصناعة لانتاج المواد الغذائية,Rana,RANA RED HOT SALSA 250G,2025,13855.080000000002
Condiments & Sauces,Sauces,Hot & Spicy Sauces,Hot Sauce, شركة مجموعة بافرط للصناعة لانتاج المواد الغذائية,Rana,RANA RED HOT SALSA 250G.,2025,95303.02999999998
Condiments & Sauces,Sauces,Hot & Spicy Sauces,Hot Sauce, شركة مجموعة بافرط للصناعة لانتاج المواد الغذائية,Rana,RANA RED HOT SALSA 250G.,2026,73292.17155699995
Condiments & Sauces,Sauces,Hot & Spicy Sauces,Hot Sauce, شركة مها أحمد الجفالي لتسويق المواد الغذائية,Cholula,CHOLULA HOT SAUCE ORIGINAL 150ML,2026,40338.077291999885
Condiments & Sauces,Sauces,Hot & Spicy Sauces,Hot Sauce, شركة مها أحمد الجفالي لتسويق المواد الغذائية,Franks,FRANKS RED HOT ORIGINAL 148ML,2026,7481.964928999995
Condiments & Sauces,Sauces,Hot & Spicy Sauces,Barbecue Sauce, شركة مهران العربية للتجارة,Mehran,MEHRAN S.BBQ SMOKE&SWETNS 300G,2025,35842.293
Condiments & Sauces,Sauces,Hot & Spicy Sauces,Barbecue Sauce, شركة مهران العربية للتجارة,Mehran,MEHRAN S.BBQ SMOKE&SWETNS 300G,2026,20636.73748999994
Condiments & Sauces,Sauces,Hot & Spicy Sauces,Chili Sauce, شركة مهران العربية للتجارة,Mehran,MEHRAN S.CHILLI HOT&SPICY 290G,2025,3900.4959999999987
Condiments & Sauces,Sauces,Hot & Spicy Sauces,Chili Sauce, شركة مهران العربية للتجارة,Mehran,MEHRAN S.CHILLI HOT&SPICY 290G,2026,5326.304186999999
Condiments & Sauces,Sauces,Hot & Spicy Sauces,Chili Sauce, شركة مهران العربية للتجارة,Mehran,MEHRAN S.TAMARND SWT&CHLI 310G,2025,44968.33299999997
Condiments & Sauces,Sauces,Hot & Spicy Sauces,Chili Sauce, شركة مهران العربية للتجارة,Mehran,MEHRAN S.TAMARND SWT&CHLI 310G,2026,29088.041430999947
Condiments & Sauces,Sauces,Hot & Spicy Sauces,Chili Sauce, شركة مهران العربية للتجارة,Mehran,MEHRAN SAUCE CHILI GARLIC 310G,2025,45995.39899999986
Condiments & Sauces,Sauces,Hot & Spicy Sauces,Chili Sauce, شركة مهران العربية للتجارة,Mehran,MEHRAN SAUCE CHILI GARLIC 310G,2026,24388.468083999993
Condiments & Sauces,Sauces,Hot & Spicy Sauces,Spicy Sauce, شركة مهران العربية للتجارة,Mehran,MEHRAN TAMARND&DATE SAUCE 310G,2025,6128.908999999999
Condiments & Sauces,Sauces,Hot & Spicy Sauces,Spicy Sauce, شركة مهران العربية للتجارة,Mehran,MEHRAN TAMARND&DATE SAUCE 310G,2026,8586.956132999994
Condiments & Sauces,Sauces,Hot & Spicy Sauces,Hot Sauce, شركة ميزان للاغذية,Crystal,CRYSTAL HOT SAUCE 176ML,2026,363841.25664799905
Condiments & Sauces,Sauces,Hot & Spicy Sauces,Hot Sauce, شركة ميزان للاغذية,Crystal,CRYSTAL HOT SAUCE 474ML,2026,688199.2137560005
Condiments & Sauces,Sauces,Hot & Spicy Sauces,Hot Sauce, شركة ميزان للاغذية,Crystal,CRYSTAL HOT SAUCE 88ML,2026,540626.8087519989
Condiments & Sauces,Sauces,Hot & Spicy Sauces,Hot Sauce, شركة ميزان للاغذية,Crystal,CRYSTAL SRIRACHA SAUCES 270G,2026,87634.98322000005
Condiments & Sauces,Sauces,Hot & Spicy Sauces,Hot Sauce, شركة ميزان للاغذية,Crystal,CRYSTAL SRIRACHA SAUCES 515G,2026,105278.37294999987
Condiments & Sauces,Sauces,Hot & Spicy Sauces,Bechamel Mix, شركة نستله العربية السعودية,Maggi,MAGGI BECHAMEL MIX 80G,2025,253528.46200000006
Condiments & Sauces,Sauces,Hot & Spicy Sauces,Bechamel Mix, شركة نستله العربية السعودية,Maggi,MAGGI BECHAMEL MIX 80G,2026,231803.1293260006
Condiments & Sauces,Sauces,Hot & Spicy Sauces,Barbecue Sauce, مصنع الفارس  للاغذية المحدودة,Haley,HALEY BBQ DRESSING 525G,2025,102475.61000000002
Condiments & Sauces,Sauces,Hot & Spicy Sauces,Barbecue Sauce, مصنع الفارس  للاغذية المحدودة,Haley,HALEY BBQ DRESSING 525G,2026,189601.26471099982
Condiments & Sauces,Sauces,Hot & Spicy Sauces,Hot Sauce, مصنع الفارس  للاغذية المحدودة,Haley,HALEY HOT SAUCE 176ML,2025,14026.629999999996
Condiments & Sauces,Sauces,Hot & Spicy Sauces,Hot Sauce, مصنع الفارس  للاغذية المحدودة,Haley,HALEY HOT SAUCE 176ML,2026,1030.3912900000003
Condiments & Sauces,Sauces,Hot & Spicy Sauces,Burger Sauce, مصنع الفارس  للاغذية المحدودة,Haley,HALEY TEXAS BURGER 470G,2025,141106.22
Condiments & Sauces,Sauces,Hot & Spicy Sauces,Burger Sauce, مصنع الفارس  للاغذية المحدودة,Haley,HALEY TEXAS BURGER 470G,2026,243006.5725670008
Condiments & Sauces,Sauces,Hot & Spicy Sauces,Spicy Sauce, مؤسسة المذاق العالمي للتجارة,Fritolay,FRITOLAY FRT.JLPNO.CHS.DP 255G,2025,6158.279999999998
Condiments & Sauces,Sauces,Hot & Spicy Sauces,Spicy Sauce, مؤسسة المذاق العالمي للتجارة,Fritolay,FRITOLAY FRT.JLPNO.CHS.DP 255G,2026,11318.138531999994
Condiments & Sauces,Sauces,Hot & Spicy Sauces,Cheese Sauce, مؤسسة المذاق العالمي للتجارة,Fritolay,FRITOLAY FRTS.MLD.CHDR.DP 255G,2025,1997.2799999999997
Condiments & Sauces,Sauces,Hot & Spicy Sauces,Cheese Sauce, مؤسسة المذاق العالمي للتجارة,Fritolay,FRITOLAY FRTS.MLD.CHDR.DP 255G,2026,1265.2955799999993
Condiments & Sauces,Sauces,Hot & Spicy Sauces,Spicy Sauce, مؤسسة المذاق العالمي للتجارة,Fritolay,FRITOLAY LAYS F.ONION DIP 425G,2025,1469.9099999999992
Condiments & Sauces,Sauces,Hot & Spicy Sauces,Spicy Sauce, مؤسسة المذاق العالمي للتجارة,Fritolay,FRITOLAY LAYS F.ONION DIP 425G,2026,611.8956479999998
Condiments & Sauces,Sauces,Hot & Spicy Sauces,Spicy Sauce, مؤسسة المذاق العالمي للتجارة,Fritolay,FRITOLAY LAYS SMTH.RNCH.D 425G,2025,744.5099999999996
Condiments & Sauces,Sauces,Hot & Spicy Sauces,Spicy Sauce, مؤسسة المذاق العالمي للتجارة,Fritolay,FRITOLAY LAYS SMTH.RNCH.D 425G,2026,286.826085
Condiments & Sauces,Sauces,Hot & Spicy Sauces,Spicy Sauce, مؤسسة المذاق العالمي للتجارة,Fritolay,FRITOLAY TST.HT.CHNK.HBNR 439G,2025,419.9799999999999
Condiments & Sauces,Sauces,Hot & Spicy Sauces,Spicy Sauce, مؤسسة المذاق العالمي للتجارة,Fritolay,FRITOLAY TST.HT.CHNK.HBNR 439G,2026,3327.1825860000004
Condiments & Sauces,Sauces,Hot & Spicy Sauces,Spicy Sauce, مؤسسة المذاق العالمي للتجارة,Fritolay,FRITOLAY TSTS.MD.CHNK.SLSA439G,2025,859.03
Condiments & Sauces,Sauces,Hot & Spicy Sauces,Spicy Sauce, مؤسسة المذاق العالمي للتجارة,Fritolay,FRITOLAY TSTS.MD.CHNK.SLSA439G,2026,5793.886917000002
Condiments & Sauces,Sauces,Hot & Spicy Sauces,Spicy Sauce, مؤسسة المذاق العالمي للتجارة,Fritolay,FRITOLAY TSTS.MLD.CHNK.SL.439G,2025,2138.05
Condiments & Sauces,Sauces,Hot & Spicy Sauces,Spicy Sauce, مؤسسة المذاق العالمي للتجارة,Fritolay,FRITOLAY TSTS.MLD.CHNK.SL.439G,2026,10249.252104000003
Condiments & Sauces,Sauces,Regional Sauces,Soy Sauce, شركة تموين الشرق للتجارة شركة مساهمة مقفلة,Freshly,FRESHLY SOY SAUCE 295ML,2025,92759.93000000017
Condiments & Sauces,Sauces,Regional Sauces,Soy Sauce, شركة تموين الشرق للتجارة شركة مساهمة مقفلة,Freshly,FRESHLY SOY SAUCE 295ML,2026,98034.96371399976
Condiments & Sauces,Sauces,Regional Sauces,Soy Sauce, شركة تموين الشرق للتجارة شركة مساهمة مقفلة,Freshly,FRESHLY SOY SAUCE 472ML,2025,47098.81000000002
Condiments & Sauces,Sauces,Regional Sauces,Soy Sauce, شركة تموين الشرق للتجارة شركة مساهمة مقفلة,Freshly,FRESHLY SOY SAUCE 472ML,2026,50462.605649999845
Condiments & Sauces,Sauces,Regional Sauces,Soy Sauce, شركة تموين الشرق للتجارة شركة مساهمة مقفلة,Makati,MAKATI SAUCE SOY 750ML,2025,53405.960000000065
Condiments & Sauces,Sauces,Regional Sauces,Soy Sauce, شركة تموين الشرق للتجارة شركة مساهمة مقفلة,Makati,MAKATI SAUCE SOY 750ML,2026,45144.56290999993
Condiments & Sauces,Sauces,Regional Sauces,Soy Sauce, شركة تموين الشرق للتجارة شركة مساهمة مقفلة,Makati,MAKATI SAUCE SOY CLASSIC 500ML,2025,102316.58999999995
Condiments & Sauces,Sauces,Regional Sauces,Soy Sauce, شركة تموين الشرق للتجارة شركة مساهمة مقفلة,Makati,MAKATI SAUCE SOY CLASSIC 500ML,2026,67319.99690900007
Condiments & Sauces,Sauces,Regional Sauces,Soy Sauce, شركة تموين الشرق للتجارة شركة مساهمة مقفلة,Makati,MAKATI SWEET CHILI SAUCE 280ML,2026,35914.31219300005
Condiments & Sauces,Sauces,Regional Sauces,Soy Sauce, شركة سعيد باوزير التجارية,Indofood,INDOFOOD MILD S.SAUCE 625ML,2025,548857.1519999994
Condiments & Sauces,Sauces,Regional Sauces,Soy Sauce, شركة سعيد باوزير التجارية,Indofood,INDOFOOD MILD S.SAUCE 625ML,2026,389550.56854500057
Condiments & Sauces,Sauces,Regional Sauces,Soy Sauce, شركة سعيد باوزير التجارية,Indofood,INDOFOOD MILD S.SOY SAUCE 340M,2025,46585.09800000001
Condiments & Sauces,Sauces,Regional Sauces,Soy Sauce, شركة سعيد باوزير التجارية,Indofood,INDOFOOD MILD S.SOY SAUCE 340M,2026,332008.78612500045
Condiments & Sauces,Sauces,Regional Sauces,Soy Sauce, شركة سعيد باوزير التجارية,Indofood,INDOFOOD MLD.SWET SOYSAUCE140M,2025,396.03499999999997
Condiments & Sauces,Sauces,Regional Sauces,Soy Sauce, شركة سعيد باوزير التجارية,Indofood,INDOFOOD MLD.SWET SOYSAUCE140M,2026,1752.17366
Condiments & Sauces,Sauces,Regional Sauces,Soy Sauce, شركة سعيد باوزير التجارية,Indofood,INDOFOOD SOY SAUCE SWEET 340ML,2025,591041.186
Condiments & Sauces,Sauces,Regional Sauces,Soy Sauce, شركة سعيد باوزير التجارية,Indofood,INDOFOOD SOY SAUCE SWEET 340ML,2026,450203.8372430014
Condiments & Sauces,Sauces,Regional Sauces,Soy Sauce, شركة سعيد باوزير التجارية,Indofood,INDOFOOD SWEET S.SAUCE 625ML,2025,472678.73999999976
Condiments & Sauces,Sauces,Regional Sauces,Soy Sauce, شركة سعيد باوزير التجارية,Indofood,INDOFOOD SWEET S.SAUCE 625ML,2026,367838.7080240003
Condiments & Sauces,Sauces,Regional Sauces,Soy Sauce, شركة سعيد باوزير التجارية,Indofood,INDOFOOD SWEET SOY SAUCE.140ML,2025,748843.9189999993
Condiments & Sauces,Sauces,Regional Sauces,Soy Sauce, شركة سعيد باوزير التجارية,Indofood,INDOFOOD SWEET SOY SAUCE.140ML,2026,649385.5922210001
Condiments & Sauces,Sauces,Regional Sauces,Soy Sauce, شركة سعيد محمد عبيد بن زقر وشركاه المحدودة,Kikkoman,KIKKOMAN SOY SAUCE 1L,2026,18601.39002299998
Condiments & Sauces,Sauces,Regional Sauces,Soy Sauce, شركة سعيد محمد عبيد بن زقر وشركاه المحدودة,Kikkoman,KIKKOMAN SOY SAUCE 250ML,2026,34132.11969700001
Condiments & Sauces,Sauces,Regional Sauces,Soy Sauce, شركة سعيد محمد عبيد بن زقر وشركاه المحدودة,Kikkoman,KIKKOMAN SOY SAUCE 600ML,2026,104692.94089300012
Condiments & Sauces,Sauces,Regional Sauces,Soy Sauce, شركة مهران العربية للتجارة,Mehran,MEHRAN SOY S.PERFECT DARK 270G,2025,28131.06499999996
Condiments & Sauces,Sauces,Regional Sauces,Soy Sauce, شركة مهران العربية للتجارة,Mehran,MEHRAN SOY S.PERFECT DARK 270G,2026,16230.78006299997
Condiments & Sauces,Sauces,Regional Sauces,Soy Sauce, شركة نستله العربية السعودية,Maggi,MAGGI SOY SAUCE 300ML,2025,162776.70000000024
Condiments & Sauces,Sauces,Regional Sauces,Soy Sauce, شركة نستله العربية السعودية,Maggi,MAGGI SOY SAUCE 300ML,2026,127554.57542099971
Condiments & Sauces,Sauces,Regional Sauces,Soy Sauce, شركة نستله العربية السعودية,Maggi,MAGGI SOY SAUCE 700ML,2025,140515.21899999966
Condiments & Sauces,Sauces,Regional Sauces,Soy Sauce, شركة نستله العربية السعودية,Maggi,MAGGI SOY SAUCE 700ML,2026,95718.83207199977
Condiments & Sauces,Sauces,Regional Sauces,Soy Sauce, مخازن سامي فاروق طالب الكثيري للمواد الغذائية,Abc,ABC SOY SAUCE MEDIUM SWT 620ML,2025,34685.720000000074
Condiments & Sauces,Sauces,Regional Sauces,Soy Sauce, مخازن سامي فاروق طالب الكثيري للمواد الغذائية,Abc,ABC SOY SAUCE MEDIUM SWT 620ML,2026,31299.04366200003
Condiments & Sauces,Sauces,Regional Sauces,Soy Sauce, مخازن سامي فاروق طالب الكثيري للمواد الغذائية,Abc,ABC SWEET SOY SAUCE 620ML,2025,26267.21000000004
Condiments & Sauces,Sauces,Regional Sauces,Soy Sauce, مخازن سامي فاروق طالب الكثيري للمواد الغذائية,Abc,ABC SWEET SOY SAUCE 620ML,2026,30336.13951999998
Condiments & Sauces,Condiments,Tomato Ketchup,Hot Tomato Ketchup, ALDurra For General Trading Co. Ltd,Durra,DURRA TOMATO KETCHUP HOT 5KG,2025,18320.22
Condiments & Sauces,Condiments,Tomato Ketchup,Hot Tomato Ketchup, ALDurra For General Trading Co. Ltd,Durra,DURRA TOMATO KETCHUP HOT 5KG,2026,14.773913
Condiments & Sauces,Condiments,Tomato Ketchup,Regular Tomato Ketchup, ALDurra For General Trading Co. Ltd,Durra,DURRA TOMATO KETCHUP SWEET 5KG,2025,21257.110000000008
Condiments & Sauces,Condiments,Tomato Ketchup,Regular Tomato Ketchup, الشركة السعودية لمنتجات الالبان والأغذية,Saudia,SAUDIA TOMATO KETCHUP 2x825G,2026,50
Condiments & Sauces,Condiments,Tomato Ketchup,Regular Tomato Ketchup, الشركة السعودية لمنتجات الالبان والأغذية,Saudia,SAUDIA TOMATO KETCHUP 340G,2026,52327.740854000076
Condiments & Sauces,Condiments,Tomato Ketchup,Regular Tomato Ketchup, الشركة السعودية لمنتجات الالبان والأغذية,Saudia,SAUDIA TOMATO KETCHUP 510G,2026,384604.04568599944
Condiments & Sauces,Condiments,Tomato Ketchup,Regular Tomato Ketchup, الشركة السعودية لمنتجات الالبان والأغذية,Saudia,SAUDIA TOMATO KETCHUP 825G,2026,328998.0609450014
Condiments & Sauces,Condiments,Tomato Ketchup,Regular Tomato Ketchup, شركة أبار واولاده الغذائية المحدودة,Freshco,FRESHCO TOMATO KETCHUP 340G,2025,265428.7939999999
Condiments & Sauces,Condiments,Tomato Ketchup,Regular Tomato Ketchup, شركة أبار واولاده الغذائية المحدودة,Freshco,FRESHCO TOMATO KETCHUP 340G,2026,319328.10087399965
Condiments & Sauces,Condiments,Tomato Ketchup,Hot Tomato Ketchup, شركة التموين العربي التجارية المحدودة,American Garden,AMERICAN G.KTCHP HOT&SPCY 567G,2026,18387.21346400001
Condiments & Sauces,Condiments,Tomato Ketchup,Regular Tomato Ketchup, شركة التموين العربي التجارية المحدودة,American Garden,AMERICAN G.TOMATO KETCHUP 680G,2026,134990.38292199868
Condiments & Sauces,Condiments,Tomato Ketchup,Hot Tomato Ketchup, شركة الغذاء النقي المحدودة,Noor,NOOR HOT TOMATO KETCHUP SQUEEZY 410G,2026,8.913043
Condiments & Sauces,Condiments,Tomato Ketchup,Regular Tomato Ketchup, شركة الغذاء النقي المحدودة,Noor,NOOR TOMATO KETCHUP SQUEEZY 300G,2026,62771.05724499976
Condiments & Sauces,Condiments,Tomato Ketchup,Regular Tomato Ketchup, شركة الغذاء النقي المحدودة,Noor,NOOR TOMATO KETCHUP SQUEEZY 410G,2026,51332.849414999975
Condiments & Sauces,Condiments,Tomato Ketchup,Regular Tomato Ketchup, شركة الغذاء النقي المحدودة,Tiffany,TIFFANY TOMATO KETCHUP SQUEEZY 340G,2026,123921.24692799957
Condiments & Sauces,Condiments,Tomato Ketchup,Regular Tomato Ketchup, شركة الغذاء النقي المحدودة,Tiffany,TIFFANY TOMATO KETCHUP SQUEEZY 850G,2026,104340.35142499988
Condiments & Sauces,Condiments,Tomato Ketchup,Regular Tomato Ketchup, شركة الغذاء النقي المحدودة,Tiffany,TIFFANY TOMT KETCHP 3x500G,2025,223886.38199999937
Condiments & Sauces,Condiments,Tomato Ketchup,Regular Tomato Ketchup, شركة الغذاء النقي المحدودة,Tiffany,TIFFANY TOMT KETCHP 3x500G,2026,212054.58864400015
Condiments & Sauces,Condiments,Tomato Ketchup,Regular Tomato Ketchup, شركة الفارس العربي للتجارة المحدودة,Baidar,BAIDAR TOMATO KETCHUP 2KG,2025,486388.1949999991
Condiments & Sauces,Condiments,Tomato Ketchup,Regular Tomato Ketchup, شركة الفارس العربي للتجارة المحدودة,Baidar,BAIDAR TOMATO KETCHUP 2KG,2026,542179.339054
Condiments & Sauces,Condiments,Tomato Ketchup,Regular Tomato Ketchup, شركة الفارس العربي للتجارة المحدودة,Baidar,BAIDAR TOMATO KETCHUP 3K,2025,116911.75599999996
Condiments & Sauces,Condiments,Tomato Ketchup,Regular Tomato Ketchup, شركة الفارس العربي للتجارة المحدودة,Baidar,BAIDAR TOMATO KETCHUP 3K,2026,100135.25893100015
Condiments & Sauces,Condiments,Tomato Ketchup,Regular Tomato Ketchup, شركة الفارس العربي للتجارة المحدودة,Baidar,BAIDAR TOMATO KETCHUP 5K,2025,207675.18600000005
Condiments & Sauces,Condiments,Tomato Ketchup,Regular Tomato Ketchup, شركة الفارس العربي للتجارة المحدودة,Baidar,BAIDAR TOMATO KETCHUP 5K,2026,178310.94301899974
Condiments & Sauces,Condiments,Tomato Ketchup,Regular Tomato Ketchup, شركة الفارس العربي للتجارة المحدودة,Baidar,BAIDAR TOMATO KTCHUP SQUZ 510G,2025,35114.07900000009
Condiments & Sauces,Condiments,Tomato Ketchup,Regular Tomato Ketchup, شركة الفارس العربي للتجارة المحدودة,Baidar,BAIDAR TOMATO KTCHUP SQUZ 510G,2026,97556.24620500009
Condiments & Sauces,Condiments,Tomato Ketchup,Regular Tomato Ketchup, شركة باسمح للتسويق المحدودة,Alalali,ALALALI T.KETCHUP 3x340G,2025,19910.42099999999
Condiments & Sauces,Condiments,Tomato Ketchup,Regular Tomato Ketchup, شركة باسمح للتسويق المحدودة,Alalali,ALALALI T.KETCHUP 3x340G .,2025,251681.5980000003
Condiments & Sauces,Condiments,Tomato Ketchup,Regular Tomato Ketchup, شركة باسمح للتسويق المحدودة,Alalali,ALALALI T.KETCHUP 3x340G .,2026,133555.4665179993
Condiments & Sauces,Condiments,Tomato Ketchup,Regular Tomato Ketchup, شركة باسمح للتسويق المحدودة,Alalali,ALALALI TOMATO KETCHUP 1050G,2025,183902.3990000002
Condiments & Sauces,Condiments,Tomato Ketchup,Regular Tomato Ketchup, شركة باسمح للتسويق المحدودة,Alalali,ALALALI TOMATO KETCHUP 1050G,2026,139509.15293800013
Condiments & Sauces,Condiments,Tomato Ketchup,Regular Tomato Ketchup, شركة باسمح للتسويق المحدودة,Alalali,ALALALI TOMATO KETCHUP 2x395G,2025,99513.36200000001
Condiments & Sauces,Condiments,Tomato Ketchup,Regular Tomato Ketchup, شركة باسمح للتسويق المحدودة,Alalali,ALALALI TOMATO KETCHUP 2x395G,2026,40219.91199600001
Condiments & Sauces,Condiments,Tomato Ketchup,Regular Tomato Ketchup, شركة باسمح للتسويق المحدودة,Alalali,ALALALI TOMATO KETCHUP 395G,2025,105605.20599999993
Condiments & Sauces,Condiments,Tomato Ketchup,Regular Tomato Ketchup, شركة باسمح للتسويق المحدودة,Alalali,ALALALI TOMATO KETCHUP 395G,2026,66846.86575399987
Condiments & Sauces,Condiments,Tomato Ketchup,Regular Tomato Ketchup, شركة باسمح للتسويق المحدودة,Alalali,ALALALI TOMATO KETCHUP 585G,2025,54441.345999999954
Condiments & Sauces,Condiments,Tomato Ketchup,Regular Tomato Ketchup, شركة باسمح للتسويق المحدودة,Alalali,ALALALI TOMATO KETCHUP 585G,2026,55974.38992100005
Condiments & Sauces,Condiments,Tomato Ketchup,Regular Tomato Ketchup, شركة باسمح للتسويق المحدودة,Alalali,ALALALI TOMATO KETCHUP 785G,2025,189831.41100000002
Condiments & Sauces,Condiments,Tomato Ketchup,Regular Tomato Ketchup, شركة باسمح للتسويق المحدودة,Alalali,ALALALI TOMATO KETCHUP 785G,2026,96208.857114
Condiments & Sauces,Condiments,Tomato Ketchup,Regular Tomato Ketchup, شركة باسمح للتوزيع التجاري,Goody,GOODY TOMATO KETCHUP 425G,2025,246160.0510000002
Condiments & Sauces,Condiments,Tomato Ketchup,Regular Tomato Ketchup, شركة باسمح للتوزيع التجاري,Goody,GOODY TOMATO KETCHUP 425G,2026,316399.7656370003
Condiments & Sauces,Condiments,Tomato Ketchup,Regular Tomato Ketchup, شركة باسمح للتوزيع التجاري,Goody,GOODY.NATURAL TOM.KETCHUP 425G,2025,83619.18999999994
Condiments & Sauces,Condiments,Tomato Ketchup,Regular Tomato Ketchup, شركة باسمح للتوزيع التجاري,Goody,GOODY.NATURAL TOM.KETCHUP 425G,2026,60015.589247999866
Condiments & Sauces,Condiments,Tomato Ketchup,Regular Tomato Ketchup, شركة باسمح للتوزيع التجاري,Treva,TREVA TOMATO KETCHUP SQUZ 500G,2025,706111.3190000008
Condiments & Sauces,Condiments,Tomato Ketchup,Regular Tomato Ketchup, شركة باسمح للتوزيع التجاري,Treva,TREVA TOMATO KETCHUP SQUZ 500G,2026,735945.669348001
Condiments & Sauces,Condiments,Tomato Ketchup,Regular Tomato Ketchup, شركة باسمح للتوزيع التجاري,Treva,TREVA TOMATO KETCHUP SQUZ 950G,2025,242286.53299999845
Condiments & Sauces,Condiments,Tomato Ketchup,Regular Tomato Ketchup, شركة باسمح للتوزيع التجاري,Treva,TREVA TOMATO KETCHUP SQUZ 950G,2026,672181.7641309962
Condiments & Sauces,Condiments,Tomato Ketchup,Regular Tomato Ketchup, شركة بن زقر يونيليفر للتوزيع المحدودة,Hellmanns,HELLMANNS TOMATO KETCHUP 290G,2025,70337.34300000001
Condiments & Sauces,Condiments,Tomato Ketchup,Regular Tomato Ketchup, شركة بن زقر يونيليفر للتوزيع المحدودة,Hellmanns,HELLMANNS TOMATO KETCHUP 290G,2026,63570.4605929999
Condiments & Sauces,Condiments,Tomato Ketchup,Regular Tomato Ketchup, شركة بن زقر يونيليفر للتوزيع المحدودة,Hellmanns,HELLMANNS TOMATO KETCHUP 500G,2025,85158.23599999992
Condiments & Sauces,Condiments,Tomato Ketchup,Regular Tomato Ketchup, شركة بن زقر يونيليفر للتوزيع المحدودة,Hellmanns,HELLMANNS TOMATO KETCHUP 500G,2026,96032.43721199984
Condiments & Sauces,Condiments,Tomato Ketchup,Regular Tomato Ketchup, شركة بن زقر يونيليفر للتوزيع المحدودة,Hellmanns,HELLMANNS TOMATO KETCHUP 800G,2025,183178.4509999999
Condiments & Sauces,Condiments,Tomato Ketchup,Regular Tomato Ketchup, شركة بن زقر يونيليفر للتوزيع المحدودة,Hellmanns,HELLMANNS TOMATO KETCHUP 800G,2026,174737.22729499982
Condiments & Sauces,Condiments,Tomato Ketchup,Regular Tomato Ketchup, شركة تموين الشرق للتجارة شركة مساهمة مقفلة,Freshly,FRESHLY TOMATO KETCHUP 1.07KG,2025,189698.1999999996
Condiments & Sauces,Condiments,Tomato Ketchup,Regular Tomato Ketchup, شركة تموين الشرق للتجارة شركة مساهمة مقفلة,Freshly,FRESHLY TOMATO KETCHUP 1.07KG,2026,246143.4800189998
Condiments & Sauces,Condiments,Tomato Ketchup,Regular Tomato Ketchup, شركة تموين الشرق للتجارة شركة مساهمة مقفلة,Freshly,FRESHLY TOMATO KETCHUP 397G,2025,284160
Condiments & Sauces,Condiments,Tomato Ketchup,Regular Tomato Ketchup, شركة تموين الشرق للتجارة شركة مساهمة مقفلة,Freshly,FRESHLY TOMATO KETCHUP 397G,2026,286387.75023000006
Condiments & Sauces,Condiments,Tomato Ketchup,Regular Tomato Ketchup, شركة تموين الشرق للتجارة شركة مساهمة مقفلة,Freshly,FRESHLY TOMATO KETCHUP 567G,2025,391914.8020000002
Condiments & Sauces,Condiments,Tomato Ketchup,Regular Tomato Ketchup, شركة تموين الشرق للتجارة شركة مساهمة مقفلة,Freshly,FRESHLY TOMATO KETCHUP 567G,2026,244108.69355099977
Condiments & Sauces,Condiments,Tomato Ketchup,Regular Tomato Ketchup, شركة تموين الشرق للتجارة شركة مساهمة مقفلة,Freshly,FRESHLY TOMATO KETCHUP 680G,2025,244894.62499999985
Condiments & Sauces,Condiments,Tomato Ketchup,Regular Tomato Ketchup, شركة تموين الشرق للتجارة شركة مساهمة مقفلة,Freshly,FRESHLY TOMATO KETCHUP 680G,2026,376442.6465570013
Condiments & Sauces,Condiments,Tomato Ketchup,Regular Tomato Ketchup, شركة تموين الشرق للتجارة شركة مساهمة مقفلة,Peep,PEEP TOMATO KETCHUP 5KG,2025,101374.91999999975
Condiments & Sauces,Condiments,Tomato Ketchup,Regular Tomato Ketchup, شركة تموين الشرق للتجارة شركة مساهمة مقفلة,Peep,PEEP TOMATO KETCHUP 5KG,2026,77441.11109899999
Condiments & Sauces,Condiments,Tomato Ketchup,Hot Tomato Ketchup, شركة سعيد محمد عبيد بن زقر وشركاه المحدودة,Heinz,HEINZ HOT TOMATO KETCP 460G,2026,42193.20072200005
Condiments & Sauces,Condiments,Tomato Ketchup,Regular Tomato Ketchup, شركة سعيد محمد عبيد بن زقر وشركاه المحدودة,Heinz,HEINZ TOMATO KETCHUP 1.35KG,2026,97089.43276599988
Condiments & Sauces,Condiments,Tomato Ketchup,Regular Tomato Ketchup, شركة سعيد محمد عبيد بن زقر وشركاه المحدودة,Heinz,HEINZ TOMATO KETCHUP 435G,2026,80978.72199200024
Condiments & Sauces,Condiments,Tomato Ketchup,Regular Tomato Ketchup, شركة سعيد محمد عبيد بن زقر وشركاه المحدودة,Heinz,HEINZ TOMATO KETCHUP 460G.,2026,111.234776
Condiments & Sauces,Condiments,Tomato Ketchup,Regular Tomato Ketchup, شركة سعيد محمد عبيد بن زقر وشركاه المحدودة,Heinz,HEINZ TOMATO KETCHUP SQUZ 342G,2026,82122.56233399997
Condiments & Sauces,Condiments,Tomato Ketchup,Regular Tomato Ketchup, شركة سعيد محمد عبيد بن زقر وشركاه المحدودة,Heinz,HEINZ TOMATO KETCHUP SQUZ 460G,2026,15423.582258999986
Condiments & Sauces,Condiments,Tomato Ketchup,Regular Tomato Ketchup, شركة سعيد محمد عبيد بن زقر وشركاه المحدودة,Heinz,HEINZ TOMATO KETCHUP SQUZ 700G,2026,160693.3460979999
Condiments & Sauces,Condiments,Tomato Ketchup,Regular Tomato Ketchup, شركة سعيد محمد عبيد بن زقر وشركاه المحدودة,Heinz,HEINZ TOMATO KETCHUP SQUZ 910G,2026,959380.0138709999
Condiments & Sauces,Condiments,Tomato Ketchup,Regular Tomato Ketchup, شركة سعيد محمد عبيد بن زقر وشركاه المحدودة,Heinz,HEINZ TOMATO KETCHUP.567G 20%,2026,39.130434
Condiments & Sauces,Condiments,Tomato Ketchup,Regular Tomato Ketchup, شركة صلصات ماما للصناعات الغذائية,Haley,HALEY KETCHUP JERRY CAN 3KG,2025,732746.2800000003
Condiments & Sauces,Condiments,Tomato Ketchup,Regular Tomato Ketchup, شركة صلصات ماما للصناعات الغذائية,Haley,HALEY KETCHUP JERRY CAN 3KG,2026,500835.6106300006
Condiments & Sauces,Condiments,Tomato Ketchup,Regular Tomato Ketchup, شركة صلصات ماما للصناعات الغذائية,Haley,HALEY KETCHUP SQUEEZE 510G,2025,986659.080000001
Condiments & Sauces,Condiments,Tomato Ketchup,Regular Tomato Ketchup, شركة صلصات ماما للصناعات الغذائية,Haley,HALEY KETCHUP SQUEEZE 510G,2026,577910.786832001
Condiments & Sauces,Condiments,Tomato Ketchup,Regular Tomato Ketchup, شركة عصام قباني وشركاه للتموين والتجارة,Victoria,VICTORIA TOMATO KETCHUP 340G,2026,39748.74658799992
Condiments & Sauces,Condiments,Tomato Ketchup,Regular Tomato Ketchup, شركة عصام قباني وشركاه للتموين والتجارة,Victoria,VICTORIA TOMATO KETCHUP 510G,2026,49813.44427699989
Condiments & Sauces,Condiments,Tomato Ketchup,Regular Tomato Ketchup, شركة مجموعة بافرط للصناعة لانتاج المواد الغذائية,Rana,RANA TOMATO KETCHUP 340G,2025,90259.6340000002
Condiments & Sauces,Condiments,Tomato Ketchup,Regular Tomato Ketchup, شركة مجموعة بافرط للصناعة لانتاج المواد الغذائية,Rana,RANA TOMATO KETCHUP 340G,2026,122629.8790080004
Condiments & Sauces,Condiments,Tomato Ketchup,Regular Tomato Ketchup, شركة مجموعة بافرط للصناعة لانتاج المواد الغذائية,Rana,RANA TOMATO KETCHUP 3K,2025,288015.64999999985
Condiments & Sauces,Condiments,Tomato Ketchup,Regular Tomato Ketchup, شركة مجموعة بافرط للصناعة لانتاج المواد الغذائية,Rana,RANA TOMATO KETCHUP 3K,2026,202030.07303500024
Condiments & Sauces,Condiments,Tomato Ketchup,Regular Tomato Ketchup, شركة مجموعة بافرط للصناعة لانتاج المواد الغذائية,Rana,RANA TOMATO KETCHUP 5K,2025,258316.11999999924
Condiments & Sauces,Condiments,Tomato Ketchup,Regular Tomato Ketchup, شركة مجموعة بافرط للصناعة لانتاج المواد الغذائية,Rana,RANA TOMATO KETCHUP 5K,2026,241202.9430090017
Condiments & Sauces,Condiments,Tomato Ketchup,Hot Tomato Ketchup, شركة مجموعة بافرط للصناعة لانتاج المواد الغذائية,Rana,RANA TOMATO KETCHUP CHILLI340G,2025,57204.249999999956
Condiments & Sauces,Condiments,Tomato Ketchup,Hot Tomato Ketchup, شركة مجموعة بافرط للصناعة لانتاج المواد الغذائية,Rana,RANA TOMATO KETCHUP CHILLI340G,2026,6762.0432190000065
Condiments & Sauces,Condiments,Tomato Ketchup,Hot Tomato Ketchup, شركة مجموعة بافرط للصناعة لانتاج المواد الغذائية,Rana,RANA TOMATO KETCHUP HOT 340G,2025,54466.41999999991
Condiments & Sauces,Condiments,Tomato Ketchup,Hot Tomato Ketchup, شركة مجموعة بافرط للصناعة لانتاج المواد الغذائية,Rana,RANA TOMATO KETCHUP HOT 340G,2026,11801.737716999989
Condiments & Sauces,Condiments,Tomato Ketchup,Regular Tomato Ketchup, شركة مجموعة بافرط للصناعة لانتاج المواد الغذائية,Rana,RANA TOMATO KETCHUP SQUZY 565G,2025,163573.2
Condiments & Sauces,Condiments,Tomato Ketchup,Regular Tomato Ketchup, شركة مجموعة بافرط للصناعة لانتاج المواد الغذائية,Rana,RANA TOMATO KETCHUP SQUZY 565G,2026,48639.12719100002
Condiments & Sauces,Condiments,Tomato Ketchup,Regular Tomato Ketchup, شركة مجموعة بافرط للصناعة لانتاج المواد الغذائية,Rana,RANA TOMATO KETCHUP SQUZY 720G,2025,138555.98999999967
Condiments & Sauces,Condiments,Tomato Ketchup,Regular Tomato Ketchup, شركة مجموعة بافرط للصناعة لانتاج المواد الغذائية,Rana,RANA TOMATO KETCHUP SQUZY 720G,2026,126365.21487299992
Condiments & Sauces,Condiments,Tomato Ketchup,Regular Tomato Ketchup, شركة مهران العربية للتجارة,Mehran,MEHRAN SAU.TOMATO KETCHUP 300G,2025,88.47
Condiments & Sauces,Condiments,Tomato Ketchup,Regular Tomato Ketchup, شركة مهران العربية للتجارة,Mehran,MEHRAN SAU.TOMATO KETCHUP 300G,2026,6.304347
Condiments & Sauces,Condiments,Tomato Ketchup,Regular Tomato Ketchup, شركة نستله العربية السعودية,Libbys,LIBBYS TOMATO KETCHUP 1KG,2025,199089.4449999999
Condiments & Sauces,Condiments,Tomato Ketchup,Regular Tomato Ketchup, شركة نستله العربية السعودية,Libbys,LIBBYS TOMATO KETCHUP 1KG,2026,172462.5937999992
Condiments & Sauces,Condiments,Tomato Ketchup,Regular Tomato Ketchup, شركة نستله العربية السعودية,Libbys,LIBBYS TOMATO KETCHUP SQZ 350G,2025,164803.3400000004
Condiments & Sauces,Condiments,Tomato Ketchup,Regular Tomato Ketchup, شركة نستله العربية السعودية,Libbys,LIBBYS TOMATO KETCHUP SQZ 350G,2026,139070.19481200006
Condiments & Sauces,Condiments,Tomato Ketchup,Regular Tomato Ketchup, شركة نستله العربية السعودية,Libbys,LIBBYS TOMATO KETCHUP SQZ.760G,2025,1425627.0100000007
Condiments & Sauces,Condiments,Tomato Ketchup,Regular Tomato Ketchup, شركة نستله العربية السعودية,Libbys,LIBBYS TOMATO KETCHUP SQZ.760G,2026,592020.7783689997
Condiments & Sauces,Condiments,Tomato Ketchup,Regular Tomato Ketchup, مصنع الشركة العالمية للمواد الاستهلاكية المحدودة,Haley,HALEY TOMATO KETCHUP 5KG,2026,250008.11844899895
Confectionery,Chocolates,Assorted Chocolates,Gift Pack, Basamh Trading Company Ltd,Merci,MERCI ASSORTED 400G.,2025,2893.5300000000016
Confectionery,Chocolates,Assorted Chocolates,Gift Pack, Basamh Trading Company Ltd,Merci,MERCI ASSORTED CHOCOLATES 250G,2025,4049.2400000000016
Confectionery,Chocolates,Assorted Chocolates,Gift Pack, Basamh Trading Company Ltd,Merci,MERCI ASSORTED CHOCOLATES 250G,2026,43920.74794799999
Confectionery,Chocolates,Assorted Chocolates,Gift Pack, Basamh Trading Company Ltd,Merci,MERCI ASSORTED MILK CHOC.250G,2025,1714.5500000000002
Confectionery,Chocolates,Assorted Chocolates,Gift Pack, Basamh Trading Company Ltd,Merci,MERCI ASSORTED MILK CHOC.250G,2026,45526.20022500002
Confectionery,Chocolates,Assorted Chocolates,Gift Pack, Basamh Trading Company Ltd,Merci,MERCI CHOC 250G.,2025,2918.400000000001
Confectionery,Chocolates,Assorted Chocolates,Gift Pack, Basamh Trading Company Ltd,Merci,MERCI CHOCOLATE ASSORTED 400G,2025,2314.8399999999992
Confectionery,Chocolates,Assorted Chocolates,Gift Pack, Basamh Trading Company Ltd,Merci,MERCI CHOCOLATE ASSORTED 400G,2026,94712.32052999997
Confectionery,Chocolates,Assorted Chocolates,Gift Pack, Basamh Trading Company Ltd,Merci,MERCI CHOCOLATES 250G.,2025,4888.299999999997
Confectionery,Chocolates,Assorted Chocolates,Gift Pack, شركة التجارة العمومية,Lindt,LINDT ASORTD 200G.,2025,4462.20000000001
Confectionery,Chocolates,Assorted Chocolates,Gift Pack, شركة التجارة العمومية,Lindt,LINDT ASORTD 337G.,2025,5205.649999999994
Confectionery,Chocolates,Assorted Chocolates,Gift Pack, شركة التجارة العمومية,Lindt,LINDT LINDOR CHOCO ASORTD 200G,2025,68385.28099999996
Confectionery,Chocolates,Assorted Chocolates,Gift Pack, شركة التجارة العمومية,Lindt,LINDT LINDOR CHOCO ASORTD 200G,2026,97393.26142400011
Confectionery,Chocolates,Assorted Chocolates,Gift Pack, شركة التجارة العمومية,Lindt,LINDT LINDOR CHOCO.ASORTD 337G,2025,49175.06799999995
Confectionery,Chocolates,Assorted Chocolates,Gift Pack, شركة التجارة العمومية,Lindt,LINDT LINDOR CHOCO.ASORTD 337G,2026,105910.27753699981
Confectionery,Chocolates,Assorted Chocolates,Gift Pack, شركة التجارة العمومية,Lindt,LINDT LINDOR MILK 337G,2025,73355.52900000004
Confectionery,Chocolates,Assorted Chocolates,Gift Pack, شركة التجارة العمومية,Lindt,LINDT LINDOR MILK 337G,2026,120604.244465
Confectionery,Chocolates,Assorted Chocolates,Gift Pack, شركة التجارة العمومية,Lindt,LINDT MILK 337G.,2025,9372.740000000005
Confectionery,Chocolates,Assorted Chocolates,Gift Pack, شركة ايتوال للصناعة,Etoile,ETOILE CHOCOLATE MIX 500G,2026,23342.304547000043
Confectionery,Chocolates,Assorted Chocolates,Gift Pack, شركة ايتوال للصناعة,Etoile,ETOILE HALLKOUM MIX 500G,2026,15379.582681000033
Confectionery,Chocolates,Assorted Chocolates,Gift Pack, شركة ايتوال للصناعة,Etoile,ETOILE SWEET TARTE 500G.,2026,57225.59029400006
Confectionery,Chocolates,Assorted Chocolates,Gift Pack, شركة باسمح التجارية المحدودة ذات شخص واحد,Merci,MERCI ASSORTED CHOCOLATES 250G,2026,38287.55691300002
Confectionery,Chocolates,Assorted Chocolates,Gift Pack, شركة باسمح التجارية المحدودة ذات شخص واحد,Merci,MERCI ASSORTED MILK CHOC.250G,2026,26211.417627000053
Confectionery,Chocolates,Assorted Chocolates,Gift Pack, شركة باسمح التجارية المحدودة ذات شخص واحد,Merci,MERCI CHOCOLATE ASSORTED 400G,2026,32803.13023599996
Confectionery,Chocolates,Assorted Chocolates,Gift Pack, شركة بلاديس العربية للصناعات الغذائية,Govida,GOVIDA MASTERPIECES ASSORTED CHOCOLATE 197.6G,2026,48697.33905699999
Confectionery,Chocolates,Assorted Chocolates,Gift Pack, شركة بلاديس العربية للصناعات الغذائية,Ulker,ULKER HZL 294G.,2025,9005.19000000001
Confectionery,Chocolates,Assorted Chocolates,Gift Pack, شركة بلاديس العربية للصناعات الغذائية,Ulker,ULKER SURPRZ MLK CHOC HZL 294G,2025,68734.83199999995
Confectionery,Chocolates,Assorted Chocolates,Gift Pack, شركة بلاديس العربية للصناعات الغذائية,Ulker,ULKER SURPRZ MLK CHOC HZL 294G,2026,46236.755099000016
Confectionery,Chocolates,Assorted Chocolates,Gift Pack, شركة فيرجلف السعودية للتجارة,Ferrero,FERRERO CHOCO 259G.,2025,15951.780000000002
Confectionery,Chocolates,Assorted Chocolates,Gift Pack, شركة فيرجلف السعودية للتجارة,Ferrero,FERRERO CHOCOLATE 375G.,2025,10008.959999999997
Confectionery,Chocolates,Assorted Chocolates,Gift Pack, شركة فيرجلف السعودية للتجارة,Ferrero,FERRERO COLLECTION CHOCO 259G,2025,340988.5400000001
Confectionery,Chocolates,Assorted Chocolates,Gift Pack, شركة فيرجلف السعودية للتجارة,Ferrero,FERRERO COLLECTION CHOCO 259G,2026,244168.3749520002
Confectionery,Chocolates,Assorted Chocolates,Gift Pack, شركة فيرجلف السعودية للتجارة,Ferrero,FERRERO ROCHER CHOCOLATE 375G,2025,152021.77500000008
Confectionery,Chocolates,Assorted Chocolates,Gift Pack, شركة فيرجلف السعودية للتجارة,Ferrero,FERRERO ROCHER CHOCOLATE 375G,2026,256800.1202690001
Confectionery,Chocolates,Assorted Chocolates,Gift Pack, شركة فيرجلف السعودية للتجارة,Ferrero,FERRERO ROCHER T16 200G,2025,215220.029
Confectionery,Chocolates,Assorted Chocolates,Gift Pack, شركة فيرجلف السعودية للتجارة,Ferrero,FERRERO ROCHER T16 200G,2026,358600.37947300065
Confectionery,Chocolates,Assorted Chocolates,Gift Pack, شركة فيرجلف السعودية للتجارة,Ferrero,FERRERO ROCHER T24 300G,2025,1487159.274999992
Confectionery,Chocolates,Assorted Chocolates,Gift Pack, شركة فيرجلف السعودية للتجارة,Ferrero,FERRERO ROCHER T24 300G,2026,991205.2880760023
Confectionery,Chocolates,Assorted Chocolates,Gift Pack, شركة فيرجلف السعودية للتجارة,Ferrero,FERRERO ROCHER T3 37.5G,2025,399473.91500000044
Confectionery,Chocolates,Assorted Chocolates,Gift Pack, شركة فيرجلف السعودية للتجارة,Ferrero,FERRERO ROCHER T3 37.5G,2026,220547.73759899885
Confectionery,Chocolates,Assorted Chocolates,Gift Pack, شركة فيرجلف السعودية للتجارة,Ferrero,FERRERO T 200G.,2025,26296.60000000001
Confectionery,Chocolates,Assorted Chocolates,Gift Pack, شركة فيرجلف السعودية للتجارة,Ferrero,FERRERO T 300G.,2025,23220.869999999977
Confectionery,Chocolates,Assorted Chocolates,Gift Pack, شركة فيرجلف السعودية للتجارة,Ferrero,FERRERO T 5G.,2025,35039.70999999993
Confectionery,Chocolates,Assorted Chocolates,Gift Pack, شركة فيرجلف السعودية للتجارة,Kinder,KINDER RAMADAN CALENDER 218G.,2025,54542.38999999993
Confectionery,Chocolates,Assorted Chocolates,Gift Pack, شركة فيرجلف السعودية للتجارة,Kinder,KINDER RAMADAN CALENDER 218G.,2026,565.104345
Confectionery,Chocolates,Assorted Chocolates,Gift Pack, شركة مارس السعودية العربية للتجارة المحدودة - شركة شخص واحد,Galaxy,GALAXY CACAO 35G.,2025,5357.8399999999865
Confectionery,Chocolates,Assorted Chocolates,Gift Pack, شركة مارس السعودية العربية للتجارة المحدودة - شركة شخص واحد,Galaxy,GALAXY CAN 200G.,2025,24160.079999999973
Confectionery,Chocolates,Assorted Chocolates,Gift Pack, شركة مارس السعودية العربية للتجارة المحدودة - شركة شخص واحد,Galaxy,GALAXY FLAVORS 700G.,2025,10534.340000000004
Confectionery,Chocolates,Assorted Chocolates,Gift Pack, شركة مارس السعودية العربية للتجارة المحدودة - شركة شخص واحد,Galaxy,GALAXY FUSIONS PEACH CACAO 35G,2025,16715.432999999983
Confectionery,Chocolates,Assorted Chocolates,Gift Pack, شركة مارس السعودية العربية للتجارة المحدودة - شركة شخص واحد,Galaxy,GALAXY FUSIONS PEACH CACAO 35G,2026,15676.807623000008
Confectionery,Chocolates,Assorted Chocolates,Gift Pack, شركة مارس السعودية العربية للتجارة المحدودة - شركة شخص واحد,Galaxy,GALAXY FUSIONS SELECTON 271.2G,2025,734.23
Confectionery,Chocolates,Assorted Chocolates,Gift Pack, شركة مارس السعودية العربية للتجارة المحدودة - شركة شخص واحد,Galaxy,GALAXY G CHCO ASRTD.,2025,49895.04300000007
Confectionery,Chocolates,Assorted Chocolates,Gift Pack, شركة مارس السعودية العربية للتجارة المحدودة - شركة شخص واحد,Galaxy,GALAXY G OF.,2025,3087.080000000001
Confectionery,Chocolates,Assorted Chocolates,Gift Pack, شركة مارس السعودية العربية للتجارة المحدودة - شركة شخص واحد,Galaxy,GALAXY G SO.,2025,57794.23499999992
Confectionery,Chocolates,Assorted Chocolates,Gift Pack, شركة مارس السعودية العربية للتجارة المحدودة - شركة شخص واحد,Galaxy,GALAXY J.CHCO ASRTD 400G 10%OF,2025,305298.0239999997
Confectionery,Chocolates,Assorted Chocolates,Gift Pack, شركة مارس السعودية العربية للتجارة المحدودة - شركة شخص واحد,Galaxy,GALAXY J.CHCO ASRTD 400G 10%OF,2026,537541.0923729999
Confectionery,Chocolates,Assorted Chocolates,Gift Pack, شركة مارس السعودية العربية للتجارة المحدودة - شركة شخص واحد,Galaxy,GALAXY J.CHCO ASRTD.900G 10%OF,2025,8231925.085999998
Confectionery,Chocolates,Assorted Chocolates,Gift Pack, شركة مارس السعودية العربية للتجارة المحدودة - شركة شخص واحد,Galaxy,GALAXY J.CHCO ASRTD.900G 10%OF,2026,14026.347817999993
Confectionery,Chocolates,Assorted Chocolates,Gift Pack, شركة مارس السعودية العربية للتجارة المحدودة - شركة شخص واحد,Galaxy,GALAXY JEWELS 400G,2025,42945.16100000001
Confectionery,Chocolates,Assorted Chocolates,Gift Pack, شركة مارس السعودية العربية للتجارة المحدودة - شركة شخص واحد,Galaxy,GALAXY JEWELS 400G,2026,129613.65821499994
Confectionery,Chocolates,Assorted Chocolates,Gift Pack, شركة مارس السعودية العربية للتجارة المحدودة - شركة شخص واحد,Galaxy,GALAXY JEWELS 400G.,2025,26497.420000000013
Confectionery,Chocolates,Assorted Chocolates,Gift Pack, شركة مارس السعودية العربية للتجارة المحدودة - شركة شخص واحد,Galaxy,GALAXY JEWELS 650G,2025,700035.762000002
Confectionery,Chocolates,Assorted Chocolates,Gift Pack, شركة مارس السعودية العربية للتجارة المحدودة - شركة شخص واحد,Galaxy,GALAXY JEWELS 650G,2026,5022385.224659003
Confectionery,Chocolates,Assorted Chocolates,Gift Pack, شركة مارس السعودية العربية للتجارة المحدودة - شركة شخص واحد,Galaxy,GALAXY JEWELS 650G.,2025,151319.7550000001
Confectionery,Chocolates,Assorted Chocolates,Gift Pack, شركة مارس السعودية العربية للتجارة المحدودة - شركة شخص واحد,Galaxy,GALAXY JEWELS 900G.,2025,951277.9150000045
Confectionery,Chocolates,Assorted Chocolates,Gift Pack, شركة مارس السعودية العربية للتجارة المحدودة - شركة شخص واحد,Galaxy,GALAXY JEWELS 900G.,2026,7876142.375879997
Confectionery,Chocolates,Assorted Chocolates,Gift Pack, شركة مارس السعودية العربية للتجارة المحدودة - شركة شخص واحد,Galaxy,GALAXY JEWELS ASSORTED CHOCOLATES 175G,2026,791.0782370000005
Confectionery,Chocolates,Assorted Chocolates,Gift Pack, شركة مارس السعودية العربية للتجارة المحدودة - شركة شخص واحد,Galaxy,GALAXY JEWELS ASSORTED CHOCOLATES 300G,2026,92738.84226999996
Confectionery,Chocolates,Assorted Chocolates,Gift Pack, شركة مارس السعودية العربية للتجارة المحدودة - شركة شخص واحد,Galaxy,GALAXY JEWELS ASSORTED CHOCOLATES 550G,2026,26848.817138000013
Confectionery,Chocolates,Assorted Chocolates,Gift Pack, شركة مارس السعودية العربية للتجارة المحدودة - شركة شخص واحد,Galaxy,GALAXY JEWELS ASSORTED CHOCOLATES 850G,2026,30586.95627000002
Confectionery,Chocolates,Assorted Chocolates,Gift Pack, شركة مارس السعودية العربية للتجارة المحدودة - شركة شخص واحد,Galaxy,GALAXY JEWELS CAN 200G,2025,152831.5199999995
Confectionery,Chocolates,Assorted Chocolates,Gift Pack, شركة مارس السعودية العربية للتجارة المحدودة - شركة شخص واحد,Galaxy,GALAXY JEWELS CAN 200G,2026,206319.2908159999
Confectionery,Chocolates,Assorted Chocolates,Gift Pack, شركة مارس السعودية العربية للتجارة المحدودة - شركة شخص واحد,Galaxy,GALAXY JEWELS CAN FLAVORS 700G,2025,566574.5670000006
Confectionery,Chocolates,Assorted Chocolates,Gift Pack, شركة مارس السعودية العربية للتجارة المحدودة - شركة شخص واحد,Galaxy,GALAXY JEWELS CAN FLAVORS 700G,2026,409068.1665870006
Confectionery,Chocolates,Assorted Chocolates,Gift Pack, شركة مارس السعودية العربية للتجارة المحدودة - شركة شخص واحد,Galaxy,GALAXY JEWELS CHOC 650G SO,2025,4923827.413000001
Confectionery,Chocolates,Assorted Chocolates,Gift Pack, شركة مارس السعودية العربية للتجارة المحدودة - شركة شخص واحد,Galaxy,GALAXY JEWELS CHOC 650G SO,2026,6975.139110999998
Confectionery,Chocolates,Assorted Chocolates,Gift Pack, شركة مارس السعودية العربية للتجارة المحدودة - شركة شخص واحد,Galaxy,GALAXY JEWELS LANTERN ASSORTED CHOCOLATES 225G,2026,92013.29606300042
Confectionery,Chocolates,Assorted Chocolates,Gift Pack, شركة مارس السعودية العربية للتجارة المحدودة - شركة شخص واحد,Galaxy,GALAXY SELECTON 2G.,2025,621.28
Confectionery,Chocolates,Assorted Chocolates,Gift Pack, شركة مارس السعودية العربية للتجارة المحدودة - شركة شخص واحد,Galaxy,GALAXY SELECTON 8G.,2025,41.74
Confectionery,Chocolates,Assorted Chocolates,Gift Pack, شركة مونديليز العربية للتجارة,Cadbury,CADBURY ASSORTD CHOCOLATE 500G,2025,1273534.6580000015
Confectionery,Chocolates,Assorted Chocolates,Gift Pack, شركة مونديليز العربية للتجارة,Cadbury,CADBURY ASSORTD CHOCOLATE 500G,2026,1665794.187705006
Confectionery,Chocolates,Assorted Chocolates,Gift Pack, شركة مونديليز العربية للتجارة,Cadbury,CADBURY CHOCO 200G.,2025,16645.82999999994
Confectionery,Chocolates,Assorted Chocolates,Gift Pack, شركة مونديليز العربية للتجارة,Cadbury,CADBURY CHOCO 400G.,2025,73102.66000000003
Confectionery,Chocolates,Assorted Chocolates,Gift Pack, شركة مونديليز العربية للتجارة,Cadbury,CADBURY CHOCOLATE 500G.,2025,86767.01600000002
Confectionery,Chocolates,Assorted Chocolates,Gift Pack, شركة مونديليز العربية للتجارة,Cadbury,CADBURY MINIATURES CHOCO 200G,2025,154765.4400000008
Confectionery,Chocolates,Assorted Chocolates,Gift Pack, شركة مونديليز العربية للتجارة,Cadbury,CADBURY MINIATURES CHOCO 200G,2026,129396.3092629996
Confectionery,Chocolates,Assorted Chocolates,Gift Pack, شركة مونديليز العربية للتجارة,Cadbury,CADBURY MINIATURES CHOCO 400G,2025,1093970.9419999996
Confectionery,Chocolates,Assorted Chocolates,Gift Pack, شركة مونديليز العربية للتجارة,Cadbury,CADBURY MINIATURES CHOCO 400G,2026,949556.8115650013
Confectionery,Chocolates,Assorted Chocolates,Gift Pack, شركة مونديليز العربية للتجارة,Cadbury,CADBURY MINIATURES.SPCL.E.600G,2025,474855.4690000019
Confectionery,Chocolates,Assorted Chocolates,Gift Pack, شركة مونديليز العربية للتجارة,Cadbury,CADBURY MINIATURES.SPCL.E.600G,2026,216080.77337000036
Confectionery,Chocolates,Assorted Chocolates,Gift Pack, شركة نستله العربيه السعوديه,Nestle,NESTLE CHOCOLATE 385G.,2025,9146.900000000001
Confectionery,Chocolates,Assorted Chocolates,Gift Pack, شركة نستله العربيه السعوديه,Nestle,NESTLE MINIS CHOCOLATE 385G,2025,118570.72899999985
Confectionery,Chocolates,Assorted Chocolates,Gift Pack, شركة نستله العربيه السعوديه,Nestle,NESTLE MINIS CHOCOLATE 385G,2026,93214.64342899996
Confectionery,Chocolates,Chocolate Bars,Milk Chocolate Bars,"",Ozmo,OZMO FUN CHOCOLATE MILK 23G,2026,1642.312910999999
Confectionery,Chocolates,Chocolate Bars,Nut Chocolate Bars, Philadelphia Chocolate Manuf.CO.,Today,TODAY MILK CHCO.W/COC.NUTS 36G,2026,21009.733395000025
Confectionery,Chocolates,Chocolate Bars,Nut Chocolate Bars, Philadelphia Chocolate Manuf.CO.,Today,TODAY MILK CHCO.W/HAZELNUT 36G,2026,25839.820968000036
Confectionery,Chocolates,Chocolate Bars,Nut Chocolate Bars, Philadelphia Chocolate Manuf.CO.,Today,TODAY MILK CHCO.W/PISTCHIO 36G,2026,24902.211775000018
Confectionery,Chocolates,Chocolate Bars,Nut Chocolate Bars, Philadelphia Chocolate Manuf.CO.,Today,TODAY MILK CHCO.WITH ALMND 36G,2026,25063.386001000013
Confectionery,Chocolates,Chocolate Bars,Milk Chocolate Bars, Philadelphia Chocolate Manuf.CO.,Today,TODAY MILK CHOCO.CLASSIC 36G,2026,24183.838124999962
Confectionery,Chocolates,Chocolate Bars,Milk Chocolate Bars, Philadelphia Chocolate Manuf.CO.,Today,TODAY MLK.CHOC.CTD.W/SUGAR 35G,2026,3098.5917249999948
Confectionery,Chocolates,Chocolate Bars,Nut Chocolate Bars, Philadelphia Chocolate Manuf.CO.,Today,TODAY MLK.CHOC.DRAG W/ALMD.35G,2026,11447.618704000024
Confectionery,Chocolates,Chocolate Bars,Nut Chocolate Bars, Philadelphia Chocolate Manuf.CO.,Today,TODAY PSTCHO.DRG.MLK.CHCLT 35G,2026,10847.053743000011
Confectionery,Chocolates,Chocolate Bars,Milk Chocolate Bars, Philadelphia Chocolate Manuf.CO.,Today,TODAY ZERO MLK.CHOC.N.SGAR 60G,2026,7388.712851000006
Confectionery,Chocolates,Chocolate Bars,Nut Chocolate Bars, Philadelphia Chocolate Manuf.CO.,Today,TODAY ZERO MLK.CHOCO.ALMND 60G,2026,17019.17341599995
Confectionery,Chocolates,Chocolate Bars,Milk Chocolate Bars, Philadelphia Chocolate Manuf.CO.,Today,TODAY ZERO MLK.CHOCO.COFEE 60G,2026,17279.164744999965
Confectionery,Chocolates,Chocolate Bars,Nut Chocolate Bars, Philadelphia Chocolate Manuf.CO.,Today,TODAY ZERO MLK.CHOCO.HZLNT 60G,2026,16254.582084999984
Confectionery,Chocolates,Chocolate Bars,Nut Chocolate Bars, Philadelphia Chocolate Manuf.CO.,Today,TODAY ZERO MLK.CHOCO.PSTCH 60G,2026,15324.329947999991
Confectionery,Chocolates,Chocolate Bars,Wafer Chocolate Bars, شركة الكابلي للتسويق المحدودة,Loacker,LOACKER CHOCO 54G.,2025,2929.928000000003
Confectionery,Chocolates,Chocolate Bars,Wafer Chocolate Bars, شركة الكابلي للتسويق المحدودة,Loacker,LOACKER CHOCO CREAM W/COCOA55G,2025,30057.451000000015
Confectionery,Chocolates,Chocolate Bars,Wafer Chocolate Bars, شركة الكابلي للتسويق المحدودة,Loacker,LOACKER CHOCO CREAM W/COCOA55G,2026,47562.174195999934
Confectionery,Chocolates,Chocolate Bars,Wafer Chocolate Bars, شركة الكابلي للتسويق المحدودة,Loacker,LOACKER CHOCO MILK CREME 55G,2025,10287.400999999998
Confectionery,Chocolates,Chocolate Bars,Wafer Chocolate Bars, شركة الكابلي للتسويق المحدودة,Loacker,LOACKER CHOCO MILK CREME 55G,2026,4433.243515999992
Confectionery,Chocolates,Chocolate Bars,Wafer Chocolate Bars, شركة الكابلي للتسويق المحدودة,Loacker,LOACKER COCOA COCOA55G.,2025,4260.272000000011
Confectionery,Chocolates,Chocolate Bars,Wafer Chocolate Bars, شركة الكابلي للتسويق المحدودة,Loacker,LOACKER CREME 55G.,2025,3830.107999999997
Confectionery,Chocolates,Chocolate Bars,Dark Chocolate Bars, شركة الكابلي للتسويق المحدودة,Loacker,LOACKER DRK 100G.,2025,35.228
Confectionery,Chocolates,Chocolate Bars,Dark Chocolate Bars, شركة الكابلي للتسويق المحدودة,Loacker,LOACKER LOACKINI FINE DRK 100G,2025,75.751
Confectionery,Chocolates,Chocolate Bars,Dark Chocolate Bars, شركة الكابلي للتسويق المحدودة,Loacker,LOACKER LOACKINI FINE DRK 100G,2026,194.72173700000002
Confectionery,Chocolates,Chocolate Bars,Wafer Chocolate Bars, شركة الكابلي للتسويق المحدودة,Loacker,LOACKER NAPOLITANER CHOCO 54G,2025,40532.94799999997
Confectionery,Chocolates,Chocolate Bars,Wafer Chocolate Bars, شركة الكابلي للتسويق المحدودة,Loacker,LOACKER NAPOLITANER CHOCO 54G,2026,43349.06986599991
Confectionery,Chocolates,Chocolate Bars,Nut Chocolate Bars, شركة الكابلي للتسويق المحدودة,Ritter,RITTER SPORT PISTAZIE 100G,2026,54210.54813999988
Confectionery,Chocolates,Chocolate Bars,Dark Chocolate Bars, شركة بلاديس العربية للصناعات الغذائية,Godiva,GODIVA 72% COCOA DRK CHOCO 32G,2025,169174.44000000018
Confectionery,Chocolates,Chocolate Bars,Dark Chocolate Bars, شركة بلاديس العربية للصناعات الغذائية,Godiva,GODIVA 72% COCOA DRK CHOCO 32G,2026,240027.20264200098
Confectionery,Chocolates,Chocolate Bars,Dark Chocolate Bars, شركة بلاديس العربية للصناعات الغذائية,Godiva,GODIVA ALMOND 36G.,2025,5.17
Confectionery,Chocolates,Chocolate Bars,Caramel Chocolate Bars, شركة بلاديس العربية للصناعات الغذائية,Godiva,GODIVA BAR 35G.,2025,51186.787999999986
Confectionery,Chocolates,Chocolate Bars,Milk Chocolate Bars, شركة بلاديس العربية للصناعات الغذائية,Godiva,GODIVA BAR 35G.,2025,213526.3369999984
Confectionery,Chocolates,Chocolate Bars,Milk Chocolate Bars, شركة بلاديس العربية للصناعات الغذائية,Godiva,GODIVA CHOC CHOC35G.,2025,60542.47599999994
Confectionery,Chocolates,Chocolate Bars,Nut Chocolate Bars, شركة بلاديس العربية للصناعات الغذائية,Godiva,GODIVA CHOC.SALTED CARAMEL 36G,2026,20.83478
Confectionery,Chocolates,Chocolate Bars,Nut Chocolate Bars, شركة بلاديس العربية للصناعات الغذائية,Godiva,GODIVA CHOCO 30G.,2025,25300.55999999997
Confectionery,Chocolates,Chocolate Bars,Caramel Chocolate Bars, شركة بلاديس العربية للصناعات الغذائية,Godiva,GODIVA CHOCO 32G.,2025,18796.35600000001
Confectionery,Chocolates,Chocolate Bars,Dark Chocolate Bars, شركة بلاديس العربية للصناعات الغذائية,Godiva,GODIVA CHOCO 32G.,2025,35682.54399999983
Confectionery,Chocolates,Chocolate Bars,Nut Chocolate Bars, شركة بلاديس العربية للصناعات الغذائية,Godiva,GODIVA CHOCO&HAZELNUT 30G.,2025,28252.24800000008
Confectionery,Chocolates,Chocolate Bars,Dark Chocolate Bars, شركة بلاديس العربية للصناعات الغذائية,Godiva,GODIVA CHOCOLATE 30G.,2025,22441.638000000006
Confectionery,Chocolates,Chocolate Bars,Caramel Chocolate Bars, شركة بلاديس العربية للصناعات الغذائية,Godiva,GODIVA CREAMY CAR CHOC BAR 35G,2025,222396.03199999963
Confectionery,Chocolates,Chocolate Bars,Caramel Chocolate Bars, شركة بلاديس العربية للصناعات الغذائية,Godiva,GODIVA CREAMY CAR CHOC BAR 35G,2026,207705.30308700062
Confectionery,Chocolates,Chocolate Bars,Milk Chocolate Bars, شركة بلاديس العربية للصناعات الغذائية,Godiva,GODIVA CREAMY CHOCOATE BAR 35G,2025,507212.1439999997
Confectionery,Chocolates,Chocolate Bars,Milk Chocolate Bars, شركة بلاديس العربية للصناعات الغذائية,Godiva,GODIVA CREAMY CHOCOATE BAR 35G,2026,462658.3629860016
Confectionery,Chocolates,Chocolate Bars,Dark Chocolate Bars, شركة بلاديس العربية للصناعات الغذائية,Godiva,GODIVA DARK CHOCO ALMOND 36G,2026,10.347826
Confectionery,Chocolates,Chocolate Bars,Dark Chocolate Bars, شركة بلاديس العربية للصناعات الغذائية,Godiva,GODIVA DARK CHOCO SEA SALT 32G,2025,34892.86599999997
Confectionery,Chocolates,Chocolate Bars,Dark Chocolate Bars, شركة بلاديس العربية للصناعات الغذائية,Godiva,GODIVA DARK CHOCO SEA SALT 32G,2026,32706.964790999926
Confectionery,Chocolates,Chocolate Bars,Dark Chocolate Bars, شركة بلاديس العربية للصناعات الغذائية,Godiva,GODIVA DARK CHOCOLATE 30G.,2025,82037.8790000001
Confectionery,Chocolates,Chocolate Bars,Dark Chocolate Bars, شركة بلاديس العربية للصناعات الغذائية,Godiva,GODIVA DARK CHOCOLATE 30G.,2026,92761.4813590002
Confectionery,Chocolates,Chocolate Bars,Nut Chocolate Bars, شركة بلاديس العربية للصناعات الغذائية,Godiva,GODIVA DOMES HAZLNUT CHOCO 30G,2025,98477.59799999929
Confectionery,Chocolates,Chocolate Bars,Nut Chocolate Bars, شركة بلاديس العربية للصناعات الغذائية,Godiva,GODIVA DOMES HAZLNUT CHOCO 30G,2026,95707.09122799993
Confectionery,Chocolates,Chocolate Bars,Milk Chocolate Bars, شركة بلاديس العربية للصناعات الغذائية,Godiva,GODIVA DOUBLE CHOCOATE BAR 35G,2025,468219.0209999989
Confectionery,Chocolates,Chocolate Bars,Milk Chocolate Bars, شركة بلاديس العربية للصناعات الغذائية,Godiva,GODIVA DOUBLE CHOCOATE BAR 35G,2026,457159.12046699977
Confectionery,Chocolates,Chocolate Bars,Fruit & Nut Chocolate Bars, شركة بلاديس العربية للصناعات الغذائية,Godiva,GODIVA MANGO&PEACH D.CHOCO 35G,2026,113673.72500399922
Confectionery,Chocolates,Chocolate Bars,Milk Chocolate Bars, شركة بلاديس العربية للصناعات الغذائية,Godiva,GODIVA MILK CHOCO SMTH&CRM 32G,2025,98101.81299999966
Confectionery,Chocolates,Chocolate Bars,Milk Chocolate Bars, شركة بلاديس العربية للصناعات الغذائية,Godiva,GODIVA MILK CHOCO SMTH&CRM 32G,2026,135596.2443239995
Confectionery,Chocolates,Chocolate Bars,Nut Chocolate Bars, شركة بلاديس العربية للصناعات الغذائية,Godiva,GODIVA MILK CHOCO&HAZELNUT 36G,2025,5.17
Confectionery,Chocolates,Chocolate Bars,Nut Chocolate Bars, شركة بلاديس العربية للصناعات الغذائية,Godiva,GODIVA MILK CHOCO&HAZELNUT 36G,2026,10.41739
Confectionery,Chocolates,Chocolate Bars,Nut Chocolate Bars, شركة بلاديس العربية للصناعات الغذائية,Godiva,GODIVA MILK CHOCO&HAZELNUT.30G,2025,86000.82299999995
Confectionery,Chocolates,Chocolate Bars,Nut Chocolate Bars, شركة بلاديس العربية للصناعات الغذائية,Godiva,GODIVA MILK CHOCO&HAZELNUT.30G,2026,92093.62054099981
Confectionery,Chocolates,Chocolate Bars,Milk Chocolate Bars, شركة بلاديس العربية للصناعات الغذائية,Godiva,GODIVA MOUSE CAPPUCN M.CHOC35G,2025,231013.21899999934
Confectionery,Chocolates,Chocolate Bars,Milk Chocolate Bars, شركة بلاديس العربية للصناعات الغذائية,Godiva,GODIVA MOUSE CAPPUCN M.CHOC35G,2026,209449.72058099887
Confectionery,Chocolates,Chocolate Bars,Dark Chocolate Bars, شركة بلاديس العربية للصناعات الغذائية,Godiva,GODIVA SALT 32G.,2025,12164.871000000012
Confectionery,Chocolates,Chocolate Bars,Caramel Chocolate Bars, شركة بلاديس العربية للصناعات الغذائية,Godiva,GODIVA SLTD CRML MLK CHOCO 32G,2025,79820.2899999998
Confectionery,Chocolates,Chocolate Bars,Caramel Chocolate Bars, شركة بلاديس العربية للصناعات الغذائية,Godiva,GODIVA SLTD CRML MLK CHOCO 32G,2026,113202.26380899959
Confectionery,Chocolates,Chocolate Bars,Milk Chocolate Bars, شركة بلاديس العربية للصناعات الغذائية,Godiva,GODIVA SMTH&CRM 32G.,2025,22508.294999999933
Confectionery,Chocolates,Chocolate Bars,Milk Chocolate Bars, شركة بلاديس العربية للصناعات الغذائية,Ulker,ULKER CHOCOLATE 33G.,2025,12120.100000000037
Confectionery,Chocolates,Chocolate Bars,Milk Chocolate Bars, شركة بلاديس العربية للصناعات الغذائية,Ulker,ULKER ISTANBUL CHOCLOATE BITES21G,2026,8125.721273000007
Confectionery,Chocolates,Chocolate Bars,Milk Chocolate Bars, شركة بلاديس العربية للصناعات الغذائية,Ulker,ULKER M.CHOCO NAPOLITEN 10x30G,2025,130443.09199999984
Confectionery,Chocolates,Chocolate Bars,Milk Chocolate Bars, شركة بلاديس العربية للصناعات الغذائية,Ulker,ULKER M.CHOCO NAPOLITEN 10x30G,2026,230156.8838769991
Confectionery,Chocolates,Chocolate Bars,Milk Chocolate Bars, شركة بلاديس العربية للصناعات الغذائية,Ulker,ULKER MILK CHOCOLATE #1231 33G,2025,80326.653
Confectionery,Chocolates,Chocolate Bars,Milk Chocolate Bars, شركة بلاديس العربية للصناعات الغذائية,Ulker,ULKER MILK CHOCOLATE #1231 33G,2026,121114.9976769999
Confectionery,Chocolates,Chocolate Bars,Milk Chocolate Bars, شركة بلاديس العربية للصناعات الغذائية,Ulker,ULKER SURPRIZ MILK HAZENUT 21G,2026,3982.3477480000042
Confectionery,Chocolates,Chocolate Bars,Milk Chocolate Bars, شركة بلاديس العربية للصناعات الغذائية,Ulker,ULKER x 10x30G.,2025,26921.55199999994
Confectionery,Chocolates,Chocolate Bars,Milk Chocolate Bars, شركة سعيد محمد عبيد بن زقر وشركاه المحدودة,Adore,ADORE MILK CHOCO SMTH&CRMY.26G,2026,1440.217294
Confectionery,Chocolates,Chocolate Bars,Nut Chocolate Bars, شركة سعيد محمد عبيد بن زقر وشركاه المحدودة,Almonday,ALMONDAY CHOCO MLK W/ALMND 28G,2026,2434.3566539999997
Confectionery,Chocolates,Chocolate Bars,Milk Chocolate Bars, شركة سعيد محمد عبيد بن زقر وشركاه المحدودة,Fiori,FIORI CHOCO.CREAMY W/COCOA 28G,2026,22583.156802999998
Confectionery,Chocolates,Chocolate Bars,Caramel Chocolate Bars, شركة سعيد محمد عبيد بن زقر وشركاه المحدودة,Fiori,FIORI CHOCOLATE CARAMEL 30G,2026,17980.390523000016
Confectionery,Chocolates,Chocolate Bars,White Chocolate Bars, شركة سعيد محمد عبيد بن زقر وشركاه المحدودة,Hersheys,HERSHEYS COOKIES 'N' CHOCO 35G,2026,35822.65805000001
Confectionery,Chocolates,Chocolate Bars,White Chocolate Bars, شركة سعيد محمد عبيد بن زقر وشركاه المحدودة,Hersheys,HERSHEYS COOKIES 'N' CREME 18G,2026,1671.251865999999
Confectionery,Chocolates,Chocolate Bars,White Chocolate Bars, شركة سعيد محمد عبيد بن زقر وشركاه المحدودة,Hersheys,HERSHEYS COOKIES 'N' CREME 35G,2026,50170.11745200028
Confectionery,Chocolates,Chocolate Bars,White Chocolate Bars, شركة سعيد محمد عبيد بن زقر وشركاه المحدودة,Hersheys,HERSHEYS COOKIES N CREME 4x40G,2026,202.97392699999997
Confectionery,Chocolates,Chocolate Bars,Milk Chocolate Bars, شركة سعيد محمد عبيد بن زقر وشركاه المحدودة,Hersheys,HERSHEYS CREAMY MILK CHOCO 35G,2026,36667.88427100016
Confectionery,Chocolates,Chocolate Bars,Dark Chocolate Bars, شركة سعيد محمد عبيد بن زقر وشركاه المحدودة,Hersheys,HERSHEYS DARKER C.W/ALMOND 40G,2026,9.565216
Confectionery,Chocolates,Chocolate Bars,Nut Chocolate Bars, شركة سعيد محمد عبيد بن زقر وشركاه المحدودة,Hersheys,HERSHEYS HAZELNUT CREME 18G,2026,1421.730179999998
Confectionery,Chocolates,Chocolate Bars,Nut Chocolate Bars, شركة سعيد محمد عبيد بن زقر وشركاه المحدودة,Hersheys,HERSHEYS REESES CUPS 3'S 46G,2026,12731.016264000002
Confectionery,Chocolates,Chocolate Bars,Dark Chocolate Bars, شركة سعيد محمد عبيد بن زقر وشركاه المحدودة,Hersheys,HERSHEYS RICH COFFEE 40G,2026,5.208695
Confectionery,Chocolates,Chocolate Bars,Milk Chocolate Bars, شركة سعيد محمد عبيد بن زقر وشركاه المحدودة,Milkman,MILKMAN CHOCO W.MILK CREAM 26G,2026,2023.7392200000002
Confectionery,Chocolates,Chocolate Bars,Milk Chocolate Bars, شركة سعيد محمد عبيد بن زقر وشركاه المحدودة,Quanta,QUANTA ADORE CARAMEL 27G,2026,245.782605
Confectionery,Chocolates,Chocolate Bars,Candy Coated Mini Bars, شركة سعيد محمد عبيد بن زقر وشركاه المحدودة,Quanta,QUANTA MINI SNACKING MIX 314G,2026,97.321736
Confectionery,Chocolates,Chocolate Bars,Milk Chocolate Bars, شركة سعيد محمد عبيد بن زقر وشركاه المحدودة,Quanta,QUANTA SQUARES FUN S.BARS 344G,2026,11.956521
Confectionery,Chocolates,Chocolate Bars,Protein Chocolate Bars, شركة سعيد محمد عبيد بن زقر وشركاه المحدودة,Reeses,REESES 2 PEANUT BUTER CUPS 42G,2026,49590.01562200002
Confectionery,Chocolates,Chocolate Bars,Nut Chocolate Bars, شركة سعيد محمد عبيد بن زقر وشركاه المحدودة,Reeses,REESES 2P. BUTER CUPS CHOCOLATE 42G,2026,14748.129195999993
Confectionery,Chocolates,Chocolate Bars,Nut Chocolate Bars, شركة سعيد محمد عبيد بن زقر وشركاه المحدودة,Reeses,REESES 3PEANUT BUTER CHOCO CUPS 63G,2026,9305.816367999994
Confectionery,Chocolates,Chocolate Bars,Nut Chocolate Bars, شركة سعيد محمد عبيد بن زقر وشركاه المحدودة,Reeses,REESE'S CHOCOLATE NUT BAR 47G,2026,14701.390166000005
Confectionery,Chocolates,Chocolate Bars,Nut Filled Mini Bars, شركة سعيد محمد عبيد بن زقر وشركاه المحدودة,Reeses,REESES MINIATURES MLK CHO.340G,2026,29210.825234000073
Confectionery,Chocolates,Chocolate Bars,Wafer Chocolate Bars, شركة سعيد محمد عبيد بن زقر وشركاه المحدودة,Reeses,REESES STICK PEANUT BUTER 42G,2026,14343.44249899999
Confectionery,Chocolates,Chocolate Bars,Milk Chocolate Bars, شركة سعيد محمد عبيد بن زقر وشركاه المحدودة,Tiffany,TIFFANY DAY BREAK CHOCLATE 25G,2026,11725.129907000002
Confectionery,Chocolates,Chocolate Bars,Milk Chocolate Bars, شركة سعيد محمد عبيد بن زقر وشركاه المحدودة,Tiffany,TIFFANY DAY BREAK HAZELNUT 16G,2026,908.7305179999998
Confectionery,Chocolates,Chocolate Bars,Protein Chocolate Bars, شركة سعيد محمد عبيد بن زقر وشركاه المحدودة,Yonkers,YONKERS CHOCO.PEANUT POWER 28G,2026,6708.956203000007
Confectionery,Chocolates,Chocolate Bars,Dark Chocolate Bars, شركة سويت ستوريز,Roshen,ROSHEN BUBBLE DARK CHOCOLATE 80G,2026,75186.27128600005
Confectionery,Chocolates,Chocolate Bars,Milk Chocolate Bars, شركة سويت ستوريز,Roshen,ROSHEN BUBBLE MILK CHOCOLATE 80G,2026,67206.740434
Confectionery,Chocolates,Chocolate Bars,Dark Chocolate Bars, شركة سويت ستوريز,Roshen,ROSHEN TRUE DARK CHOCOLATE BRUT 80% COCOA 85G,2026,171701.5322820003
Confectionery,Chocolates,Chocolate Bars,Dark Chocolate Bars, شركة سويت ستوريز,Roshen,ROSHEN TRUE DARK CHOCOLATE CHOPPED ALMONDS 85G,2026,90395.19262699975
Confectionery,Chocolates,Chocolate Bars,Milk Chocolate Mini Bars, شركة سيف فود للتجارة,Tony's,TONY'S CHOCO.MILK CARAMEL 47G,2026,1906.8868629999995
Confectionery,Chocolates,Chocolate Bars,Dark Chocolate Bars, شركة فيرجلف السعودية للتجارة,Ferrero,,2026,795.1217139999997
Confectionery,Chocolates,Chocolate Bars,Fruit & Nut Chocolate Bars, شركة فيرجلف السعودية للتجارة,Ferrero,,2026,299.7999880000001
Confectionery,Chocolates,Chocolate Bars,Dark Chocolate Bars, شركة فيرجلف السعودية للتجارة,Ferrero,FERRERO CHCO 90G.,2025,11980.659999999994
Confectionery,Chocolates,Chocolate Bars,Nut Chocolate Bars, شركة فيرجلف السعودية للتجارة,Ferrero,FERRERO HAZNUT&ALMON HAZNUT&ALMON90G.,2025,10145.280000000006
Confectionery,Chocolates,Chocolate Bars,Dark Chocolate Bars, شركة فيرجلف السعودية للتجارة,Ferrero,FERRERO HZLNUT 90G.,2025,9987.640000000003
Confectionery,Chocolates,Chocolate Bars,Dark Chocolate Bars, شركة فيرجلف السعودية للتجارة,Ferrero,FERRERO ROCHER 70%COC HZLNT90G,2026,82074.53756199984
Confectionery,Chocolates,Chocolate Bars,Dark Chocolate Bars, شركة فيرجلف السعودية للتجارة,Ferrero,FERRERO ROCHER DARK HZLNUT 90G,2025,68201.74700000006
Confectionery,Chocolates,Chocolate Bars,Dark Chocolate Bars, شركة فيرجلف السعودية للتجارة,Ferrero,FERRERO ROCHER DARK HZLNUT 90G,2026,2282.7477569999983
Confectionery,Chocolates,Chocolate Bars,Nut Chocolate Bars, شركة فيرجلف السعودية للتجارة,Ferrero,FERRERO ROCHER HAZNUT&ALMON90G,2025,64724.915999999976
Confectionery,Chocolates,Chocolate Bars,Nut Chocolate Bars, شركة فيرجلف السعودية للتجارة,Ferrero,FERRERO ROCHER HAZNUT&ALMON90G,2026,2193.7826060000007
Confectionery,Chocolates,Chocolate Bars,Fruit & Nut Chocolate Bars, شركة فيرجلف السعودية للتجارة,Ferrero,FERRERO ROCHER MCDM&HZLNTM 90G,2026,48307.651328000095
Confectionery,Chocolates,Chocolate Bars,Dark Chocolate Bars, شركة فيرجلف السعودية للتجارة,Ferrero,FERRERO ROCHER ORGNAL CHCO 90G,2025,70572.25000000006
Confectionery,Chocolates,Chocolate Bars,Dark Chocolate Bars, شركة فيرجلف السعودية للتجارة,Ferrero,FERRERO ROCHER ORGNAL CHCO 90G,2026,75315.42487499994
Confectionery,Chocolates,Chocolate Bars,White Chocolate Mini Bars, شركة فيرجلف السعودية للتجارة,Kinder,KINDER BUE.MINI MLK&HZNUT.108G,2025,284787.92300000094
Confectionery,Chocolates,Chocolate Bars,White Chocolate Mini Bars, شركة فيرجلف السعودية للتجارة,Kinder,KINDER BUE.MINI MLK&HZNUT.108G,2026,151954.26385499997
Confectionery,Chocolates,Chocolate Bars,Milk Chocolate Bars, شركة فيرجلف السعودية للتجارة,Kinder,KINDER BUENO CHOCLATE.T2x4 43G,2025,1414041.553000002
Confectionery,Chocolates,Chocolate Bars,Milk Chocolate Bars, شركة فيرجلف السعودية للتجارة,Kinder,KINDER BUENO CHOCLATE.T2x4 43G,2026,2154877.912716002
Confectionery,Chocolates,Chocolate Bars,Milk Chocolate Bars, شركة فيرجلف السعودية للتجارة,Kinder,KINDER BUENO.CHOCLATE 43G 8+2,2025,120177.69999999982
Confectionery,Chocolates,Chocolate Bars,Milk Chocolate Bars, شركة فيرجلف السعودية للتجارة,Kinder,KINDER BUENO.CHOCLATE 43G 8+2,2026,112397.30972799976
Confectionery,Chocolates,Chocolate Bars,Milk Chocolate Mini Bars, شركة فيرجلف السعودية للتجارة,Kinder,KINDER CHO.MINI.MLK&COCOA 120G,2025,170538.865
Confectionery,Chocolates,Chocolate Bars,Milk Chocolate Mini Bars, شركة فيرجلف السعودية للتجارة,Kinder,KINDER CHO.MINI.MLK&COCOA 120G,2026,209102.27910100017
Confectionery,Chocolates,Chocolate Bars,Milk Chocolate Bars, شركة فيرجلف السعودية للتجارة,Kinder,KINDER CHOCLATE 2.,2025,1588.4599999999996
Confectionery,Chocolates,Chocolate Bars,Wafer Chocolate Bars, شركة فيرجلف السعودية للتجارة,Kinder,KINDER CO 5G.,2025,16372.070000000014
Confectionery,Chocolates,Chocolate Bars,Wafer Chocolate Bars, شركة فيرجلف السعودية للتجارة,Kinder,KINDER COCOA 20G.,2025,19855.250000000033
Confectionery,Chocolates,Chocolate Bars,Wafer Chocolate Bars, شركة فيرجلف السعودية للتجارة,Kinder,KINDER HAPPY HIPPO CO 103.5G,2025,100679.53800000035
Confectionery,Chocolates,Chocolate Bars,Wafer Chocolate Bars, شركة فيرجلف السعودية للتجارة,Kinder,KINDER HAPPY HIPPO CO 103.5G,2026,127924.60612300012
Confectionery,Chocolates,Chocolate Bars,Wafer Chocolate Bars, شركة فيرجلف السعودية للتجارة,Kinder,KINDER HAPPY HIPPO COCOA 20G,2025,116549.8800000001
Confectionery,Chocolates,Chocolate Bars,Wafer Chocolate Bars, شركة فيرجلف السعودية للتجارة,Kinder,KINDER HAPPY HIPPO COCOA 20G,2026,126575.26955399953
Confectionery,Chocolates,Chocolate Bars,Milk Chocolate Mini Bars, شركة فيرجلف السعودية للتجارة,Kinder,KINDER MLK&COCOA MINI.,2025,16164.55499999997
Confectionery,Chocolates,Chocolate Bars,White Chocolate Mini Bars, شركة فيرجلف السعودية للتجارة,Kinder,KINDER MLK&HZNUT MINI MLK&HZNUT.,2025,50550.62000000002
Confectionery,Chocolates,Chocolate Bars,Milk Chocolate Bars, شركة فيرجلف السعودية للتجارة,Kinder,KINDER x 43G.,2025,160026.2580000002
Confectionery,Chocolates,Chocolate Bars,Milk Chocolate Mini Bars, شركة مارس السعودية العربية للتجارة المحدودة - شركة شخص واحد,Best,BEST CHOCOLATE 400G.,2025,76332.20000000008
Confectionery,Chocolates,Chocolate Bars,Milk Chocolate Mini Bars, شركة مارس السعودية العربية للتجارة المحدودة - شركة شخص واحد,Best,BEST MINIS MIX CHOCOLATE 400G,2025,2111356.3370000077
Confectionery,Chocolates,Chocolate Bars,Milk Chocolate Mini Bars, شركة مارس السعودية العربية للتجارة المحدودة - شركة شخص واحد,Best,BEST MINIS MIX CHOCOLATE 400G,2026,2971806.1814880036
Confectionery,Chocolates,Chocolate Bars,Caramel Chocolate Bars, شركة مارس السعودية العربية للتجارة المحدودة - شركة شخص واحد,Bounty,,2026,36081.503975999905
Confectionery,Chocolates,Chocolate Bars,Milk Chocolate Mini Bars, شركة مارس السعودية العربية للتجارة المحدودة - شركة شخص واحد,Bounty,BOUNTY CHOCO MINIATURES 150G,2025,795898.9200000009
Confectionery,Chocolates,Chocolate Bars,Milk Chocolate Mini Bars, شركة مارس السعودية العربية للتجارة المحدودة - شركة شخص واحد,Bounty,BOUNTY CHOCO MINIATURES 150G,2026,1064367.4385120017
Confectionery,Chocolates,Chocolate Bars,Nut Chocolate Bars, شركة مارس السعودية العربية للتجارة المحدودة - شركة شخص واحد,Bounty,BOUNTY CHOCOLATE 25G,2026,182813.81112200036
Confectionery,Chocolates,Chocolate Bars,Milk Chocolate Mini Bars, شركة مارس السعودية العربية للتجارة المحدودة - شركة شخص واحد,Bounty,BOUNTY CHOCOLATE 285G.,2025,10745.354999999981
Confectionery,Chocolates,Chocolate Bars,Milk Chocolate Bars, شركة مارس السعودية العربية للتجارة المحدودة - شركة شخص واحد,Bounty,BOUNTY CHOCOLATE 50G,2026,1072878.228593999
Confectionery,Chocolates,Chocolate Bars,Milk Chocolate Bars, شركة مارس السعودية العربية للتجارة المحدودة - شركة شخص واحد,Bounty,BOUNTY CHOCOLATE 57G.,2025,1730558.5770000005
Confectionery,Chocolates,Chocolate Bars,Milk Chocolate Bars, شركة مارس السعودية العربية للتجارة المحدودة - شركة شخص واحد,Bounty,BOUNTY CHOCOLATE 57G.,2026,89444.92071099985
Confectionery,Chocolates,Chocolate Bars,Caramel Chocolate Bars, شركة مارس السعودية العربية للتجارة المحدودة - شركة شخص واحد,Bounty,BOUNTY CHOCOLATE 5x2 25G,2026,225213.92784400034
Confectionery,Chocolates,Chocolate Bars,Milk Chocolate Bars, شركة مارس السعودية العربية للتجارة المحدودة - شركة شخص واحد,Bounty,BOUNTY CHOCOLATE 5x2'S.285G SO,2025,413732.03999999975
Confectionery,Chocolates,Chocolate Bars,Milk Chocolate Bars, شركة مارس السعودية العربية للتجارة المحدودة - شركة شخص واحد,Bounty,BOUNTY CHOCOLATE 5x2'S.285G SO,2026,10827.182320999997
Confectionery,Chocolates,Chocolate Bars,Milk Chocolate Bars, شركة مارس السعودية العربية للتجارة المحدودة - شركة شخص واحد,Bounty,BOUNTY G SO.,2025,43070.55299999997
Confectionery,Chocolates,Chocolate Bars,Milk Chocolate Mini Bars, شركة مارس السعودية العربية للتجارة المحدودة - شركة شخص واحد,Bounty,BOUNTY MINIATURES 150G.,2025,139608.269
Confectionery,Chocolates,Chocolate Bars,Milk Chocolate Mini Bars, شركة مارس السعودية العربية للتجارة المحدودة - شركة شخص واحد,Bounty,BOUNTY MINIS CHOCOLATE 225G,2026,759743.8824120103
Confectionery,Chocolates,Chocolate Bars,Milk Chocolate Mini Bars, شركة مارس السعودية العربية للتجارة المحدودة - شركة شخص واحد,Bounty,BOUNTY.MINI CHOCOLATE 285G,2025,9017.552000000005
Confectionery,Chocolates,Chocolate Bars,Milk Chocolate Mini Bars, شركة مارس السعودية العربية للتجارة المحدودة - شركة شخص واحد,Bounty,BOUNTY.MINI CHOCOLATE 285G,2026,279.843473
Confectionery,Chocolates,Chocolate Bars,Caramel Chocolate Bars, شركة مارس السعودية العربية للتجارة المحدودة - شركة شخص واحد,Bounty,NESTLE TOLA NUTY PNT&CRML 231G,2026,23609.147506000034
Confectionery,Chocolates,Chocolate Bars,Candy Coated Mini Bars, شركة مارس السعودية العربية للتجارة المحدودة - شركة شخص واحد,Galaxy,BEST OF OUR MINIS MIX 500G,2025,13407.670000000011
Confectionery,Chocolates,Chocolate Bars,Candy Coated Mini Bars, شركة مارس السعودية العربية للتجارة المحدودة - شركة شخص واحد,Galaxy,BEST OF OUR MINIS MIX 500G,2026,430.304346
Confectionery,Chocolates,Chocolate Bars,Candy Coated Mini Bars, شركة مارس السعودية العربية للتجارة المحدودة - شركة شخص واحد,Galaxy,BEST OF OUR MINIS MIX 710G,2025,3043639.1019999897
Confectionery,Chocolates,Chocolate Bars,Candy Coated Mini Bars, شركة مارس السعودية العربية للتجارة المحدودة - شركة شخص واحد,Galaxy,BEST OF OUR MINIS MIX 710G,2026,4059181.8312689867
Confectionery,Chocolates,Chocolate Bars,Milk Chocolate Bars, شركة مارس السعودية العربية للتجارة المحدودة - شركة شخص واحد,Galaxy,GALAXY ARABIA 192G.,2025,520.7899999999998
Confectionery,Chocolates,Chocolate Bars,Milk Chocolate Bars, شركة مارس السعودية العربية للتجارة المحدودة - شركة شخص واحد,Galaxy,GALAXY ARABIA 30G.,2025,77.41999999999999
Confectionery,Chocolates,Chocolate Bars,Milk Chocolate Mini Bars, شركة مارس السعودية العربية للتجارة المحدودة - شركة شخص واحد,Galaxy,GALAXY B SMOTH MILK 18B 227.,2025,7247.679999999988
Confectionery,Chocolates,Chocolate Bars,Caramel Filled Mini Bars, شركة مارس السعودية العربية للتجارة المحدودة - شركة شخص واحد,Galaxy,GALAXY BAR 154G.,2025,123302.17299999998
Confectionery,Chocolates,Chocolate Bars,Caramel Filled Mini Bars, شركة مارس السعودية العربية للتجارة المحدودة - شركة شخص واحد,Galaxy,GALAXY BAR 238G.,2025,80664.18299999998
Confectionery,Chocolates,Chocolate Bars,Milk Chocolate Bars, شركة مارس السعودية العربية للتجارة المحدودة - شركة شخص واحد,Galaxy,GALAXY BLOCK 36G.,2025,101838.07199999993
Confectionery,Chocolates,Chocolate Bars,Caramel Chocolate Bars, شركة مارس السعودية العربية للتجارة المحدودة - شركة شخص واحد,Galaxy,GALAXY CARAMEL CHOCOLATE 40G.,2025,656897.3340000048
Confectionery,Chocolates,Chocolate Bars,Caramel Chocolate Bars, شركة مارس السعودية العربية للتجارة المحدودة - شركة شخص واحد,Galaxy,GALAXY CARAMEL CHOCOLATE 40G.,2026,1096024.2871860017
Confectionery,Chocolates,Chocolate Bars,Caramel Chocolate Bars, شركة مارس السعودية العربية للتجارة المحدودة - شركة شخص واحد,Galaxy,GALAXY CARAMEL CHOCOLATE 5x40G,2025,188668.37999999995
Confectionery,Chocolates,Chocolate Bars,Caramel Chocolate Bars, شركة مارس السعودية العربية للتجارة المحدودة - شركة شخص واحد,Galaxy,GALAXY CARAMEL CHOCOLATE 5x40G,2026,484.947818
Confectionery,Chocolates,Chocolate Bars,Caramel Filled Mini Bars, شركة مارس السعودية العربية للتجارة المحدودة - شركة شخص واحد,Galaxy,GALAXY CARMEL 40G.,2025,12702.582000000004
Confectionery,Chocolates,Chocolate Bars,Caramel Filled Mini Bars, شركة مارس السعودية العربية للتجارة المحدودة - شركة شخص واحد,Galaxy,GALAXY CARMEL CARMEL168G.,2025,8970.650999999978
Confectionery,Chocolates,Chocolate Bars,Milk Chocolate Bars, شركة مارس السعودية العربية للتجارة المحدودة - شركة شخص واحد,Galaxy,GALAXY CHOCO 3.,2025,10994.773999999987
Confectionery,Chocolates,Chocolate Bars,Milk Chocolate Mini Bars, شركة مارس السعودية العربية للتجارة المحدودة - شركة شخص واحد,Galaxy,GALAXY CHOCO SMTH MLK CHOCO 137.,2025,159508.314
Confectionery,Chocolates,Chocolate Bars,Milk Chocolate Bars, شركة مارس السعودية العربية للتجارة المحدودة - شركة شخص واحد,Galaxy,GALAXY CHOCOAT 36G.,2025,304941.2380000002
Confectionery,Chocolates,Chocolate Bars,Fruit & Nut Chocolate Bars, شركة مارس السعودية العربية للتجارة المحدودة - شركة شخص واحد,Galaxy,GALAXY CHOCOATE 36G.,2025,59617.00300000029
Confectionery,Chocolates,Chocolate Bars,Milk Chocolate Bars, شركة مارس السعودية العربية للتجارة المحدودة - شركة شخص واحد,Galaxy,GALAXY CHOCOLATE 36G.,2025,44137.590000000164
Confectionery,Chocolates,Chocolate Bars,Nut Chocolate Bars, شركة مارس السعودية العربية للتجارة المحدودة - شركة شخص واحد,Galaxy,GALAXY CHOCOLATE 36G.,2025,132664.97099999918
Confectionery,Chocolates,Chocolate Bars,Caramel Chocolate Bars, شركة مارس السعودية العربية للتجارة المحدودة - شركة شخص واحد,Galaxy,GALAXY CHOCOLATE 40G.,2025,109257.21599999994
Confectionery,Chocolates,Chocolate Bars,Milk Chocolate Bars, شركة مارس السعودية العربية للتجارة المحدودة - شركة شخص واحد,Galaxy,GALAXY CHOCOLATE 5G.,2025,71748.75999999982
Confectionery,Chocolates,Chocolate Bars,Milk Chocolate Bars, شركة مارس السعودية العربية للتجارة المحدودة - شركة شخص واحد,Galaxy,GALAXY CHOCOLATE RIPPLE 4x30G,2025,318084.07799999986
Confectionery,Chocolates,Chocolate Bars,Milk Chocolate Bars, شركة مارس السعودية العربية للتجارة المحدودة - شركة شخص واحد,Galaxy,GALAXY CHOCOLATE RIPPLE 4x30G,2026,92681.71069200012
Confectionery,Chocolates,Chocolate Bars,Dark Chocolate Bars, شركة مارس السعودية العربية للتجارة المحدودة - شركة شخص واحد,Galaxy,GALAXY CHOCOTE 40G.,2025,99195.09600000009
Confectionery,Chocolates,Chocolate Bars,Dark Chocolate Bars, شركة مارس السعودية العربية للتجارة المحدودة - شركة شخص واحد,Galaxy,GALAXY COCOA 35G.,2025,10713.690999999999
Confectionery,Chocolates,Chocolate Bars,Nut Filled Mini Bars, شركة مارس السعودية العربية للتجارة المحدودة - شركة شخص واحد,Galaxy,GALAXY COCONUT 5G.,2025,19356.667999999965
Confectionery,Chocolates,Chocolate Bars,Milk Chocolate Bars, شركة مارس السعودية العربية للتجارة المحدودة - شركة شخص واحد,Galaxy,GALAXY COCONUT CHOCOLATE 36G,2025,270690.3260000001
Confectionery,Chocolates,Chocolate Bars,Milk Chocolate Bars, شركة مارس السعودية العربية للتجارة المحدودة - شركة شخص واحد,Galaxy,GALAXY COCONUT CHOCOLATE 36G,2026,325278.6153810014
Confectionery,Chocolates,Chocolate Bars,Fruit & Nut Chocolate Bars, شركة مارس السعودية العربية للتجارة المحدودة - شركة شخص واحد,Galaxy,GALAXY COOKIE CRUMBLE 36G,2025,250596.72700000036
Confectionery,Chocolates,Chocolate Bars,Fruit & Nut Chocolate Bars, شركة مارس السعودية العربية للتجارة المحدودة - شركة شخص واحد,Galaxy,GALAXY COOKIE CRUMBLE 36G,2026,257658.44945600064
Confectionery,Chocolates,Chocolate Bars,Fruit & Nut Chocolate Bars, شركة مارس السعودية العربية للتجارة المحدودة - شركة شخص واحد,Galaxy,GALAXY COOKIE CRUMBLE 80G,2025,47072.99000000004
Confectionery,Chocolates,Chocolate Bars,Fruit & Nut Chocolate Bars, شركة مارس السعودية العربية للتجارة المحدودة - شركة شخص واحد,Galaxy,GALAXY COOKIE CRUMBLE 80G,2026,123422.47812900049
Confectionery,Chocolates,Chocolate Bars,Milk Chocolate Bars, شركة مارس السعودية العربية للتجارة المحدودة - شركة شخص واحد,Galaxy,GALAXY CRISPY CHOCO BLOCK 36G.,2025,378800.0809999996
Confectionery,Chocolates,Chocolate Bars,Milk Chocolate Bars, شركة مارس السعودية العربية للتجارة المحدودة - شركة شخص واحد,Galaxy,GALAXY CRISPY CHOCO BLOCK 36G.,2026,305352.14351099916
Confectionery,Chocolates,Chocolate Bars,Milk Chocolate Bars, شركة مارس السعودية العربية للتجارة المحدودة - شركة شخص واحد,Galaxy,GALAXY CRISPY CHOCOLATE 30G.,2025,126798.6020000002
Confectionery,Chocolates,Chocolate Bars,Milk Chocolate Bars, شركة مارس السعودية العربية للتجارة المحدودة - شركة شخص واحد,Galaxy,GALAXY CRISPY CHOCOLATE 30G.,2026,520467.50034200057
Confectionery,Chocolates,Chocolate Bars,Milk Chocolate Bars, شركة مارس السعودية العربية للتجارة المحدودة - شركة شخص واحد,Galaxy,GALAXY DESSERTS OF ARABIA 192G,2025,412.2799999999999
Confectionery,Chocolates,Chocolate Bars,Milk Chocolate Bars, شركة مارس السعودية العربية للتجارة المحدودة - شركة شخص واحد,Galaxy,GALAXY DESSERTS OF ARABIA 30G,2025,25.8
Confectionery,Chocolates,Chocolate Bars,Milk Chocolate Bars, شركة مارس السعودية العربية للتجارة المحدودة - شركة شخص واحد,Galaxy,GALAXY DESSERTS OF ARABIA 30G,2026,4.33913
Confectionery,Chocolates,Chocolate Bars,Dark Chocolate Bars, شركة مارس السعودية العربية للتجارة المحدودة - شركة شخص واحد,Galaxy,GALAXY F.BD.CHOCO/SEA SALT 35G,2026,3.043479
Confectionery,Chocolates,Chocolate Bars,Dark Chocolate Bars, شركة مارس السعودية العربية للتجارة المحدودة - شركة شخص واحد,Galaxy,GALAXY F.DRK CHOC/70%COCOA 35G,2025,2.892
Confectionery,Chocolates,Chocolate Bars,Dark Chocolate Bars, شركة مارس السعودية العربية للتجارة المحدودة - شركة شخص واحد,Galaxy,GALAXY F.DRK CHOC/70%COCOA 35G,2026,44.130436
Confectionery,Chocolates,Chocolate Bars,Milk Chocolate Bars, شركة مارس السعودية العربية للتجارة المحدودة - شركة شخص واحد,Galaxy,GALAXY FLUTES CHOCO 22.5G 33+3,2025,22591.949999999986
Confectionery,Chocolates,Chocolate Bars,Milk Chocolate Bars, شركة مارس السعودية العربية للتجارة المحدودة - شركة شخص واحد,Galaxy,GALAXY FLUTES CHOCO 22.5G 33+3,2026,1808.4173770000002
Confectionery,Chocolates,Chocolate Bars,Milk Chocolate Bars, شركة مارس السعودية العربية للتجارة المحدودة - شركة شخص واحد,Galaxy,GALAXY FLUTES CHOCO 5x22.5G,2025,1781.8799999999985
Confectionery,Chocolates,Chocolate Bars,Milk Chocolate Bars, شركة مارس السعودية العربية للتجارة المحدودة - شركة شخص واحد,Galaxy,GALAXY FLUTES CHOCO 5x22.5G,2026,54.721737
Confectionery,Chocolates,Chocolate Bars,Milk Chocolate Bars, شركة مارس السعودية العربية للتجارة المحدودة - شركة شخص واحد,Galaxy,GALAXY FLUTES CHOCOLAT12x22.5G,2025,74372.18100000007
Confectionery,Chocolates,Chocolate Bars,Milk Chocolate Bars, شركة مارس السعودية العربية للتجارة المحدودة - شركة شخص واحد,Galaxy,GALAXY FLUTES CHOCOLAT12x22.5G,2026,84789.58084399985
Confectionery,Chocolates,Chocolate Bars,Milk Chocolate Bars, شركة مارس السعودية العربية للتجارة المحدودة - شركة شخص واحد,Galaxy,GALAXY FLUTES CHOCOLATE 22.5G,2025,407926.29
Confectionery,Chocolates,Chocolate Bars,Milk Chocolate Bars, شركة مارس السعودية العربية للتجارة المحدودة - شركة شخص واحد,Galaxy,GALAXY FLUTES CHOCOLATE 22.5G,2026,554066.8560800019
Confectionery,Chocolates,Chocolate Bars,Fruit & Nut Chocolate Bars, شركة مارس السعودية العربية للتجارة المحدودة - شركة شخص واحد,Galaxy,GALAXY FRUIT&NUT CHOCOATE 36G,2025,327110.894
Confectionery,Chocolates,Chocolate Bars,Fruit & Nut Chocolate Bars, شركة مارس السعودية العربية للتجارة المحدودة - شركة شخص واحد,Galaxy,GALAXY FRUIT&NUT CHOCOATE 36G,2026,453244.06487200037
Confectionery,Chocolates,Chocolate Bars,Dark Chocolate Bars, شركة مارس السعودية العربية للتجارة المحدودة - شركة شخص واحد,Galaxy,GALAXY FUSIN CHOC/70%COCOA 35G,2025,44794.30200000003
Confectionery,Chocolates,Chocolate Bars,Dark Chocolate Bars, شركة مارس السعودية العربية للتجارة المحدودة - شركة شخص واحد,Galaxy,GALAXY FUSIN CHOC/70%COCOA 35G,2026,40733.80564799996
Confectionery,Chocolates,Chocolate Bars,Dark Chocolate Bars, شركة مارس السعودية العربية للتجارة المحدودة - شركة شخص واحد,Galaxy,GALAXY FUSIONS SEA SALT 35G,2025,20612.103000000003
Confectionery,Chocolates,Chocolate Bars,Dark Chocolate Bars, شركة مارس السعودية العربية للتجارة المحدودة - شركة شخص واحد,Galaxy,GALAXY FUSIONS SEA SALT 35G,2026,19514.94617299999
Confectionery,Chocolates,Chocolate Bars,Nut Filled Mini Bars, شركة مارس السعودية العربية للتجارة المحدودة - شركة شخص واحد,Galaxy,GALAXY HAZELNUT 5G.,2025,210321.7660000007
Confectionery,Chocolates,Chocolate Bars,Nut Chocolate Bars, شركة مارس السعودية العربية للتجارة المحدودة - شركة شخص واحد,Galaxy,GALAXY HAZELNUT CHOCOLATE.36G,2025,812198.3240000061
Confectionery,Chocolates,Chocolate Bars,Nut Chocolate Bars, شركة مارس السعودية العربية للتجارة المحدودة - شركة شخص واحد,Galaxy,GALAXY HAZELNUT CHOCOLATE.36G,2026,1043765.677900001
Confectionery,Chocolates,Chocolate Bars,Milk Chocolate Mini Bars, شركة مارس السعودية العربية للتجارة المحدودة - شركة شخص واحد,Galaxy,GALAXY M 117G.,2025,21096.172000000068
Confectionery,Chocolates,Chocolate Bars,Milk Chocolate Mini Bars, شركة مارس السعودية العربية للتجارة المحدودة - شركة شخص واحد,Galaxy,GALAXY M.SMOTH MILK 18B 227.5G,2025,20679.55999999999
Confectionery,Chocolates,Chocolate Bars,Milk Chocolate Mini Bars, شركة مارس السعودية العربية للتجارة المحدودة - شركة شخص واحد,Galaxy,GALAXY M.SMOTH MILK 18B 227.5G,2026,43.460868
Confectionery,Chocolates,Chocolate Bars,Milk Chocolate Mini Bars, شركة مارس السعودية العربية للتجارة المحدودة - شركة شخص واحد,Galaxy,GALAXY M.SMTH MLK CHOCO 137.5G,2025,839284.5780000017
Confectionery,Chocolates,Chocolate Bars,Milk Chocolate Mini Bars, شركة مارس السعودية العربية للتجارة المحدودة - شركة شخص واحد,Galaxy,GALAXY M.SMTH MLK CHOCO 137.5G,2026,1142724.120814017
Confectionery,Chocolates,Chocolate Bars,Milk Chocolate Mini Bars, شركة مارس السعودية العربية للتجارة المحدودة - شركة شخص واحد,Galaxy,GALAXY MILK 5G.,2025,125101.78299999965
Confectionery,Chocolates,Chocolate Bars,Nut Filled Mini Bars, شركة مارس السعودية العربية للتجارة المحدودة - شركة شخص واحد,Galaxy,GALAXY MINI COCONUT 137.5G,2025,83044.29199999975
Confectionery,Chocolates,Chocolate Bars,Nut Filled Mini Bars, شركة مارس السعودية العربية للتجارة المحدودة - شركة شخص واحد,Galaxy,GALAXY MINI COCONUT 137.5G,2026,96240.01057100008
Confectionery,Chocolates,Chocolate Bars,Nut Filled Mini Bars, شركة مارس السعودية العربية للتجارة المحدودة - شركة شخص واحد,Galaxy,GALAXY MINI HAZELNUT 137.5G,2025,564177.2290000009
Confectionery,Chocolates,Chocolate Bars,Nut Filled Mini Bars, شركة مارس السعودية العربية للتجارة المحدودة - شركة شخص واحد,Galaxy,GALAXY MINI HAZELNUT 137.5G,2026,637877.7871770025
Confectionery,Chocolates,Chocolate Bars,Nut Filled Mini Bars, شركة مارس السعودية العربية للتجارة المحدودة - شركة شخص واحد,Galaxy,GALAXY MINI HAZELNUT 212.5G,2025,579940.7960000017
Confectionery,Chocolates,Chocolate Bars,Nut Filled Mini Bars, شركة مارس السعودية العربية للتجارة المحدودة - شركة شخص واحد,Galaxy,GALAXY MINI HAZELNUT 212.5G,2026,648054.2093319956
Confectionery,Chocolates,Chocolate Bars,Milk Chocolate Mini Bars, شركة مارس السعودية العربية للتجارة المحدودة - شركة شخص واحد,Galaxy,GALAXY MINI SMOOTH MILK 212.5G,2025,893966.5850000004
Confectionery,Chocolates,Chocolate Bars,Milk Chocolate Mini Bars, شركة مارس السعودية العربية للتجارة المحدودة - شركة شخص واحد,Galaxy,GALAXY MINI SMOOTH MILK 212.5G,2026,1147473.9643479986
Confectionery,Chocolates,Chocolate Bars,Fruit & Nut Chocolate Bars, شركة مارس السعودية العربية للتجارة المحدودة - شركة شخص واحد,Galaxy,GALAXY MINI STRAWBERRY 137.5G,2025,143490.8839999997
Confectionery,Chocolates,Chocolate Bars,Fruit & Nut Chocolate Bars, شركة مارس السعودية العربية للتجارة المحدودة - شركة شخص واحد,Galaxy,GALAXY MINI STRAWBERRY 137.5G,2026,144088.08224700048
Confectionery,Chocolates,Chocolate Bars,Milk Chocolate Mini Bars, شركة مارس السعودية العربية للتجارة المحدودة - شركة شخص واحد,Galaxy,GALAXY MINIATURE SMOOTH M.117G,2025,138705.0739999998
Confectionery,Chocolates,Chocolate Bars,Milk Chocolate Mini Bars, شركة مارس السعودية العربية للتجارة المحدودة - شركة شخص واحد,Galaxy,GALAXY MINIATURE SMOOTH M.117G,2026,167921.0257350012
Confectionery,Chocolates,Chocolate Bars,Caramel Filled Mini Bars, شركة مارس السعودية العربية للتجارة المحدودة - شركة شخص واحد,Galaxy,GALAXY MINIS CARMEL 13BAR 154G,2025,536205.395000001
Confectionery,Chocolates,Chocolate Bars,Caramel Filled Mini Bars, شركة مارس السعودية العربية للتجارة المحدودة - شركة شخص واحد,Galaxy,GALAXY MINIS CARMEL 13BAR 154G,2026,595047.5131370039
Confectionery,Chocolates,Chocolate Bars,Caramel Filled Mini Bars, شركة مارس السعودية العربية للتجارة المحدودة - شركة شخص واحد,Galaxy,GALAXY MINIS CARMEL 19BAR 238G,2025,488975.7959999984
Confectionery,Chocolates,Chocolate Bars,Caramel Filled Mini Bars, شركة مارس السعودية العربية للتجارة المحدودة - شركة شخص واحد,Galaxy,GALAXY MINIS CARMEL 19BAR 238G,2026,598660.2487959965
Confectionery,Chocolates,Chocolate Bars,Caramel Filled Mini Bars, شركة مارس السعودية العربية للتجارة المحدودة - شركة شخص واحد,Galaxy,GALAXY MINIS SALTED CARMEL 40G,2025,31888.48400000002
Confectionery,Chocolates,Chocolate Bars,Caramel Filled Mini Bars, شركة مارس السعودية العربية للتجارة المحدودة - شركة شخص واحد,Galaxy,GALAXY MINIS SALTED CARMEL 40G,2026,175.86955500000005
Confectionery,Chocolates,Chocolate Bars,Caramel Filled Mini Bars, شركة مارس السعودية العربية للتجارة المحدودة - شركة شخص واحد,Galaxy,GALAXY MINIS SALTED CARMEL168G,2025,13736.066999999995
Confectionery,Chocolates,Chocolate Bars,Caramel Filled Mini Bars, شركة مارس السعودية العربية للتجارة المحدودة - شركة شخص واحد,Galaxy,GALAXY MINIS SALTED CARMEL168G,2026,125.14782399999999
Confectionery,Chocolates,Chocolate Bars,Milk Chocolate Mini Bars, شركة مارس السعودية العربية للتجارة المحدودة - شركة شخص واحد,Galaxy,GALAXY MINSTRELS SMOOTH 42G,2025,339346.7420000011
Confectionery,Chocolates,Chocolate Bars,Milk Chocolate Mini Bars, شركة مارس السعودية العربية للتجارة المحدودة - شركة شخص واحد,Galaxy,GALAXY MINSTRELS SMOOTH 42G,2026,853552.395964993
Confectionery,Chocolates,Chocolate Bars,Candy Coated Mini Bars, شركة مارس السعودية العربية للتجارة المحدودة - شركة شخص واحد,Galaxy,GALAXY MIX 500G.,2025,65747.13799999996
Confectionery,Chocolates,Chocolate Bars,Candy Coated Mini Bars, شركة مارس السعودية العربية للتجارة المحدودة - شركة شخص واحد,Galaxy,GALAXY MIX 710G.,2025,447104.7500000007
Confectionery,Chocolates,Chocolate Bars,White Chocolate Bars, شركة مارس السعودية العربية للتجارة المحدودة - شركة شخص واحد,Galaxy,GALAXY NEW 38G.,2025,131263.79099999988
Confectionery,Chocolates,Chocolate Bars,Dark Chocolate Bars, شركة مارس السعودية العربية للتجارة المحدودة - شركة شخص واحد,Galaxy,GALAXY PISATCHO KUNFA DARK 90G,2026,68550.28518899986
Confectionery,Chocolates,Chocolate Bars,Milk Chocolate Bars, شركة مارس السعودية العربية للتجارة المحدودة - شركة شخص واحد,Galaxy,GALAXY PISATCHO KUNFA MILK 90G,2026,122928.46658200014
Confectionery,Chocolates,Chocolate Bars,Milk Chocolate Bars, شركة مارس السعودية العربية للتجارة المحدودة - شركة شخص واحد,Galaxy,GALAXY RIPPLE 30G,2025,949708.2379999978
Confectionery,Chocolates,Chocolate Bars,Milk Chocolate Bars, شركة مارس السعودية العربية للتجارة المحدودة - شركة شخص واحد,Galaxy,GALAXY RIPPLE 30G,2026,1128994.7666980033
Confectionery,Chocolates,Chocolate Bars,Milk Chocolate Bars, شركة مارس السعودية العربية للتجارة المحدودة - شركة شخص واحد,Galaxy,GALAXY RIPPLE 30G.,2025,73389.18999999992
Confectionery,Chocolates,Chocolate Bars,Dark Chocolate Bars, شركة مارس السعودية العربية للتجارة المحدودة - شركة شخص واحد,Galaxy,GALAXY SALT 35G.,2025,5547.7739999999885
Confectionery,Chocolates,Chocolate Bars,Milk Chocolate Mini Bars, شركة مارس السعودية العربية للتجارة المحدودة - شركة شخص واحد,Galaxy,GALAXY SMOOTH 42G.,2025,19141.640000000065
Confectionery,Chocolates,Chocolate Bars,Dark Chocolate Bars, شركة مارس السعودية العربية للتجارة المحدودة - شركة شخص واحد,Galaxy,GALAXY SMOOTH DARK CHOCOTE 40G,2025,1210515.4519999991
Confectionery,Chocolates,Chocolate Bars,Dark Chocolate Bars, شركة مارس السعودية العربية للتجارة المحدودة - شركة شخص واحد,Galaxy,GALAXY SMOOTH DARK CHOCOTE 40G,2026,1600546.3710870089
Confectionery,Chocolates,Chocolate Bars,Milk Chocolate Bars, شركة مارس السعودية العربية للتجارة المحدودة - شركة شخص واحد,Galaxy,GALAXY SMOOTH MILK CHOCO 5x36G,2025,596531.809999998
Confectionery,Chocolates,Chocolate Bars,Milk Chocolate Bars, شركة مارس السعودية العربية للتجارة المحدودة - شركة شخص واحد,Galaxy,GALAXY SMOOTH MILK CHOCO 5x36G,2026,514906.75090099906
Confectionery,Chocolates,Chocolate Bars,Milk Chocolate Bars, شركة مارس السعودية العربية للتجارة المحدودة - شركة شخص واحد,Galaxy,GALAXY SMOOTH MILK CHOCOAT 36G,2025,2082303.0180000009
Confectionery,Chocolates,Chocolate Bars,Milk Chocolate Bars, شركة مارس السعودية العربية للتجارة المحدودة - شركة شخص واحد,Galaxy,GALAXY SMOOTH MILK CHOCOAT 36G,2026,4101421.625981995
Confectionery,Chocolates,Chocolate Bars,Fruit & Nut Chocolate Bars, شركة مارس السعودية العربية للتجارة المحدودة - شركة شخص واحد,Galaxy,GALAXY STRAWBERRY 36G,2025,371627.53699999815
Confectionery,Chocolates,Chocolate Bars,Fruit & Nut Chocolate Bars, شركة مارس السعودية العربية للتجارة المحدودة - شركة شخص واحد,Galaxy,GALAXY STRAWBERRY 36G,2026,708660.8649549959
Confectionery,Chocolates,Chocolate Bars,Fruit & Nut Chocolate Bars, شركة مارس السعودية العربية للتجارة المحدودة - شركة شخص واحد,Galaxy,GALAXY STRAWBERRY 36G.,2025,33258.308999999994
Confectionery,Chocolates,Chocolate Bars,Fruit & Nut Chocolate Bars, شركة مارس السعودية العربية للتجارة المحدودة - شركة شخص واحد,Galaxy,GALAXY STRAWBERRY 5G.,2025,29174.715999999753
Confectionery,Chocolates,Chocolate Bars,White Chocolate Bars, شركة مارس السعودية العربية للتجارة المحدودة - شركة شخص واحد,Galaxy,GALAXY WHITE CHOCO NEW 38G,2025,978372.0049999993
Confectionery,Chocolates,Chocolate Bars,White Chocolate Bars, شركة مارس السعودية العربية للتجارة المحدودة - شركة شخص واحد,Galaxy,GALAXY WHITE CHOCO NEW 38G,2026,1102869.4290860074
Confectionery,Chocolates,Chocolate Bars,Milk Chocolate Bars, شركة مارس السعودية العربية للتجارة المحدودة - شركة شخص واحد,Galaxy,GALAXY x 4x30G.,2025,71075.91900000024
Confectionery,Chocolates,Chocolate Bars,Milk Chocolate Bars, شركة مارس السعودية العربية للتجارة المحدودة - شركة شخص واحد,Galaxy,GALAXY x 5G.,2025,7049.940000000018
Confectionery,Chocolates,Chocolate Bars,Milk Chocolate Bars, شركة مارس السعودية العربية للتجارة المحدودة - شركة شخص واحد,Galaxy,GALAXY x 5x36G.,2025,27328.627999999975
Confectionery,Chocolates,Chocolate Bars,Caramel Chocolate Bars, شركة مارس السعودية العربية للتجارة المحدودة - شركة شخص واحد,Galaxy,GALAXY x 5x40G.,2025,11457.699999999993
Confectionery,Chocolates,Chocolate Bars,Caramel Chocolate Bars, شركة مارس السعودية العربية للتجارة المحدودة - شركة شخص واحد,Mars, MARS CHOCOLATE BAR 23G,2026,158588.5122630001
Confectionery,Chocolates,Chocolate Bars,Milk Chocolate Mini Bars, شركة مارس السعودية العربية للتجارة المحدودة - شركة شخص واحد,Mars,CELEBRATIONS CHOCO ASORTD 196G,2025,365947.00399999996
Confectionery,Chocolates,Chocolate Bars,Milk Chocolate Mini Bars, شركة مارس السعودية العربية للتجارة المحدودة - شركة شخص واحد,Mars,CELEBRATIONS CHOCO ASORTD 196G,2026,350051.0971250008
Confectionery,Chocolates,Chocolate Bars,Milk Chocolate Mini Bars, شركة مارس السعودية العربية للتجارة المحدودة - شركة شخص واحد,Mars,MARS ASORTD 196G.,2025,13515.270000000008
Confectionery,Chocolates,Chocolate Bars,Milk Chocolate Bars, شركة مارس السعودية العربية للتجارة المحدودة - شركة شخص واحد,Mars,MARS BAR 51G.,2025,103017.39399999997
Confectionery,Chocolates,Chocolate Bars,Milk Chocolate Mini Bars, شركة مارس السعودية العربية للتجارة المحدودة - شركة شخص واحد,Mars,MARS CHOCOLATE 198G.,2025,65.92
Confectionery,Chocolates,Chocolate Bars,Milk Chocolate Mini Bars, شركة مارس السعودية العربية للتجارة المحدودة - شركة شخص واحد,Mars,MARS CHOCOLATE 247G.,2025,56222.15300000017
Confectionery,Chocolates,Chocolate Bars,Milk Chocolate Bars, شركة مارس السعودية العربية للتجارة المحدودة - شركة شخص واحد,Mars,MARS CHOCOLATE 33.8G,2025,110229.64000000007
Confectionery,Chocolates,Chocolate Bars,Milk Chocolate Bars, شركة مارس السعودية العربية للتجارة المحدودة - شركة شخص واحد,Mars,MARS CHOCOLATE 33.8G,2026,6818.259654999993
Confectionery,Chocolates,Chocolate Bars,Milk Chocolate Bars, شركة مارس السعودية العربية للتجارة المحدودة - شركة شخص واحد,Mars,MARS CHOCOLATE 6x45G SO,2026,18.252173
Confectionery,Chocolates,Chocolate Bars,Milk Chocolate Bars, شركة مارس السعودية العربية للتجارة المحدودة - شركة شخص واحد,Mars,MARS CHOCOLATE 8G.,2025,16628.600000000002
Confectionery,Chocolates,Chocolate Bars,Caramel Chocolate Bars, شركة مارس السعودية العربية للتجارة المحدودة - شركة شخص واحد,Mars,MARS CHOCOLATE BAR 40G,2026,598491.8587159973
Confectionery,Chocolates,Chocolate Bars,Milk Chocolate Bars, شركة مارس السعودية العربية للتجارة المحدودة - شركة شخص واحد,Mars,MARS CHOCOLATE BAR 51G,2025,698391.0900000025
Confectionery,Chocolates,Chocolate Bars,Milk Chocolate Bars, شركة مارس السعودية العربية للتجارة المحدودة - شركة شخص واحد,Mars,MARS CHOCOLATE BAR 51G,2026,21514.076628999996
Confectionery,Chocolates,Chocolate Bars,Caramel Chocolate Bars, شركة مارس السعودية العربية للتجارة المحدودة - شركة شخص واحد,Mars,MARS CHOCOLATE BAR 5x40G,2026,249102.59893800056
Confectionery,Chocolates,Chocolate Bars,Milk Chocolate Bars, شركة مارس السعودية العربية للتجارة المحدودة - شركة شخص واحد,Mars,MARS CHOCOLATE BAR 5x45G,2025,289318.62100000074
Confectionery,Chocolates,Chocolate Bars,Milk Chocolate Bars, شركة مارس السعودية العربية للتجارة المحدودة - شركة شخص واحد,Mars,MARS CHOCOLATE BAR 5x45G,2026,10328.165046999993
Confectionery,Chocolates,Chocolate Bars,Milk Chocolate Mini Bars, شركة مارس السعودية العربية للتجارة المحدودة - شركة شخص واحد,Mars,MARS CHOCOLATE MINIATURES 150G,2025,429951.9349999997
Confectionery,Chocolates,Chocolate Bars,Milk Chocolate Mini Bars, شركة مارس السعودية العربية للتجارة المحدودة - شركة شخص واحد,Mars,MARS CHOCOLATE MINIATURES 150G,2026,608164.932552005
Confectionery,Chocolates,Chocolate Bars,Milk Chocolate Mini Bars, شركة مارس السعودية العربية للتجارة المحدودة - شركة شخص واحد,Mars,MARS MINI CHOCOLATE 198G,2025,195101.3839999991
Confectionery,Chocolates,Chocolate Bars,Milk Chocolate Mini Bars, شركة مارس السعودية العربية للتجارة المحدودة - شركة شخص واحد,Mars,MARS MINI CHOCOLATE 198G,2026,370699.1249940031
Confectionery,Chocolates,Chocolate Bars,Milk Chocolate Mini Bars, شركة مارس السعودية العربية للتجارة المحدودة - شركة شخص واحد,Mars,MARS MINIATURES 150G.,2025,72788.778
Confectionery,Chocolates,Chocolate Bars,Milk Chocolate Bars, شركة مارس السعودية العربية للتجارة المحدودة - شركة شخص واحد,Mars,MARS x 5x45G.,2025,60880.647
Confectionery,Chocolates,Chocolate Bars,Milk Chocolate Mini Bars, شركة مارس السعودية العربية للتجارة المحدودة - شركة شخص واحد,Mars,MARS.MINI CHOCOLATE 247G,2025,102019.42799999983
Confectionery,Chocolates,Chocolate Bars,Milk Chocolate Mini Bars, شركة مارس السعودية العربية للتجارة المحدودة - شركة شخص واحد,Mars,MARS.MINI CHOCOLATE 247G,2026,519.7391210000001
Confectionery,Chocolates,Chocolate Bars,Protein Chocolate Bars, شركة مارس السعودية العربية للتجارة المحدودة - شركة شخص واحد,Snickers,SNICKERS BUTTER 36G.,2025,35064.68999999998
Confectionery,Chocolates,Chocolate Bars,Protein Chocolate Bars, شركة مارس السعودية العربية للتجارة المحدودة - شركة شخص واحد,Snickers,SNICKERS C.PEANUT BUTTER 36G,2025,181206.3499999995
Confectionery,Chocolates,Chocolate Bars,Protein Chocolate Bars, شركة مارس السعودية العربية للتجارة المحدودة - شركة شخص واحد,Snickers,SNICKERS C.PEANUT BUTTER 36G,2026,237014.4665850005
Confectionery,Chocolates,Chocolate Bars,Milk Chocolate Mini Bars, شركة مارس السعودية العربية للتجارة المحدودة - شركة شخص واحد,Snickers,SNICKERS CHOCLATE MINIS 198G.,2025,1151130.316000002
Confectionery,Chocolates,Chocolate Bars,Milk Chocolate Mini Bars, شركة مارس السعودية العربية للتجارة المحدودة - شركة شخص واحد,Snickers,SNICKERS CHOCLATE MINIS 198G.,2026,1433165.0374270177
Confectionery,Chocolates,Chocolate Bars,Milk Chocolate Bars, شركة مارس السعودية العربية للتجارة المحدودة - شركة شخص واحد,Snickers,SNICKERS CHOCOLATE 23G,2025,21952.750000000062
Confectionery,Chocolates,Chocolate Bars,Milk Chocolate Bars, شركة مارس السعودية العربية للتجارة المحدودة - شركة شخص واحد,Snickers,SNICKERS CHOCOLATE 23G,2026,392283.19614899874
Confectionery,Chocolates,Chocolate Bars,Milk Chocolate Mini Bars, شركة مارس السعودية العربية للتجارة المحدودة - شركة شخص واحد,Snickers,SNICKERS CHOCOLATE 252G.,2025,36685.133999999925
Confectionery,Chocolates,Chocolate Bars,Milk Chocolate Bars, شركة مارس السعودية العربية للتجارة المحدودة - شركة شخص واحد,Snickers,SNICKERS CHOCOLATE 2x37.5G,2025,472759.51800000085
Confectionery,Chocolates,Chocolate Bars,Milk Chocolate Bars, شركة مارس السعودية العربية للتجارة المحدودة - شركة شخص واحد,Snickers,SNICKERS CHOCOLATE 2x37.5G,2026,1899.9999620000024
Confectionery,Chocolates,Chocolate Bars,Milk Chocolate Bars, شركة مارس السعودية العربية للتجارة المحدودة - شركة شخص واحد,Snickers,SNICKERS CHOCOLATE 30G,2025,406824.20999999926
Confectionery,Chocolates,Chocolate Bars,Milk Chocolate Bars, شركة مارس السعودية العربية للتجارة المحدودة - شركة شخص واحد,Snickers,SNICKERS CHOCOLATE 30G,2026,7956.660719000004
Confectionery,Chocolates,Chocolate Bars,Milk Chocolate Bars, شركة مارس السعودية العربية للتجارة المحدودة - شركة شخص واحد,Snickers,SNICKERS CHOCOLATE 30G.,2025,69069.9399999999
Confectionery,Chocolates,Chocolate Bars,Dark Chocolate Bars, شركة مارس السعودية العربية للتجارة المحدودة - شركة شخص واحد,Snickers,SNICKERS CHOCOLATE 42G.,2025,15186.509999999997
Confectionery,Chocolates,Chocolate Bars,Milk Chocolate Bars, شركة مارس السعودية العربية للتجارة المحدودة - شركة شخص واحد,Snickers,SNICKERS CHOCOLATE 42G.,2025,36198.25999999996
Confectionery,Chocolates,Chocolate Bars,Milk Chocolate Bars, شركة مارس السعودية العربية للتجارة المحدودة - شركة شخص واحد,Snickers,SNICKERS CHOCOLATE 45G,2025,2044487.716
Confectionery,Chocolates,Chocolate Bars,Milk Chocolate Bars, شركة مارس السعودية العربية للتجارة المحدودة - شركة شخص واحد,Snickers,SNICKERS CHOCOLATE 45G,2026,6722.051839000003
Confectionery,Chocolates,Chocolate Bars,Milk Chocolate Bars, شركة مارس السعودية العربية للتجارة المحدودة - شركة شخص واحد,Snickers,SNICKERS CHOCOLATE 45G.,2025,285304.63399999944
Confectionery,Chocolates,Chocolate Bars,Milk Chocolate Bars, شركة مارس السعودية العربية للتجارة المحدودة - شركة شخص واحد,Snickers,SNICKERS CHOCOLATE 5x45G,2025,1021331.5449999997
Confectionery,Chocolates,Chocolate Bars,Milk Chocolate Bars, شركة مارس السعودية العربية للتجارة المحدودة - شركة شخص واحد,Snickers,SNICKERS CHOCOLATE 5x45G,2026,3921.0258769999973
Confectionery,Chocolates,Chocolate Bars,Milk Chocolate Bars, شركة مارس السعودية العربية للتجارة المحدودة - شركة شخص واحد,Snickers,SNICKERS CHOCOLATE 70G,2025,31562.69999999998
Confectionery,Chocolates,Chocolate Bars,Milk Chocolate Bars, شركة مارس السعودية العربية للتجارة المحدودة - شركة شخص واحد,Snickers,SNICKERS CHOCOLATE 70G,2026,471182.5927520007
Confectionery,Chocolates,Chocolate Bars,Dark Chocolate Bars, شركة مارس السعودية العربية للتجارة المحدودة - شركة شخص واحد,Snickers,SNICKERS DARK CHOCOLATE 42G,2025,488788.05599999975
Confectionery,Chocolates,Chocolate Bars,Dark Chocolate Bars, شركة مارس السعودية العربية للتجارة المحدودة - شركة شخص واحد,Snickers,SNICKERS DARK CHOCOLATE 42G,2026,451848.86173199996
Confectionery,Chocolates,Chocolate Bars,Milk Chocolate Mini Bars, شركة مارس السعودية العربية للتجارة المحدودة - شركة شخص واحد,Snickers,SNICKERS MINI CHOCOLATE 252G,2025,25529.413999999946
Confectionery,Chocolates,Chocolate Bars,Milk Chocolate Mini Bars, شركة مارس السعودية العربية للتجارة المحدودة - شركة شخص واحد,Snickers,SNICKERS MINI CHOCOLATE 252G,2026,279.878256
Confectionery,Chocolates,Chocolate Bars,Milk Chocolate Mini Bars, شركة مارس السعودية العربية للتجارة المحدودة - شركة شخص واحد,Snickers,SNICKERS MINIATURES 150G,2025,1227513.5440000019
Confectionery,Chocolates,Chocolate Bars,Milk Chocolate Mini Bars, شركة مارس السعودية العربية للتجارة المحدودة - شركة شخص واحد,Snickers,SNICKERS MINIATURES 150G,2026,1883102.0853599976
Confectionery,Chocolates,Chocolate Bars,Milk Chocolate Mini Bars, شركة مارس السعودية العربية للتجارة المحدودة - شركة شخص واحد,Snickers,SNICKERS MINIATURES 150G.,2025,224035.53199999986
Confectionery,Chocolates,Chocolate Bars,Milk Chocolate Mini Bars, شركة مارس السعودية العربية للتجارة المحدودة - شركة شخص واحد,Snickers,SNICKERS MINIS 198G.,2025,48928.69000000002
Confectionery,Chocolates,Chocolate Bars,Milk Chocolate Bars, شركة مارس السعودية العربية للتجارة المحدودة - شركة شخص واحد,Snickers,SNICKERS x 5G.,2025,85592.21099999988
Confectionery,Chocolates,Chocolate Bars,Milk Chocolate Bars, شركة مارس السعودية العربية للتجارة المحدودة - شركة شخص واحد,Snickers,SNICKERS x 5x45G.,2025,217217.5890000001
Confectionery,Chocolates,Chocolate Bars,Milk Chocolate Bars, شركة مارس السعودية العربية للتجارة المحدودة - شركة شخص واحد,Snickers,SNICKERS XTREME CHOCOLATE 42G,2025,249499.21999999974
Confectionery,Chocolates,Chocolate Bars,Milk Chocolate Bars, شركة مارس السعودية العربية للتجارة المحدودة - شركة شخص واحد,Snickers,SNICKERS XTREME CHOCOLATE 42G,2026,301039.99372200004
Confectionery,Chocolates,Chocolate Bars,Dark Chocolate Bars, شركة محلة الغذاء للتجارة,Groovy,GROOVY DARK COFFEE CHOCOLATE 80G,2026,64136.465809000074
Confectionery,Chocolates,Chocolate Bars,Milk Chocolate Bars, شركة محلة الغذاء للتجارة,Groovy,GROOVY MILK CARAMELIZED FLAKES CHOCOLATE 80G,2026,41198.681501000196
Confectionery,Chocolates,Chocolate Bars,Milk Chocolate Bars, شركة محلة الغذاء للتجارة,Groovy,GROOVY MILK KUNAFA CHOCOLATE 80G,2026,60529.10890000018
Confectionery,Chocolates,Chocolate Bars,Dark Chocolate Bars, شركة محلة الغذاء للتجارة,Groovy,GROVY DARK MINT CHOCOLATE 80G,2026,41326.74236700033
Confectionery,Chocolates,Chocolate Bars,Milk Chocolate Bars, شركة محلة الغذاء للتجارة,Groovy,GROVY MILK CHOCOLATE WITH HAZELNUT 80G,2026,45379.742489000215
Confectionery,Chocolates,Chocolate Bars,Milk Chocolate Bars, شركة محلة الغذاء للتجارة,Toren,TOREN BLUE CMPND.CHC.,2025,32506.761000000184
Confectionery,Chocolates,Chocolate Bars,Dark Chocolate Bars, شركة محلة الغذاء للتجارة,Toren,TOREN CHOC CMPND.DRK.,2025,32891.873000000174
Confectionery,Chocolates,Chocolate Bars,Nut Chocolate Bars, شركة محلة الغذاء للتجارة,Toren,TOREN CLASIC CMPND CHC.ESPR50G,2025,64145.37200000035
Confectionery,Chocolates,Chocolate Bars,Nut Chocolate Bars, شركة محلة الغذاء للتجارة,Toren,TOREN CLASIC CMPND CHC.ESPR50G,2026,60011.60942800011
Confectionery,Chocolates,Chocolate Bars,Nut Chocolate Bars, شركة محلة الغذاء للتجارة,Toren,TOREN CLASIC CMPND.CH.PENUT50G,2025,82635.6800000002
Confectionery,Chocolates,Chocolate Bars,Nut Chocolate Bars, شركة محلة الغذاء للتجارة,Toren,TOREN CLASIC CMPND.CH.PENUT50G,2026,27753.50106500004
Confectionery,Chocolates,Chocolate Bars,Milk Chocolate Bars, شركة محلة الغذاء للتجارة,Toren,TOREN CLASIC CMPND.CHC.BLUE50G,2025,101636.92600000021
Confectionery,Chocolates,Chocolate Bars,Milk Chocolate Bars, شركة محلة الغذاء للتجارة,Toren,TOREN CLASIC CMPND.CHC.BLUE50G,2026,82740.33297999983
Confectionery,Chocolates,Chocolate Bars,Nut Chocolate Bars, شركة محلة الغذاء للتجارة,Toren,TOREN CLASIC CMPND.CHC.HZLN50G,2025,86214.95399999988
Confectionery,Chocolates,Chocolate Bars,Nut Chocolate Bars, شركة محلة الغذاء للتجارة,Toren,TOREN CLASIC CMPND.CHC.HZLN50G,2026,29215.51386199999
Confectionery,Chocolates,Chocolate Bars,Dark Chocolate Bars, شركة محلة الغذاء للتجارة,Toren,TOREN CLASIC CMPND.DRK.CHOC50G,2025,89763.07300000038
Confectionery,Chocolates,Chocolate Bars,Dark Chocolate Bars, شركة محلة الغذاء للتجارة,Toren,TOREN CLASIC CMPND.DRK.CHOC50G,2026,84351.82017999984
Confectionery,Chocolates,Chocolate Bars,Nut Chocolate Bars, شركة محلة الغذاء للتجارة,Toren,TOREN ESPR ESPR50G.,2025,29152.258000000034
Confectionery,Chocolates,Chocolate Bars,Nut Chocolate Bars, شركة محلة الغذاء للتجارة,Toren,TOREN HZLN CMPND.CHC.,2025,30657.71900000003
Confectionery,Chocolates,Chocolate Bars,Nut Chocolate Bars, شركة محلة الغذاء للتجارة,Toren,TOREN MR.BITE C.HAZELNUT24x26G,2025,0
Confectionery,Chocolates,Chocolate Bars,Nut Chocolate Bars, شركة محلة الغذاء للتجارة,Toren,TOREN MR.BITE C.HAZELNUT24x26G,2026,25.208695
Confectionery,Chocolates,Chocolate Bars,Wafer Chocolate Bars, شركة محلة الغذاء للتجارة,Toren,TOREN MR.BITE CHOCO DRK.24x28G,2026,0
Confectionery,Chocolates,Chocolate Bars,Wafer Chocolate Bars, شركة محلة الغذاء للتجارة,Toren,TOREN MR.BITE CHOCO MLK.24x28G,2026,50.41739
Confectionery,Chocolates,Chocolate Bars,Milk Chocolate Bars, شركة محلة الغذاء للتجارة,Toren,TOREN MR.BITE STRIKE HAZELNUT 40G,2026,58775.64596099983
Confectionery,Chocolates,Chocolate Bars,Milk Chocolate Bars, شركة محلة الغذاء للتجارة,Toren,TOREN MR.BITE STRIKE PISTACHIO 37G,2026,56750.21988399961
Confectionery,Chocolates,Chocolate Bars,Nut Chocolate Bars, شركة محلة الغذاء للتجارة,Toren,TOREN PENUT CMPND.CH.,2025,31121.301000000072
Confectionery,Chocolates,Chocolate Bars,Wafer Chocolate Bars, شركة محلة الغذاء للتجارة,Toren,TOREN RIYO W/RICE CRUCH 24x22G,2026,13.904347
Confectionery,Chocolates,Chocolate Bars,White Chocolate Bars, شركة محلة الغذاء للتجارة,Toren,TOREN ROCCO CHC.SEA WHT.24x20G,2026,33.886956
Confectionery,Chocolates,Chocolate Bars,Wafer Chocolate Bars, شركة مها أحمد الجفالي لتسويق المواد الغذائية,Crave,CRAVE CRISPY 28G.,2025,557.2200000000007
Confectionery,Chocolates,Chocolate Bars,Nut Chocolate Bars, شركة مها أحمد الجفالي لتسويق المواد الغذائية,Crave,CRAVE HZLNUT 32G.,2025,446.42899999999986
Confectionery,Chocolates,Chocolate Bars,Milk Chocolate Bars, شركة مها أحمد الجفالي لتسويق المواد الغذائية,Crave,CRAVE MILK CHOCOLATE 32G,2025,2.57
Confectionery,Chocolates,Chocolate Bars,Wafer Chocolate Bars, شركة مها أحمد الجفالي لتسويق المواد الغذائية,Crave,CRAVE MLK.CHOCOLATE CRISPY 28G,2025,15.41
Confectionery,Chocolates,Chocolate Bars,Nut Chocolate Bars, شركة مها أحمد الجفالي لتسويق المواد الغذائية,Crave,CRAVE MLK.CHOCOLATE HZLNUT 32G,2025,32.089999999999996
Confectionery,Chocolates,Chocolate Bars,Wafer Chocolate Bars, شركة مها أحمد الجفالي لتسويق المواد الغذائية,Gandour,GANDOUR BISCUIT 33G.,2025,31286.270999999935
Confectionery,Chocolates,Chocolate Bars,Nut Chocolate Bars, شركة مها أحمد الجفالي لتسويق المواد الغذائية,Gandour,GANDOUR HAWAI BLIS.CNT.CHT 50G,2025,3417.907000000003
Confectionery,Chocolates,Chocolate Bars,Nut Chocolate Bars, شركة مها أحمد الجفالي لتسويق المواد الغذائية,Gandour,GANDOUR HAWAI BLIS.CNT.CHT 50G,2026,85135.51116300009
Confectionery,Chocolates,Chocolate Bars,Fruit & Nut Chocolate Bars, شركة مها أحمد الجفالي لتسويق المواد الغذائية,Gandour,GANDOUR HAWAII 30G,2025,20348.46900000005
Confectionery,Chocolates,Chocolate Bars,Fruit & Nut Chocolate Bars, شركة مها أحمد الجفالي لتسويق المواد الغذائية,Gandour,GANDOUR HAWAII 30G,2026,11157.146960000002
Confectionery,Chocolates,Chocolate Bars,Fruit & Nut Chocolate Bars, شركة مها أحمد الجفالي لتسويق المواد الغذائية,Gandour,GANDOUR HAWAII 30G.,2025,14746.811000000014
Confectionery,Chocolates,Chocolate Bars,Fruit & Nut Chocolate Bars, شركة مها أحمد الجفالي لتسويق المواد الغذائية,Gandour,GANDOUR HAWAII 5x50G,2026,23.452173
Confectionery,Chocolates,Chocolate Bars,Nut Chocolate Bars, شركة مها أحمد الجفالي لتسويق المواد الغذائية,Gandour,GANDOUR PEANUT 30G.,2025,17151.413999999968
Confectionery,Chocolates,Chocolate Bars,Nut Chocolate Bars, شركة مها أحمد الجفالي لتسويق المواد الغذائية,Gandour,GANDOUR SOUDAN PEANUT 30G,2025,102340.37000000011
Confectionery,Chocolates,Chocolate Bars,Nut Chocolate Bars, شركة مها أحمد الجفالي لتسويق المواد الغذائية,Gandour,GANDOUR SOUDAN PEANUT 30G,2026,3907.233688999995
Confectionery,Chocolates,Chocolate Bars,Wafer Chocolate Bars, شركة مها أحمد الجفالي لتسويق المواد الغذائية,Gandour,GANDOUR TOFI-LUK BISCUIT 33G,2025,227016.93300000124
Confectionery,Chocolates,Chocolate Bars,Wafer Chocolate Bars, شركة مها أحمد الجفالي لتسويق المواد الغذائية,Gandour,GANDOUR TOFI-LUK BISCUIT 33G,2026,314715.8089100006
Confectionery,Chocolates,Chocolate Bars,Wafer Chocolate Bars, شركة مها أحمد الجفالي لتسويق المواد الغذائية,Pik,PIK CHOCOLATE 31G.,2025,163.15000000000003
Confectionery,Chocolates,Chocolate Bars,Wafer Chocolate Bars, شركة مها أحمد الجفالي لتسويق المواد الغذائية,Pik,PIK WAFER 5G.,2025,54.660000000000004
Confectionery,Chocolates,Chocolate Bars,Wafer Chocolate Bars, شركة مها أحمد الجفالي لتسويق المواد الغذائية,Pik,PIK-ONE CHOCOLATE WAFER 15.5G,2025,122.11999999999999
Confectionery,Chocolates,Chocolate Bars,Wafer Chocolate Bars, شركة مها أحمد الجفالي لتسويق المواد الغذائية,Pik,PIK-ONE CHOCOLATE WAFER 15.5G,2026,99927.18306699996
Confectionery,Chocolates,Chocolate Bars,Wafer Chocolate Bars, شركة مها أحمد الجفالي لتسويق المواد الغذائية,Pik,PIK-ONE WAFER CHOCOLATE 31G,2025,144.17000000000002
Confectionery,Chocolates,Chocolate Bars,Wafer Chocolate Bars, شركة مها أحمد الجفالي لتسويق المواد الغذائية,Pik,PIK-ONE WAFER CHOCOLATE 31G,2026,27.817387999999998
Confectionery,Chocolates,Chocolate Bars,Caramel Chocolate Bars, شركة مها أحمد الجفالي لتسويق المواد الغذائية,Safari,SAFARI CHOCO CARAMEL CRISP 34G,2025,141427.50000000003
Confectionery,Chocolates,Chocolate Bars,Caramel Chocolate Bars, شركة مها أحمد الجفالي لتسويق المواد الغذائية,Safari,SAFARI CHOCO CARAMEL CRISP 34G,2026,223475.97190499958
Confectionery,Chocolates,Chocolate Bars,Caramel Chocolate Bars, شركة مها أحمد الجفالي لتسويق المواد الغذائية,Safari,SAFARI CHOCO CARAMEL CRISP 50G,2025,38406.68500000008
Confectionery,Chocolates,Chocolate Bars,Caramel Chocolate Bars, شركة مها أحمد الجفالي لتسويق المواد الغذائية,Safari,SAFARI CHOCO CARAMEL CRISP 50G,2026,74392.2486749997
Confectionery,Chocolates,Chocolate Bars,Fruit & Nut Chocolate Bars, شركة مها أحمد الجفالي لتسويق المواد الغذائية,Safari,SAFARI CHOCO PEANUT CRISP 49G,2026,168.62608300000005
Confectionery,Chocolates,Chocolate Bars,Caramel Chocolate Bars, شركة مها أحمد الجفالي لتسويق المواد الغذائية,Safari,SAFARI CRISP 34G.,2025,17694.32399999999
Confectionery,Chocolates,Chocolate Bars,Wafer Chocolate Bars, شركة مها أحمد الجفالي لتسويق المواد الغذائية,Unbranded,GANDOUR SAFARI CARAMEL WFR 28G,2026,1555.973337000002
Confectionery,Chocolates,Chocolate Bars,Milk Chocolate Mini Bars, شركة مونديليز العربية للتجارة,Cadbury,CADBURY BUBBLY.MINS CHOCO.156G,2025,426830.9970000019
Confectionery,Chocolates,Chocolate Bars,Milk Chocolate Mini Bars, شركة مونديليز العربية للتجارة,Cadbury,CADBURY BUBBLY.MINS CHOCO.156G,2026,474326.69969899947
Confectionery,Chocolates,Chocolate Bars,Milk Chocolate Bars, شركة مونديليز العربية للتجارة,Cadbury,CADBURY CHOCO 32G.,2025,36523.94999999961
Confectionery,Chocolates,Chocolate Bars,Milk Chocolate Mini Bars, شركة مونديليز العربية للتجارة,Cadbury,CADBURY CHOCO MINS CHOCO.,2025,66167.5850000003
Confectionery,Chocolates,Chocolate Bars,Milk Chocolate Bars, شركة مونديليز العربية للتجارة,Cadbury,CADBURY D.MLK BLY OREO CHOC27G,2026,19789.130046999988
Confectionery,Chocolates,Chocolate Bars,Milk Chocolate Bars, شركة مونديليز العربية للتجارة,Cadbury,CADBURY D.MLK BLY STRWBRY CHOC27G,2026,10423.912842999995
Confectionery,Chocolates,Chocolate Bars,Milk Chocolate Mini Bars, شركة مونديليز العربية للتجارة,Cadbury,CADBURY DAIRY M.OREO MIN 145G,2025,404552.9260000024
Confectionery,Chocolates,Chocolate Bars,Milk Chocolate Mini Bars, شركة مونديليز العربية للتجارة,Cadbury,CADBURY DAIRY M.OREO MIN 145G,2026,343921.83936199837
Confectionery,Chocolates,Chocolate Bars,Milk Chocolate Bars, شركة مونديليز العربية للتجارة,Cadbury,CADBURY DAIRY MILK CARAMEL 40G,2025,4955.620000000003
Confectionery,Chocolates,Chocolate Bars,Milk Chocolate Bars, شركة مونديليز العربية للتجارة,Cadbury,CADBURY DAIRY MILK CARAMEL 40G,2026,107744.71930600057
Confectionery,Chocolates,Chocolate Bars,Milk Chocolate Bars, شركة مونديليز العربية للتجارة,Cadbury,CADBURY DAIRY MILK CHOCO 32G.,2025,194294.499999999
Confectionery,Chocolates,Chocolate Bars,Milk Chocolate Bars, شركة مونديليز العربية للتجارة,Cadbury,CADBURY DAIRY MILK CHOCO 32G.,2026,302708.67935199983
Confectionery,Chocolates,Chocolate Bars,Nut Chocolate Bars, شركة مونديليز العربية للتجارة,Cadbury,CADBURY DAIRY MILK HAZLNUT 32G,2025,601.819999999999
Confectionery,Chocolates,Chocolate Bars,Nut Chocolate Bars, شركة مونديليز العربية للتجارة,Cadbury,CADBURY DAIRY MILK HAZLNUT 32G,2026,176671.22663300042
Confectionery,Chocolates,Chocolate Bars,Fruit & Nut Chocolate Bars, شركة مونديليز العربية للتجارة,Cadbury,CADBURY DAIRY MILK IRRESISTIBLE NUTTY CREAM 105G,2026,128040.35894099962
Confectionery,Chocolates,Chocolate Bars,Milk Chocolate Bars, شركة مونديليز العربية للتجارة,Cadbury,CADBURY DAIRY MILK IRRESISTIBLE STICKY TOFFEE102G,2026,58087.023137999924
Confectionery,Chocolates,Chocolate Bars,Milk Chocolate Bars, شركة مونديليز العربية للتجارة,Cadbury,CADBURY DAIRY MILK OREO 35G .,2025,180110.54999999894
Confectionery,Chocolates,Chocolate Bars,Milk Chocolate Bars, شركة مونديليز العربية للتجارة,Cadbury,CADBURY DAIRY MILK OREO 35G .,2026,229815.15744099964
Confectionery,Chocolates,Chocolate Bars,Milk Chocolate Bars, شركة مونديليز العربية للتجارة,Cadbury,CADBURY DAIRY MILK.FRIT&NUT32G,2025,5479.199999999987
Confectionery,Chocolates,Chocolate Bars,Milk Chocolate Bars, شركة مونديليز العربية للتجارة,Cadbury,CADBURY DAIRY MILK.FRIT&NUT32G,2026,136153.2169490002
Confectionery,Chocolates,Chocolate Bars,Milk Chocolate Bars, شركة مونديليز العربية للتجارة,Cadbury,CADBURY DAIRYMILK BUBBY 24G,2025,16883.17999999999
Confectionery,Chocolates,Chocolate Bars,Milk Chocolate Bars, شركة مونديليز العربية للتجارة,Cadbury,CADBURY DAIRYMILK BUBBY 24G,2026,160992.15737599987
Confectionery,Chocolates,Chocolate Bars,Milk Chocolate Bars, شركة مونديليز العربية للتجارة,Cadbury,CADBURY FLAKE DIPPED CHOCO 28G,2026,47862.70280699986
Confectionery,Chocolates,Chocolate Bars,Milk Chocolate Bars, شركة مونديليز العربية للتجارة,Cadbury,CADBURY FLAKES 28G,2025,351353.78300000075
Confectionery,Chocolates,Chocolate Bars,Milk Chocolate Bars, شركة مونديليز العربية للتجارة,Cadbury,CADBURY FLAKES 28G,2026,544776.7330799996
Confectionery,Chocolates,Chocolate Bars,Milk Chocolate Bars, شركة مونديليز العربية للتجارة,Cadbury,CADBURY FLAKES 28G.,2025,78685.37799999944
Confectionery,Chocolates,Chocolate Bars,Milk Chocolate Mini Bars, شركة مونديليز العربية للتجارة,Cadbury,CADBURY MIN 145G.,2025,53105.6520000002
Confectionery,Chocolates,Chocolate Bars,Milk Chocolate Bars, شركة مونديليز العربية للتجارة,Cadbury,CADBURY OREO 35G .,2025,28361.659999999934
Confectionery,Chocolates,Chocolate Bars,Milk Chocolate Bars, شركة مونديليز العربية للتجارة,Toblerone,TOBLERON CHOCOLATE 35G,2025,92790.59000000065
Confectionery,Chocolates,Chocolate Bars,Milk Chocolate Bars, شركة مونديليز العربية للتجارة,Toblerone,TOBLERON CHOCOLATE 35G,2026,162849.75503900077
Confectionery,Chocolates,Chocolate Bars,Milk Chocolate Bars, شركة مونديليز العربية للتجارة,Toblerone,TOBLERONE ALMOND NOUGT 100G,2026,56297.45026999996
Confectionery,Chocolates,Chocolate Bars,Milk Chocolate Bars, شركة مونديليز العربية للتجارة,Toblerone,TOBLERONE ALMOND NOUGT 340G,2026,30195.27822799999
Confectionery,Chocolates,Chocolate Bars,Milk Chocolate Bars, شركة مونديليز العربية للتجارة,Toblerone,TOBLERONE CHOCOLATE 35G.,2025,15044.61999999998
Confectionery,Chocolates,Chocolate Bars,Milk Chocolate Bars, شركة مونديليز العربية للتجارة,Toblerone,TOBLERONE DARK CHOCOLATE 100G.,2026,24183.434233000007
Confectionery,Chocolates,Chocolate Bars,Milk Chocolate Mini Bars, شركة مونديليز العربية للتجارة,Toblerone,TOBLERONE MINI 168G,2025,358912.79300000094
Confectionery,Chocolates,Chocolate Bars,Milk Chocolate Mini Bars, شركة مونديليز العربية للتجارة,Toblerone,TOBLERONE MINI 168G,2026,655503.0687310015
Confectionery,Chocolates,Chocolate Bars,Milk Chocolate Mini Bars, شركة مونديليز العربية للتجارة,Toblerone,TOBLERONE MINI 168G.,2025,57101.47100000004
Confectionery,Chocolates,Chocolate Bars,Milk Chocolate Bars, شركة مونديليز العربية للتجارة,Toblerone,TOBLERONE SALTED CARAMELIZED ALMONDS 100G,2026,13997.973499000025
Confectionery,Chocolates,Chocolate Bars,Milk Chocolate Bars, شركة مونديليز العربية للتجارة,Toblerone,TOBLERONE WHITE CHOCOLATE 100G,2026,17002.96485699999
Confectionery,Chocolates,Chocolate Bars,Milk Chocolate Bars, شركة مونديليز العربية للتجارة,Unbranded,CADBURY FLAKE DIPPED CHOCO 28G,2025,404633.2270000011
Confectionery,Chocolates,Chocolate Bars,Milk Chocolate Bars, شركة مونديليز العربية للتجارة,Unbranded,CADBURY FLAKE DIPPED CHOCO 28G,2026,385469.1618210019
Confectionery,Chocolates,Chocolate Bars,Milk Chocolate Bars, شركة مونديليز العربية للتجارة,Unbranded,UNBRANDED CHOCO 28G.,2025,89103.3739999996
Confectionery,Chocolates,Chocolate Bars,Milk Chocolate Bars, شركة نستله العربيه السعوديه,Lion,LION BAR CHOCOLATE 30G,2025,103162.87599999963
Confectionery,Chocolates,Chocolate Bars,Milk Chocolate Bars, شركة نستله العربيه السعوديه,Lion,LION BAR CHOCOLATE 30G,2026,3694.8955340000052
Confectionery,Chocolates,Chocolate Bars,Milk Chocolate Bars, شركة نستله العربيه السعوديه,Lion,LION CHOCOLATE 30G.,2025,13998.57000000005
Confectionery,Chocolates,Chocolate Bars,Milk Chocolate Bars, شركة نستله العربيه السعوديه,Nestle,LION BAR CHOCOLATE 60G,2025,58389.37600000016
Confectionery,Chocolates,Chocolate Bars,Milk Chocolate Bars, شركة نستله العربيه السعوديه,Nestle,LION BAR CHOCOLATE 60G,2026,111323.12413499955
Confectionery,Chocolates,Chocolate Bars,Milk Chocolate Mini Bars, شركة نستله العربيه السعوديه,Nestle,NESTLE CHOCOLATE 5G.,2025,38730.54799999991
Confectionery,Chocolates,Chocolate Bars,Milk Chocolate Bars, شركة نستله العربيه السعوديه,Nestle,NESTLE CHOCOLATE 60G.,2025,6297.159999999992
Confectionery,Chocolates,Chocolate Bars,Caramel Filled Mini Bars, شركة نستله العربيه السعوديه,Nestle,NESTLE MINIATURES 240G.,2025,5208.1399999999985
Confectionery,Chocolates,Chocolate Bars,Milk Chocolate Mini Bars, شركة نستله العربيه السعوديه,Nestle,NESTLE MINIS CHOCOLATE 495.5G,2025,141824.35900000005
Confectionery,Chocolates,Chocolate Bars,Milk Chocolate Mini Bars, شركة نستله العربيه السعوديه,Nestle,NESTLE MINIS CHOCOLATE 495.5G,2026,192044.2511099998
Confectionery,Chocolates,Chocolate Bars,Milk Chocolate Mini Bars, شركة نستله العربيه السعوديه,Nestle,NESTLE MINIS VALUE PACK 185.5G,2025,51275.93999999997
Confectionery,Chocolates,Chocolate Bars,Milk Chocolate Mini Bars, شركة نستله العربيه السعوديه,Nestle,NESTLE MINIS VALUE PACK 185.5G,2026,77946.46068399999
Confectionery,Chocolates,Chocolate Bars,Milk Chocolate Mini Bars, شركة نستله العربيه السعوديه,Nestle,NESTLE PACK 5G.,2025,7139.0899999999965
Confectionery,Chocolates,Chocolate Bars,Caramel Chocolate Bars, شركة نستله العربيه السعوديه,Nestle,NESTLE TOLA CHEWY CRML&NGT 31G,2026,84320.71736400001
Confectionery,Chocolates,Chocolate Bars,Caramel Chocolate Bars, شركة نستله العربيه السعوديه,Nestle,NESTLE TOLA CHEWY CRML&NGT231G,2026,72437.89582800007
Confectionery,Chocolates,Chocolate Bars,Caramel Filled Mini Bars, شركة نستله العربيه السعوديه,Nestle,NESTLE TOLA MINIATURES 240G,2025,69828.19100000025
Confectionery,Chocolates,Chocolate Bars,Caramel Filled Mini Bars, شركة نستله العربيه السعوديه,Nestle,NESTLE TOLA MINIATURES 240G,2026,26654.75607399996
Confectionery,Chocolates,Chocolate Bars,Caramel Chocolate Bars, شركة نستله العربيه السعوديه,Nestle,NESTLE TOLA NUTTY PNT&CRML 31G,2026,33393.68809900011
Confectionery,Chocolates,Chocolate Bars,Caramel Chocolate Bars, شركة نستله العربيه السعوديه,Nestle,NESTLE TOLA NUTY PNT&CRML 231G,2026,87710.68727399968
Confectionery,Chocolates,Chocolate Bars,Milk Chocolate Bars, مؤسسات سقالة التجارية,Ozmo,OZMO FUN CHOCOLATE MILK 23G,2025,159787.90199999994
Confectionery,Chocolates,Chocolate Bars,Milk Chocolate Bars, مؤسسات سقالة التجارية,Ozmo,OZMO FUN CHOCOLATE MILK 23G,2026,37826.673757999946
Confectionery,Chocolates,Chocolate Bars,Milk Chocolate Bars, مؤسسات سقالة التجارية,Ozmo,OZMO MILK 23G.,2025,34375.84000000011
Confectionery,Chocolates,Chocolate Coated Wafers,Mini Wafer Bites, شركة بلاديس العربية للصناعات الغذائية,Ulker,ULKER DUBAI CHOCOLTE BITES 21G,2026,99945.25617199962
Confectionery,Chocolates,Chocolate Coated Wafers,Milk Chocolate Coated Wafers, شركة سعيد محمد عبيد بن زقر وشركاه المحدودة,Break,BREAK SUPA MILK CHOCO.WFER 30G,2026,584.6521530000001
Confectionery,Chocolates,Chocolate Coated Wafers,Milk Chocolate Coated Wafers, شركة سعيد محمد عبيد بن زقر وشركاه المحدودة,Tiffany,TIFFANY BREAK CHOC WAFER 12.5G,2026,43044.065352000034
Confectionery,Chocolates,Chocolate Coated Wafers,Milk Chocolate Coated Wafers, شركة سعيد محمد عبيد بن زقر وشركاه المحدودة,Tiffany,TIFFANY BREAK CHOCO WAFER 25G,2026,45959.25866700013
Confectionery,Chocolates,Chocolate Coated Wafers,Dark Chocolate Coated Wafers, شركة سعيد محمد عبيد بن زقر وشركاه المحدودة,Tiffany,TIFFANY BREAK D.TREAST WAFERS 368G,2026,12.165217
Confectionery,Chocolates,Chocolate Coated Wafers,Milk Chocolate Coated Wafers, شركة سعيد محمد عبيد بن زقر وشركاه المحدودة,Tiffany,TIFFANY BREAK DELIGHTS WFR 21G,2026,51479.68442900017
Confectionery,Chocolates,Chocolate Coated Wafers,Milk Chocolate Coated Wafers, شركة سعيد محمد عبيد بن زقر وشركاه المحدودة,Tiffany,TIFFANY BREAKSTA CHOC WAFR 26G,2026,5524.756253000001
Confectionery,Chocolates,Chocolate Coated Wafers,Milk Chocolate Coated Wafers, شركة سعيد محمد عبيد بن زقر وشركاه المحدودة,Tiffany,TIFFANY BREAKTIME C.WAFER 26G,2026,1890.6433840000004
Confectionery,Chocolates,Chocolate Coated Wafers,Caramel Chocolate Wafers, شركة سنابل المتحدة للتجارة,Choki,CHOKI CHOKI CHOCO CASHEW 48G,2025,61694.73399999999
Confectionery,Chocolates,Chocolate Coated Wafers,Caramel Chocolate Wafers, شركة سنابل المتحدة للتجارة,Choki,CHOKI CHOKI CHOCO CASHEW 48G,2026,115233.90081400072
Confectionery,Chocolates,Chocolate Coated Wafers,Milk Chocolate Coated Wafers, شركة سويت ستوريز,Roshen,ROSHEN CHOC CHOC1KG..,2025,26.04
Confectionery,Chocolates,Chocolate Coated Wafers,Milk Chocolate Coated Wafers, شركة سويت ستوريز,Roshen,ROSHEN J.KROCKR WAFER CHOC1KG..,2025,79475.30999999991
Confectionery,Chocolates,Chocolate Coated Wafers,Milk Chocolate Coated Wafers, شركة سويت ستوريز,Roshen,ROSHEN J.KROCKR WAFER CHOC1KG..,2026,98318.06866299988
Confectionery,Chocolates,Chocolate Coated Wafers,Milk Chocolate Coated Wafers, شركة سيف فود للتجارة,Kitkat,KITKAT CHUNKY WFR W/CHOCO 160G,2026,1060.9217220000005
Confectionery,Chocolates,Chocolate Coated Wafers,Caramel Chocolate Wafers, شركة سيف فود للتجارة,Nestle,NESTLE KIT KAT 4 FINGER 3 PACK 124.50G,2026,11.295652
Confectionery,Chocolates,Chocolate Coated Wafers,Mini Wafer Bites, شركة فيرجلف السعودية للتجارة,Ferrero,FERRERO ROCHER T15 187.5G,2025,24740.100000000013
Confectionery,Chocolates,Chocolate Coated Wafers,Mini Wafer Bites, شركة فيرجلف السعودية للتجارة,Ferrero,FERRERO ROCHER T15 187.5G,2026,96.495651
Confectionery,Chocolates,Chocolate Coated Wafers,Mini Wafer Bites, شركة فيرجلف السعودية للتجارة,Ferrero,FERRERO ROCHER T24 300G,2025,8071.800000000007
Confectionery,Chocolates,Chocolate Coated Wafers,Mini Wafer Bites, شركة فيرجلف السعودية للتجارة,Ferrero,FERRERO ROCHER.RA.LANTERN.225G,2025,38175.850000000035
Confectionery,Chocolates,Chocolate Coated Wafers,Mini Wafer Bites, شركة فيرجلف السعودية للتجارة,Ferrero,FERRERO ROCHER.RA.LANTERN.225G,2026,217.347825
Confectionery,Chocolates,Chocolate Coated Wafers,Milk Chocolate Coated Wafers, شركة مارس السعودية العربية للتجارة المحدودة - شركة شخص واحد,Galaxy,GALAXY FLUTES CHOCO.WAFER 45G,2025,207086.40999999916
Confectionery,Chocolates,Chocolate Coated Wafers,Milk Chocolate Coated Wafers, شركة مارس السعودية العربية للتجارة المحدودة - شركة شخص واحد,Galaxy,GALAXY FLUTES CHOCO.WAFER 45G,2026,254768.64495500067
Confectionery,Chocolates,Chocolate Coated Wafers,Milk Chocolate Coated Wafers, شركة مارس السعودية العربية للتجارة المحدودة - شركة شخص واحد,Galaxy,GALAXY MINIS COKIE CRMBL137.5G,2025,12000.992999999995
Confectionery,Chocolates,Chocolate Coated Wafers,Milk Chocolate Coated Wafers, شركة مارس السعودية العربية للتجارة المحدودة - شركة شخص واحد,Galaxy,GALAXY MINIS COKIE CRMBL137.5G,2026,86952.14634400007
Confectionery,Chocolates,Chocolate Coated Wafers,Milk Chocolate Coated Wafers, شركة مارس السعودية العربية للتجارة المحدودة - شركة شخص واحد,Galaxy,GALAXY WAFER 45G.,2025,46048.141999999934
Confectionery,Chocolates,Chocolate Coated Wafers,Milk Chocolate Coated Wafers, شركة مارس السعودية العربية للتجارة المحدودة - شركة شخص واحد,Twix,TWIX BISCUIT 21G.,2025,22421.17000000004
Confectionery,Chocolates,Chocolate Coated Wafers,Milk Chocolate Coated Wafers, شركة مارس السعودية العربية للتجارة المحدودة - شركة شخص واحد,Twix,TWIX BISCUIT 25G,2025,213540.02000000002
Confectionery,Chocolates,Chocolate Coated Wafers,Milk Chocolate Coated Wafers, شركة مارس السعودية العربية للتجارة المحدودة - شركة شخص واحد,Twix,TWIX BISCUIT 25G,2026,263863.4983090005
Confectionery,Chocolates,Chocolate Coated Wafers,Milk Chocolate Coated Wafers, شركة مارس السعودية العربية للتجارة المحدودة - شركة شخص واحد,Twix,TWIX BISCUIT 25G.,2025,40896.87999999988
Confectionery,Chocolates,Chocolate Coated Wafers,Milk Chocolate Coated Wafers, شركة مارس السعودية العربية للتجارة المحدودة - شركة شخص واحد,Twix,TWIX BISCUIT 50G.,2025,117120.12999999966
Confectionery,Chocolates,Chocolate Coated Wafers,Milk Chocolate Coated Wafers, شركة مارس السعودية العربية للتجارة المحدودة - شركة شخص واحد,Twix,TWIX BISCUIT EXTRA 75G,2025,307717.482000001
Confectionery,Chocolates,Chocolate Coated Wafers,Milk Chocolate Coated Wafers, شركة مارس السعودية العربية للتجارة المحدودة - شركة شخص واحد,Twix,TWIX BISCUIT EXTRA 75G,2026,275496.5816659999
Confectionery,Chocolates,Chocolate Coated Wafers,Milk Chocolate Coated Wafers, شركة مارس السعودية العربية للتجارة المحدودة - شركة شخص واحد,Twix,TWIX BISCUIT MAXI MINI 174G,2025,3660.8400000000006
Confectionery,Chocolates,Chocolate Coated Wafers,Milk Chocolate Coated Wafers, شركة مارس السعودية العربية للتجارة المحدودة - شركة شخص واحد,Twix,TWIX BISCUIT MAXI MINI 174G,2026,104.295648
Confectionery,Chocolates,Chocolate Coated Wafers,Milk Chocolate Coated Wafers, شركة مارس السعودية العربية للتجارة المحدودة - شركة شخص واحد,Twix,TWIX BISCUIT MINI 260G,2025,9780.884000000005
Confectionery,Chocolates,Chocolate Coated Wafers,Milk Chocolate Coated Wafers, شركة مارس السعودية العربية للتجارة المحدودة - شركة شخص واحد,Twix,TWIX BISCUIT MINI 260G,2026,179.92173599999998
Confectionery,Chocolates,Chocolate Coated Wafers,Milk Chocolate Coated Wafers, شركة مارس السعودية العربية للتجارة المحدودة - شركة شخص واحد,Twix,TWIX BISCUIT MINIATURES 150G.,2025,812246.6150000014
Confectionery,Chocolates,Chocolate Coated Wafers,Milk Chocolate Coated Wafers, شركة مارس السعودية العربية للتجارة المحدودة - شركة شخص واحد,Twix,TWIX BISCUIT MINIATURES 150G.,2026,1135106.5899740024
Confectionery,Chocolates,Chocolate Coated Wafers,Milk Chocolate Coated Wafers, شركة مارس السعودية العربية للتجارة المحدودة - شركة شخص واحد,Twix,TWIX BISCUIT MINIS 200G,2025,658138.8849999977
Confectionery,Chocolates,Chocolate Coated Wafers,Milk Chocolate Coated Wafers, شركة مارس السعودية العربية للتجارة المحدودة - شركة شخص واحد,Twix,TWIX BISCUIT MINIS 200G,2026,782157.6399860042
Confectionery,Chocolates,Chocolate Coated Wafers,Milk Chocolate Coated Wafers, شركة مارس السعودية العربية للتجارة المحدودة - شركة شخص واحد,Twix,TWIX BISCUIT WHITE 5x46G,2025,44165.88
Confectionery,Chocolates,Chocolate Coated Wafers,Milk Chocolate Coated Wafers, شركة مارس السعودية العربية للتجارة المحدودة - شركة شخص واحد,Twix,TWIX BISCUIT WHITE 5x46G,2026,743.0869349999998
Confectionery,Chocolates,Chocolate Coated Wafers,Milk Chocolate Coated Wafers, شركة مارس السعودية العربية للتجارة المحدودة - شركة شخص واحد,Twix,TWIX BISCUIT WHITE CHOCO 46G,2026,1316.582542
Confectionery,Chocolates,Chocolate Coated Wafers,Caramel Chocolate Wafers, شركة مارس السعودية العربية للتجارة المحدودة - شركة شخص واحد,Twix,TWIX CARAMEL 50G.,2025,8686.940000000008
Confectionery,Chocolates,Chocolate Coated Wafers,Hazelnut Cream Wafers, شركة مارس السعودية العربية للتجارة المحدودة - شركة شخص واحد,Twix,TWIX CHOCO-HAZELNUT 50G,2025,10520.133999999995
Confectionery,Chocolates,Chocolate Coated Wafers,Hazelnut Cream Wafers, شركة مارس السعودية العربية للتجارة المحدودة - شركة شخص واحد,Twix,TWIX CHOCO-HAZELNUT 50G,2026,6.086956
Confectionery,Chocolates,Chocolate Coated Wafers,Hazelnut Cream Wafers, شركة مارس السعودية العربية للتجارة المحدودة - شركة شخص واحد,Twix,TWIX CHOCO-HAZELNUT MINI 174G,2025,6088.929999999999
Confectionery,Chocolates,Chocolate Coated Wafers,Hazelnut Cream Wafers, شركة مارس السعودية العربية للتجارة المحدودة - شركة شخص واحد,Twix,TWIX CHOCO-HAZELNUT MINI 174G,2026,27.808694
Confectionery,Chocolates,Chocolate Coated Wafers,Milk Chocolate Coated Wafers, شركة مارس السعودية العربية للتجارة المحدودة - شركة شخص واحد,Twix,TWIX EXTRA 75G.,2025,43392.622999999854
Confectionery,Chocolates,Chocolate Coated Wafers,Milk Chocolate Coated Wafers, شركة مارس السعودية العربية للتجارة المحدودة - شركة شخص واحد,Twix,TWIX G 1FREE.,2025,15750.439999999999
Confectionery,Chocolates,Chocolate Coated Wafers,Hazelnut Cream Wafers, شركة مارس السعودية العربية للتجارة المحدودة - شركة شخص واحد,Twix,TWIX HAZELNUT 50G.,2025,3338.6599999999994
Confectionery,Chocolates,Chocolate Coated Wafers,Hazelnut Cream Wafers, شركة مارس السعودية العربية للتجارة المحدودة - شركة شخص واحد,Twix,TWIX MINI 174G.,2025,2219.2000000000003
Confectionery,Chocolates,Chocolate Coated Wafers,Milk Chocolate Coated Wafers, شركة مارس السعودية العربية للتجارة المحدودة - شركة شخص واحد,Twix,TWIX MINI 260G.,2025,42589.45000000006
Confectionery,Chocolates,Chocolate Coated Wafers,Milk Chocolate Coated Wafers, شركة مارس السعودية العربية للتجارة المحدودة - شركة شخص واحد,Twix,TWIX MINIATURES 150G.,2025,137474.34699999986
Confectionery,Chocolates,Chocolate Coated Wafers,Caramel Chocolate Wafers, شركة مارس السعودية العربية للتجارة المحدودة - شركة شخص واحد,Twix,TWIX MINIS 174G.,2025,2999.36
Confectionery,Chocolates,Chocolate Coated Wafers,Milk Chocolate Coated Wafers, شركة مارس السعودية العربية للتجارة المحدودة - شركة شخص واحد,Twix,TWIX MINIS 200G.,2025,24567.509999999995
Confectionery,Chocolates,Chocolate Coated Wafers,Caramel Chocolate Wafers, شركة مارس السعودية العربية للتجارة المحدودة - شركة شخص واحد,Twix,TWIX SALTED CARAMEL MINIS 174G,2025,24176.03000000001
Confectionery,Chocolates,Chocolate Coated Wafers,Caramel Chocolate Wafers, شركة مارس السعودية العربية للتجارة المحدودة - شركة شخص واحد,Twix,TWIX SALTED CARAMEL MINIS 174G,2026,10530.138821999986
Confectionery,Chocolates,Chocolate Coated Wafers,Milk Chocolate Coated Wafers, شركة مارس السعودية العربية للتجارة المحدودة - شركة شخص واحد,Twix,TWIX TOP BISCUIT 21G,2025,115735.79999999983
Confectionery,Chocolates,Chocolate Coated Wafers,Milk Chocolate Coated Wafers, شركة مارس السعودية العربية للتجارة المحدودة - شركة شخص واحد,Twix,TWIX TOP BISCUIT 21G,2026,151246.68473099993
Confectionery,Chocolates,Chocolate Coated Wafers,Milk Chocolate Coated Wafers, شركة مارس السعودية العربية للتجارة المحدودة - شركة شخص واحد,Twix,TWIX TOP BISCUIT 21G 9+1FREE,2025,22358.29
Confectionery,Chocolates,Chocolate Coated Wafers,Milk Chocolate Coated Wafers, شركة مارس السعودية العربية للتجارة المحدودة - شركة شخص واحد,Twix,TWIX TOP BISCUIT 21G 9+1FREE,2026,125.147824
Confectionery,Chocolates,Chocolate Coated Wafers,Milk Chocolate Coated Wafers, شركة مارس السعودية العربية للتجارة المحدودة - شركة شخص واحد,Twix,TWIX TWIN BISCUIT 50G.,2025,1293138.713000001
Confectionery,Chocolates,Chocolate Coated Wafers,Milk Chocolate Coated Wafers, شركة مارس السعودية العربية للتجارة المحدودة - شركة شخص واحد,Twix,TWIX TWIN BISCUIT 50G.,2026,1152562.7099940008
Confectionery,Chocolates,Chocolate Coated Wafers,Caramel Chocolate Wafers, شركة مارس السعودية العربية للتجارة المحدودة - شركة شخص واحد,Twix,TWIX TWIN SALTED CARAMEL 50G,2025,37621.501000000004
Confectionery,Chocolates,Chocolate Coated Wafers,Caramel Chocolate Wafers, شركة مارس السعودية العربية للتجارة المحدودة - شركة شخص واحد,Twix,TWIX TWIN SALTED CARAMEL 50G,2026,312.017366
Confectionery,Chocolates,Chocolate Coated Wafers,Milk Chocolate Coated Wafers, شركة مارس السعودية العربية للتجارة المحدودة - شركة شخص واحد,Twix,TWIX x 250G.,2025,61829.464000000036
Confectionery,Chocolates,Chocolate Coated Wafers,Milk Chocolate Coated Wafers, شركة مارس السعودية العربية للتجارة المحدودة - شركة شخص واحد,Twix,TWIX x 5x46G.,2025,10233.98
Confectionery,Chocolates,Chocolate Coated Wafers,Milk Chocolate Coated Wafers, شركة مارس السعودية العربية للتجارة المحدودة - شركة شخص واحد,Twix,TWIX.TWIN BISCUIT 5x2 250G,2025,590353.7089999999
Confectionery,Chocolates,Chocolate Coated Wafers,Milk Chocolate Coated Wafers, شركة مارس السعودية العربية للتجارة المحدودة - شركة شخص واحد,Twix,TWIX.TWIN BISCUIT 5x2 250G,2026,492591.3768059994
Confectionery,Chocolates,Chocolate Coated Wafers,Mini Wafer Bites, شركة مها أحمد الجفالي لتسويق المواد الغذائية,Gandour,GANDOUR CHOCO 300G.,2025,169.81999999999996
Confectionery,Chocolates,Chocolate Coated Wafers,Mini Wafer Bites, شركة مها أحمد الجفالي لتسويق المواد الغذائية,Gandour,GANDOUR HAWAI MIN.CCNT.CHT165G,2025,1990.9520000000016
Confectionery,Chocolates,Chocolate Coated Wafers,Mini Wafer Bites, شركة مها أحمد الجفالي لتسويق المواد الغذائية,Gandour,GANDOUR HAWAI MIN.CCNT.CHT165G,2026,93507.88678599957
Confectionery,Chocolates,Chocolate Coated Wafers,Mini Wafer Bites, شركة مها أحمد الجفالي لتسويق المواد الغذائية,Gandour,GANDOUR HAWAII SNACK SIZE 224G,2025,46916.67099999994
Confectionery,Chocolates,Chocolate Coated Wafers,Mini Wafer Bites, شركة مها أحمد الجفالي لتسويق المواد الغذائية,Gandour,GANDOUR HAWAII SNACK SIZE 224G,2026,140842.73932000148
Confectionery,Chocolates,Chocolate Coated Wafers,Mini Wafer Bites, شركة مها أحمد الجفالي لتسويق المواد الغذائية,Gandour,GANDOUR MIX 385G.,2025,2903.779999999998
Confectionery,Chocolates,Chocolate Coated Wafers,Mini Wafer Bites, شركة مها أحمد الجفالي لتسويق المواد الغذائية,Gandour,GANDOUR PICK ONE MINI MIX 385G,2025,2467.516000000001
Confectionery,Chocolates,Chocolate Coated Wafers,Caramel Chocolate Wafers, شركة مها أحمد الجفالي لتسويق المواد الغذائية,Gandour,GANDOUR SAFARI CARAMEL WFR 28G,2026,766.9475200000004
Confectionery,Chocolates,Chocolate Coated Wafers,Mini Wafer Bites, شركة مها أحمد الجفالي لتسويق المواد الغذائية,Gandour,GANDOUR SAFARI MINIS 171G,2025,53659.84300000046
Confectionery,Chocolates,Chocolate Coated Wafers,Mini Wafer Bites, شركة مها أحمد الجفالي لتسويق المواد الغذائية,Gandour,GANDOUR SAFARI MINIS 171G,2026,124044.79954299977
Confectionery,Chocolates,Chocolate Coated Wafers,Mini Wafer Bites, شركة مها أحمد الجفالي لتسويق المواد الغذائية,Gandour,GANDOUR SAFARI SNACK SIZE 256G,2025,101602.71299999971
Confectionery,Chocolates,Chocolate Coated Wafers,Mini Wafer Bites, شركة مها أحمد الجفالي لتسويق المواد الغذائية,Gandour,GANDOUR SAFARI SNACK SIZE 256G,2026,259914.66071700217
Confectionery,Chocolates,Chocolate Coated Wafers,Mini Wafer Bites, شركة مها أحمد الجفالي لتسويق المواد الغذائية,Gandour,GANDOUR SOUDAN 50G,2025,21137.855000000032
Confectionery,Chocolates,Chocolate Coated Wafers,Mini Wafer Bites, شركة مها أحمد الجفالي لتسويق المواد الغذائية,Gandour,GANDOUR SOUDAN 50G,2026,85924.66647800007
Confectionery,Chocolates,Chocolate Coated Wafers,Mini Wafer Bites, شركة مها أحمد الجفالي لتسويق المواد الغذائية,Gandour,GANDOUR SOUDAN MINIS 165G,2025,41671.076000000205
Confectionery,Chocolates,Chocolate Coated Wafers,Mini Wafer Bites, شركة مها أحمد الجفالي لتسويق المواد الغذائية,Gandour,GANDOUR SOUDAN MINIS 165G,2026,97332.39104599954
Confectionery,Chocolates,Chocolate Coated Wafers,Mini Wafer Bites, شركة مها أحمد الجفالي لتسويق المواد الغذائية,Gandour,GANDOUR SOUDAN SNACK SIZE 248G,2025,42478.34800000067
Confectionery,Chocolates,Chocolate Coated Wafers,Mini Wafer Bites, شركة مها أحمد الجفالي لتسويق المواد الغذائية,Gandour,GANDOUR SOUDAN SNACK SIZE 248G,2026,183091.66978000116
Confectionery,Chocolates,Chocolate Coated Wafers,Mini Wafer Bites, شركة مها أحمد الجفالي لتسويق المواد الغذائية,Gandour,GANDOUR TOFILUK 160G,2025,42089.65300000018
Confectionery,Chocolates,Chocolate Coated Wafers,Mini Wafer Bites, شركة مها أحمد الجفالي لتسويق المواد الغذائية,Gandour,GANDOUR TOFILUK 160G,2026,192642.04187700182
Confectionery,Chocolates,Chocolate Coated Wafers,Mini Wafer Bites, شركة مها أحمد الجفالي لتسويق المواد الغذائية,Gandour,GANDOUR TOFILUK 264G,2025,63927.172000000406
Confectionery,Chocolates,Chocolate Coated Wafers,Mini Wafer Bites, شركة مها أحمد الجفالي لتسويق المواد الغذائية,Gandour,GANDOUR TOFILUK 264G,2026,228281.4259850015
Confectionery,Chocolates,Chocolate Coated Wafers,Mini Wafer Bites, شركة مها أحمد الجفالي لتسويق المواد الغذائية,Gandour,GANDOUR TOFILUK MIN CHOCO 300G,2025,234.77299999999997
Confectionery,Chocolates,Chocolate Coated Wafers,Mini Wafer Bites, شركة مها أحمد الجفالي لتسويق المواد الغذائية,Gandour,GANDOUR TOFILUK MIN CHOCO 300G,2026,12.165217
Confectionery,Chocolates,Chocolate Coated Wafers,Caramel Chocolate Wafers, شركة مها أحمد الجفالي لتسويق المواد الغذائية,Unbranded,GANDOUR SAFARI CARAMEL WFR 28G,2026,1232.5560520000017
Confectionery,Chocolates,Chocolate Coated Wafers,Caramel Chocolate Wafers, شركة مونديليز العربية للتجارة,Cadbury,CADBURY OUT 2G.,2025,45882.46600000008
Confectionery,Chocolates,Chocolate Coated Wafers,Caramel Chocolate Wafers, شركة مونديليز العربية للتجارة,Cadbury,CADBURY WAFERS TIME OUT 247.2G,2025,320573.320000002
Confectionery,Chocolates,Chocolate Coated Wafers,Caramel Chocolate Wafers, شركة مونديليز العربية للتجارة,Cadbury,CADBURY WAFERS TIME OUT 247.2G,2026,306937.9978010005
Confectionery,Chocolates,Chocolate Coated Wafers,Caramel Chocolate Wafers, شركة مونديليز العربية للتجارة,Timeout,TIMEOUT CHOCO CRN.WAFER 20.8G,2025,138716.59100000022
Confectionery,Chocolates,Chocolate Coated Wafers,Caramel Chocolate Wafers, شركة مونديليز العربية للتجارة,Timeout,TIMEOUT CHOCO CRN.WAFER 20.8G,2026,100887.59565399955
Confectionery,Chocolates,Chocolate Coated Wafers,Caramel Chocolate Wafers, شركة مونديليز العربية للتجارة,Timeout,TIMEOUT CHOCO CRN.WAFER 41.6G,2025,49628.15999999993
Confectionery,Chocolates,Chocolate Coated Wafers,Caramel Chocolate Wafers, شركة مونديليز العربية للتجارة,Timeout,TIMEOUT CHOCO CRN.WAFER 41.6G,2026,26333.7980049998
Confectionery,Chocolates,Chocolate Coated Wafers,Caramel Chocolate Wafers, شركة مونديليز العربية للتجارة,Timeout,TIMEOUT WAFER CRN.WAFER 20.,2025,36085.4069999999
Confectionery,Chocolates,Chocolate Coated Wafers,Caramel Chocolate Wafers, شركة مونديليز العربية للتجارة,Timeout,TIMEOUT WAFER CRN.WAFER 41.,2025,10947.53
Confectionery,Chocolates,Chocolate Coated Wafers,Milk Chocolate Coated Wafers, شركة نستله العربيه السعوديه,Kitekat,KITKAT WAFER MINI BREAKS DARK 162G,2026,58017.93820900013
Confectionery,Chocolates,Chocolate Coated Wafers,Milk Chocolate Coated Wafers, شركة نستله العربيه السعوديه,Kitkat,KITKAT CARAMEL 99G.,2025,35227.666999999805
Confectionery,Chocolates,Chocolate Coated Wafers,Hazelnut Cream Wafers, شركة نستله العربيه السعوديه,Kitkat,KITKAT CHOC 224G.,2025,59515.391000000076
Confectionery,Chocolates,Chocolate Coated Wafers,Dark Chocolate Coated Wafers, شركة نستله العربيه السعوديه,Kitkat,KITKAT CHOCO 5G.,2025,12544.939999999962
Confectionery,Chocolates,Chocolate Coated Wafers,Hazelnut Cream Wafers, شركة نستله العربيه السعوديه,Kitkat,KITKAT CHOCO CHOCO40G.,2025,27448.84999999997
Confectionery,Chocolates,Chocolate Coated Wafers,Hazelnut Cream Wafers, شركة نستله العربيه السعوديه,Kitkat,KITKAT CHOCO.WFER CHUNKY 4x40G,2025,120244.68999999992
Confectionery,Chocolates,Chocolate Coated Wafers,Hazelnut Cream Wafers, شركة نستله العربيه السعوديه,Kitkat,KITKAT CHOCO.WFER CHUNKY 4x40G,2026,231869.90924599944
Confectionery,Chocolates,Chocolate Coated Wafers,Milk Chocolate Coated Wafers, شركة نستله العربيه السعوديه,Kitkat,KITKAT CHOCOLATE WFR MINI 229.5G,2025,223062.05400000073
Confectionery,Chocolates,Chocolate Coated Wafers,Milk Chocolate Coated Wafers, شركة نستله العربيه السعوديه,Kitkat,KITKAT CHOCOLATE WFR MINI 229.5G,2026,296052.2137370005
Confectionery,Chocolates,Chocolate Coated Wafers,Milk Chocolate Coated Wafers, شركة نستله العربيه السعوديه,Kitkat,KITKAT CHUNKY 384G VALUE PACK,2025,289451.14700000064
Confectionery,Chocolates,Chocolate Coated Wafers,Milk Chocolate Coated Wafers, شركة نستله العربيه السعوديه,Kitkat,KITKAT CHUNKY 384G VALUE PACK,2026,144764.67002000005
Confectionery,Chocolates,Chocolate Coated Wafers,Hazelnut Cream Wafers, شركة نستله العربيه السعوديه,Kitkat,KITKAT CHUNKY MNIS W/CHOC 224G,2025,183471.6340000001
Confectionery,Chocolates,Chocolate Coated Wafers,Hazelnut Cream Wafers, شركة نستله العربيه السعوديه,Kitkat,KITKAT CHUNKY MNIS W/CHOC 224G,2026,180985.71024699978
Confectionery,Chocolates,Chocolate Coated Wafers,Hazelnut Cream Wafers, شركة نستله العربيه السعوديه,Kitkat,KITKAT CHUNKY WAFER PISTACHIO KUNAFA 41G,2026,52890.07468000004
Confectionery,Chocolates,Chocolate Coated Wafers,Hazelnut Cream Wafers, شركة نستله العربيه السعوديه,Kitkat,KITKAT CHUNKY WAFER W/CHOCO40G,2025,210617.9459999997
Confectionery,Chocolates,Chocolate Coated Wafers,Hazelnut Cream Wafers, شركة نستله العربيه السعوديه,Kitkat,KITKAT CHUNKY WAFER W/CHOCO40G,2026,302371.4684669984
Confectionery,Chocolates,Chocolate Coated Wafers,Milk Chocolate Coated Wafers, شركة نستله العربيه السعوديه,Kitkat,KITKAT CHUNKY WITH LOTUS 41.5G,2025,129.03999999999996
Confectionery,Chocolates,Chocolate Coated Wafers,Milk Chocolate Coated Wafers, شركة نستله العربيه السعوديه,Kitkat,KITKAT CHUNKY WITH LOTUS 41.5G,2026,52.06956
Confectionery,Chocolates,Chocolate Coated Wafers,Caramel Chocolate Wafers, شركة نستله العربيه السعوديه,Kitkat,KITKAT COFFEE 5G.,2025,15210.319999999918
Confectionery,Chocolates,Chocolate Coated Wafers,Mini Wafer Bites, شركة نستله العربيه السعوديه,Kitkat,KITKAT CRUMBL 5G.,2025,2.39
Confectionery,Chocolates,Chocolate Coated Wafers,Milk Chocolate Coated Wafers, شركة نستله العربيه السعوديه,Kitkat,KITKAT HAZELNUT 3G.,2025,38156.532999999945
Confectionery,Chocolates,Chocolate Coated Wafers,Milk Chocolate Coated Wafers, شركة نستله العربيه السعوديه,Kitkat,KITKAT LOTUS 5G.,2025,499.17000000000013
Confectionery,Chocolates,Chocolate Coated Wafers,Hazelnut Cream Wafers, شركة نستله العربيه السعوديه,Kitkat,KITKAT M.PISTACHIO SPRD.100.8G,2026,17.382608
Confectionery,Chocolates,Chocolate Coated Wafers,Milk Chocolate Coated Wafers, شركة نستله العربيه السعوديه,Kitkat,KITKAT MINATURES HAZELNUT 96.3G,2025,156188.26899999997
Confectionery,Chocolates,Chocolate Coated Wafers,Milk Chocolate Coated Wafers, شركة نستله العربيه السعوديه,Kitkat,KITKAT MINATURES HAZELNUT 96.3G,2026,120828.29165699965
Confectionery,Chocolates,Chocolate Coated Wafers,Milk Chocolate Coated Wafers, شركة نستله العربيه السعوديه,Kitkat,KITKAT MINI 405G VALUE PACK,2025,236449.08599999966
Confectionery,Chocolates,Chocolate Coated Wafers,Milk Chocolate Coated Wafers, شركة نستله العربيه السعوديه,Kitkat,KITKAT MINI 405G VALUE PACK,2026,223410.89598600022
Confectionery,Chocolates,Chocolate Coated Wafers,Milk Chocolate Coated Wafers, شركة نستله العربيه السعوديه,Kitkat,KITKAT MINI 5G.,2025,81739.75100000006
Confectionery,Chocolates,Chocolate Coated Wafers,Milk Chocolate Coated Wafers, شركة نستله العربيه السعوديه,Kitkat,KITKAT MINIATURES 5G.,2025,81142.76099999982
Confectionery,Chocolates,Chocolate Coated Wafers,Milk Chocolate Coated Wafers, شركة نستله العربيه السعوديه,Kitkat,KITKAT MINIATURES 94.5G,2025,298412.37300000124
Confectionery,Chocolates,Chocolate Coated Wafers,Milk Chocolate Coated Wafers, شركة نستله العربيه السعوديه,Kitkat,KITKAT MINIATURES 94.5G,2026,426826.28260599857
Confectionery,Chocolates,Chocolate Coated Wafers,Milk Chocolate Coated Wafers, شركة نستله العربيه السعوديه,Kitkat,KITKAT MINIATURES CARAMEL 99G,2025,131997.15899999952
Confectionery,Chocolates,Chocolate Coated Wafers,Milk Chocolate Coated Wafers, شركة نستله العربيه السعوديه,Kitkat,KITKAT MINIATURES CARAMEL 99G,2026,134473.36981299944
Confectionery,Chocolates,Chocolate Coated Wafers,Hazelnut Cream Wafers, شركة نستله العربيه السعوديه,Kitkat,KITKAT 'S FINGR CHO.2'S 17.,2025,117846.1949999996
Confectionery,Chocolates,Chocolate Coated Wafers,Milk Chocolate Coated Wafers, شركة نستله العربيه السعوديه,Kitkat,KITKAT 'S FINGR CHO.4'S 36.,2025,45049.01000000031
Confectionery,Chocolates,Chocolate Coated Wafers,Milk Chocolate Coated Wafers, شركة نستله العربيه السعوديه,Kitkat,KITKAT VALUE PACK.,2025,42827.41000000006
Confectionery,Chocolates,Chocolate Coated Wafers,Milk Chocolate Coated Wafers, شركة نستله العربيه السعوديه,Kitkat,KITKAT WAFER CHUNKY PISTACHIO KUNAFA 166G,2026,64901.15539800011
Confectionery,Chocolates,Chocolate Coated Wafers,Milk Chocolate Coated Wafers, شركة نستله العربيه السعوديه,Kitkat,KITKAT WAFER MINIATURES PISTACHIO KUNAFA 96.3G,2026,37533.90407600009
Confectionery,Chocolates,Chocolate Coated Wafers,Caramel Chocolate Wafers, شركة نستله العربيه السعوديه,Kitkat,KITKAT WAFERS COFFEE 36.5G,2025,111314.95699999991
Confectionery,Chocolates,Chocolate Coated Wafers,Caramel Chocolate Wafers, شركة نستله العربيه السعوديه,Kitkat,KITKAT WAFERS COFFEE 36.5G,2026,7711.964699000013
Confectionery,Chocolates,Chocolate Coated Wafers,Dark Chocolate Coated Wafers, شركة نستله العربيه السعوديه,Kitkat,KITKAT WAFERS WHITE CHOCO41.5G,2025,115495.5620000005
Confectionery,Chocolates,Chocolate Coated Wafers,Dark Chocolate Coated Wafers, شركة نستله العربيه السعوديه,Kitkat,KITKAT WAFERS WHITE CHOCO41.5G,2026,141620.3940820009
Confectionery,Chocolates,Chocolate Coated Wafers,Milk Chocolate Coated Wafers, شركة نستله العربيه السعوديه,Kitkat,KITKAT WAFR 2'S FINGER 8x17.7G,2025,227962.8660000003
Confectionery,Chocolates,Chocolate Coated Wafers,Milk Chocolate Coated Wafers, شركة نستله العربيه السعوديه,Kitkat,KITKAT WAFR 2'S FINGER 8x17.7G,2026,243011.40559500075
Confectionery,Chocolates,Chocolate Coated Wafers,Milk Chocolate Coated Wafers, شركة نستله العربيه السعوديه,Kitkat,KITKAT WAFR 4'S FINGR 4x36.5G,2025,141922.84599999958
Confectionery,Chocolates,Chocolate Coated Wafers,Milk Chocolate Coated Wafers, شركة نستله العربيه السعوديه,Kitkat,KITKAT WAFR 4'S FINGR 4x36.5G,2026,199354.48941099987
Confectionery,Chocolates,Chocolate Coated Wafers,Mini Wafer Bites, شركة نستله العربيه السعوديه,Kitkat,KITKAT WAFR COOKIE CRUMBL19.5G,2025,4.78
Confectionery,Chocolates,Chocolate Coated Wafers,Mini Wafer Bites, شركة نستله العربيه السعوديه,Kitkat,KITKAT WAFR COOKIE CRUMBL19.5G,2026,2.391304
Confectionery,Chocolates,Chocolate Coated Wafers,Milk Chocolate Coated Wafers, شركة نستله العربيه السعوديه,Kitkat,KITKAT WFR F. CHOCO 17.7G 6+2,2026,16322.217141000008
Confectionery,Chocolates,Chocolate Coated Wafers,Milk Chocolate Coated Wafers, شركة نستله العربيه السعوديه,Kitkat,KITKAT WFR F. CHOCO 36.5G 5+1,2026,6093.312873999994
Confectionery,Chocolates,Chocolate Coated Wafers,Milk Chocolate Coated Wafers, شركة نستله العربيه السعوديه,Kitkat,KITKAT WFR F. CHOCO 438G 10+2,2026,3832.034722000007
Confectionery,Chocolates,Chocolate Coated Wafers,Hazelnut Cream Wafers, شركة نستله العربيه السعوديه,Kitkat,KITKAT WFR FINGR CHO.2'S 17.7G,2025,554627.2380000015
Confectionery,Chocolates,Chocolate Coated Wafers,Hazelnut Cream Wafers, شركة نستله العربيه السعوديه,Kitkat,KITKAT WFR FINGR CHO.2'S 17.7G,2026,14147.484717999983
Confectionery,Chocolates,Chocolate Coated Wafers,Milk Chocolate Coated Wafers, شركة نستله العربيه السعوديه,Kitkat,KITKAT WFR FINGR CHO.2'S 20.5G,2025,315326.1200000002
Confectionery,Chocolates,Chocolate Coated Wafers,Milk Chocolate Coated Wafers, شركة نستله العربيه السعوديه,Kitkat,KITKAT WFR FINGR CHO.2'S 20.5G,2026,782667.257466
Confectionery,Chocolates,Chocolate Coated Wafers,Milk Chocolate Coated Wafers, شركة نستله العربيه السعوديه,Kitkat,KITKAT WFR FINGR CHO.4'S 36.5G,2025,316924.09199999983
Confectionery,Chocolates,Chocolate Coated Wafers,Milk Chocolate Coated Wafers, شركة نستله العربيه السعوديه,Kitkat,KITKAT WFR FINGR CHO.4'S 36.5G,2026,444738.2843029994
Confectionery,Chocolates,Chocolate Coated Wafers,Milk Chocolate Coated Wafers, شركة نستله العربيه السعوديه,Kitkat,KITKAT WFR RACING CARS FORMULA 1  66G,2026,8550.808565
Confectionery,Chocolates,Chocolate Coated Wafers,Hazelnut Cream Wafers, شركة نستله العربيه السعوديه,Kitkat,KITKAT x 4x40G.,2025,15805.389999999978
Confectionery,Chocolates,Chocolate Coated Wafers,Milk Chocolate Coated Wafers, شركة نستله العربيه السعوديه,Kitkat,KITKAT x 5G.,2025,28984.30000000001
Confectionery,Chocolates,Chocolate Coated Wafers,Milk Chocolate Coated Wafers, شركة نستله العربيه السعوديه,Kitkat,KITKAT x 7G.,2025,36176.96800000011
Confectionery,Chocolates,Chocolate Coated Wafers,Mini Wafer Bites, شركة نستله العربيه السعوديه,Nestle,KITKAT CHNKY MNI VN.WFL 195.8G,2026,87611.58338800017
Confectionery,Chocolates,Chocolate Coated Wafers,Milk Chocolate Coated Wafers, شركة نستله العربيه السعوديه,Nestle,KITKAT MINI 12 BREAKS 162G,2025,118125.8840000002
Confectionery,Chocolates,Chocolate Coated Wafers,Milk Chocolate Coated Wafers, شركة نستله العربيه السعوديه,Nestle,KITKAT MINI 12 BREAKS 162G,2026,64914.110726000115
Confectionery,Chocolates,Chocolate Coated Wafers,Milk Chocolate Coated Wafers, شركة نستله العربيه السعوديه,Nestle,KITKAT MINI CHNKY 10 BREAK 160G,2025,105742.66999999993
Confectionery,Chocolates,Chocolate Coated Wafers,Milk Chocolate Coated Wafers, شركة نستله العربيه السعوديه,Nestle,KITKAT MINI CHNKY 10 BREAK 160G,2026,66179.1454480002
Confectionery,Chocolates,Chocolate Coated Wafers,Mini Wafer Bites, شركة نستله العربيه السعوديه,Nestle,KITKAT MINTURES VNLA.WAFL 110G,2026,7193.999431999994
Confectionery,Chocolates,Chocolate Coated Wafers,Milk Chocolate Coated Wafers, شركة نستله العربيه السعوديه,Nestle,KITKAT W.FINGR DARK CHOC 41.5G,2025,43144.66400000001
Confectionery,Chocolates,Chocolate Coated Wafers,Milk Chocolate Coated Wafers, شركة نستله العربيه السعوديه,Nestle,KITKAT W.FINGR DARK CHOC 41.5G,2026,392.50432499999977
Confectionery,Chocolates,Chocolate Coated Wafers,Milk Chocolate Coated Wafers, شركة نستله العربيه السعوديه,Nestle,KITKAT W.FINGR HAZELNUT 36.5G,2025,43008.85400000002
Confectionery,Chocolates,Chocolate Coated Wafers,Milk Chocolate Coated Wafers, شركة نستله العربيه السعوديه,Nestle,KITKAT W.FINGR HAZELNUT 36.5G,2026,612.1478039999997
Confectionery,Chocolates,Chocolate Coated Wafers,Milk Chocolate Coated Wafers, شركة نستله العربيه السعوديه,Nestle,NESTLE CARAM&CHOC W.CARAM&CHOC 15.,2025,2066.3100000000004
Confectionery,Chocolates,Chocolate Coated Wafers,Milk Chocolate Coated Wafers, شركة نستله العربيه السعوديه,Nestle,NESTLE CHOC FINGR DARK CHOC 41.,2025,5744.369999999996
Confectionery,Chocolates,Chocolate Coated Wafers,Milk Chocolate Coated Wafers, شركة نستله العربيه السعوديه,Nestle,NESTLE CHOCO 18G.,2025,6946.200000000008
Confectionery,Chocolates,Chocolate Coated Wafers,Mini Wafer Bites, شركة نستله العربيه السعوديه,Nestle,NESTLE CHOCO 38G.,2025,2425.519999999993
Confectionery,Chocolates,Chocolate Coated Wafers,Caramel Chocolate Wafers, شركة نستله العربيه السعوديه,Nestle,NESTLE CHOCOLAT 31G.,2025,5884.560000000057
Confectionery,Chocolates,Chocolate Coated Wafers,Milk Chocolate Coated Wafers, شركة نستله العربيه السعوديه,Nestle,NESTLE HAZELNUT FINGR HAZELNUT 36.,2025,4387.26000000001
Confectionery,Chocolates,Chocolate Coated Wafers,Hazelnut Cream Wafers, شركة نستله العربيه السعوديه,Nestle,NESTLE MILKY HAZELNUT WAFER31G,2025,5165.9839999999895
Confectionery,Chocolates,Chocolate Coated Wafers,Hazelnut Cream Wafers, شركة نستله العربيه السعوديه,Nestle,NESTLE MILKY HAZELNUT WAFER31G,2026,53.026086
Confectionery,Chocolates,Chocolate Coated Wafers,Milk Chocolate Coated Wafers, شركة نستله العربيه السعوديه,Nestle,NESTLE MILKY WAFER 28G,2025,10313.743999999984
Confectionery,Chocolates,Chocolate Coated Wafers,Milk Chocolate Coated Wafers, شركة نستله العربيه السعوديه,Nestle,NESTLE MILKY WAFER 28G,2026,13.460869
Confectionery,Chocolates,Chocolate Coated Wafers,Milk Chocolate Coated Wafers, شركة نستله العربيه السعوديه,Nestle,NESTLE MINIS 28'S 338.5G,2025,12313.094000000008
Confectionery,Chocolates,Chocolate Coated Wafers,Milk Chocolate Coated Wafers, شركة نستله العربيه السعوديه,Nestle,NESTLE MINIS 28'S 338.5G,2026,33732.53874900004
Confectionery,Chocolates,Chocolate Coated Wafers,Milk Chocolate Coated Wafers, شركة نستله العربيه السعوديه,Nestle,NESTLE MINIS 28'S 338.5G VALU PK,2025,219143.2089999999
Confectionery,Chocolates,Chocolate Coated Wafers,Milk Chocolate Coated Wafers, شركة نستله العربيه السعوديه,Nestle,NESTLE MINIS 28'S 338.5G VALU PK,2026,196789.5849750007
Confectionery,Chocolates,Chocolate Coated Wafers,Milk Chocolate Coated Wafers, شركة نستله العربيه السعوديه,Nestle,NESTLE 'S 5G.,2025,2388.7000000000003
Confectionery,Chocolates,Chocolate Coated Wafers,Mini Wafer Bites, شركة نستله العربيه السعوديه,Nestle,NESTLE TOFFEE CRISP CHOCO 38G,2025,3286.1300000000147
Confectionery,Chocolates,Chocolate Coated Wafers,Mini Wafer Bites, شركة نستله العربيه السعوديه,Nestle,NESTLE TOFFEE CRISP CHOCO 38G,2026,19.565215000000002
Confectionery,Chocolates,Chocolate Coated Wafers,Caramel Chocolate Wafers, شركة نستله العربيه السعوديه,Nestle,NESTLE TOLA CARAM CHOCOLAT 31G,2025,15394.054000000033
Confectionery,Chocolates,Chocolate Coated Wafers,Caramel Chocolate Wafers, شركة نستله العربيه السعوديه,Nestle,NESTLE TOLA CARAM CHOCOLAT 31G,2026,10644.852077999976
Confectionery,Chocolates,Chocolate Coated Wafers,Milk Chocolate Coated Wafers, شركة نستله العربيه السعوديه,Nestle,NESTLE TOLA W.CARAM&CHOC 15.5G,2025,19965.76000000006
Confectionery,Chocolates,Chocolate Coated Wafers,Milk Chocolate Coated Wafers, شركة نستله العربيه السعوديه,Nestle,NESTLE TOLA W.CARAM&CHOC 15.5G,2026,11039.044090000018
Confectionery,Chocolates,Chocolate Coated Wafers,Milk Chocolate Coated Wafers, شركة نستله العربيه السعوديه,Nestle,NESTLE TOLA W.CARM&CHOC7x15.5G,2025,45421.52400000006
Confectionery,Chocolates,Chocolate Coated Wafers,Milk Chocolate Coated Wafers, شركة نستله العربيه السعوديه,Nestle,NESTLE TOLA W.CARM&CHOC7x15.5G,2026,14727.624261000006
Confectionery,Chocolates,Chocolate Coated Wafers,Milk Chocolate Coated Wafers, شركة نستله العربيه السعوديه,Nestle,NESTLE VALU PK.,2025,6527.950000000002
Confectionery,Chocolates,Chocolate Coated Wafers,Caramel Chocolate Wafers, شركة نستله العربيه السعوديه,Nestle,NESTLE WAFER 28G.,2025,4975.490000000002
Confectionery,Chocolates,Chocolate Coated Wafers,Milk Chocolate Coated Wafers, شركة نستله العربيه السعوديه,Nestle,NESTLE WAFER 28G.,2025,6103.629999999991
Confectionery,Chocolates,Chocolate Coated Wafers,Milk Chocolate Coated Wafers, شركة نستله العربيه السعوديه,Nestle,NESTLE WAFER CRISPY CHOCO 18G,2025,12093.086999999989
Confectionery,Chocolates,Chocolate Coated Wafers,Milk Chocolate Coated Wafers, شركة نستله العربيه السعوديه,Nestle,NESTLE WAFER CRISPY CHOCO 18G,2026,27
Confectionery,Chocolates,Chocolate Coated Wafers,Hazelnut Cream Wafers, شركة نستله العربيه السعوديه,Nestle,NESTLE WAFER WAFER31G.,2025,3469.6100000000033
Confectionery,Chocolates,Chocolate Coated Wafers,Milk Chocolate Coated Wafers, شركة نستله العربيه السعوديه,Nestle,NESTLE x W.CARM&CHOC7x15.,2025,730.9599999999989
Confectionery,Chocolates,Chocolate Coated Wafers,Caramel Chocolate Wafers, شركة نستله العربيه السعوديه,Nestle,NESTLE YOGUN BITTER WAFER 28G.,2025,6104.4629999999925
Confectionery,Chocolates,Chocolate Coated Wafers,Caramel Chocolate Wafers, شركة نستله العربيه السعوديه,Nestle,NESTLE YOGUN BITTER WAFER 28G.,2026,11.295652
Confectionery,Chocolates,Chocolate Coated Wafers,Milk Chocolate Coated Wafers, شركة نستله العربيه السعوديه,Tola,TOLA BITES 18x15.5G,2025,75892.04499999998
Confectionery,Chocolates,Chocolate Coated Wafers,Milk Chocolate Coated Wafers, شركة نستله العربيه السعوديه,Tola,TOLA BITES 18x15.5G,2026,95528.37425200027
Confectionery,Chocolates,Chocolate Coated Wafers,Milk Chocolate Coated Wafers, شركة نستله العربيه السعوديه,Tola,TOLA BITES 20x8G,2025,79430.51799999994
Confectionery,Chocolates,Chocolate Coated Wafers,Milk Chocolate Coated Wafers, شركة نستله العربيه السعوديه,Tola,TOLA BITES 20x8G,2026,80368.63816699965
Confectionery,Chocolates,Chocolate Coated Wafers,Mini Wafer Bites, شركة نستله العربيه السعوديه,Tola,TOLA MINIATURES 15x8G,2025,63865.68600000002
Confectionery,Chocolates,Chocolate Coated Wafers,Mini Wafer Bites, شركة نستله العربيه السعوديه,Tola,TOLA MINIATURES 15x8G,2026,4202.843629999998
Confectionery,Chocolates,Chocolate Coated Wafers,Mini Wafer Bites, شركة نستله العربيه السعوديه,Tola,TOLA MINIS 15x15.5G,2025,64322.196000000105
Confectionery,Chocolates,Chocolate Coated Wafers,Mini Wafer Bites, شركة نستله العربيه السعوديه,Tola,TOLA MINIS 15x15.5G,2026,15007.58246199999
Confectionery,Chocolates,Chocolate Coated Wafers,Mini Wafer Bites, شركة نستله العربيه السعوديه,Tola,TOLA x 15x8G.,2025,16320.485000000004
Confectionery,Chocolates,Chocolate Coated Wafers,Milk Chocolate Coated Wafers, شركة نستله العربيه السعوديه,Tola,TOLA x 20x8G.,2025,20330.489999999954
Confectionery,Chocolates,Chocolate Coated Wafers,Milk Chocolate Coated Wafers, شركة نستله العربيه السعوديه,Tola,TOLA x 5G.,2025,17803.77599999999
Confectionery,Chocolates,Chocolate Coated Wafers,Mini Wafer Bites, شركة نستله العربيه السعوديه,Tola,TOLA x 5G.,2025,8176.9529999999995
Confectionery,Chocolates,Minis & Miniatures,Nut Chocolate Minis, Basamh Trading Company Ltd,Toffifee,TOFFIFEE CHOCOLATE HZLNUT 125G,2025,554.8000000000001
Confectionery,Chocolates,Minis & Miniatures,Nut Chocolate Minis, Basamh Trading Company Ltd,Toffifee,TOFFIFEE CHOCOLATE HZLNUT 125G,2026,142643.16016599932
Confectionery,Chocolates,Minis & Miniatures,Nut Chocolate Minis, Basamh Trading Company Ltd,Toffifee,TOFFIFEE HZLNUT 125G.,2025,1775.3599999999942
Confectionery,Chocolates,Minis & Miniatures,Assorted Mini Packs, شركة التجارة العمومية,Arcor,ARCOR ASORTD 750G.,2025,39.09
Confectionery,Chocolates,Minis & Miniatures,Assorted Mini Packs, شركة التجارة العمومية,Arcor,ARCOR BONBON CHOCO MILK 750G,2025,20119.36000000001
Confectionery,Chocolates,Minis & Miniatures,Assorted Mini Packs, شركة التجارة العمومية,Arcor,ARCOR BONBON CHOCO.ASORTD 750G,2025,140.39499999999998
Confectionery,Chocolates,Minis & Miniatures,Milk Chocolate Minis, شركة التجارة العمومية,Arcor,ARCOR BONBON CHOCOLATE 150G,2025,5315.765000000012
Confectionery,Chocolates,Minis & Miniatures,Milk Chocolate Minis, شركة التجارة العمومية,Arcor,ARCOR BONBON CHOCOLATE 150G,2026,11.295652
Confectionery,Chocolates,Minis & Miniatures,Milk Chocolate Minis, شركة التجارة العمومية,Arcor,ARCOR BONBON CHOCOLATE 390G,2025,9617.838000000003
Confectionery,Chocolates,Minis & Miniatures,Assorted Mini Packs, شركة التجارة العمومية,Arcor,ARCOR BONBON CHOCOLATE 750G SO,2025,12307.417000000027
Confectionery,Chocolates,Minis & Miniatures,Caramel Filled Minis, شركة التجارة العمومية,Arcor,ARCOR BONBON COOK&CREAM 150G,2025,4157.725000000013
Confectionery,Chocolates,Minis & Miniatures,Caramel Filled Minis, شركة التجارة العمومية,Arcor,ARCOR BONBON COOK&CREAM 390G,2025,1643.6380000000004
Confectionery,Chocolates,Minis & Miniatures,Milk Chocolate Minis, شركة التجارة العمومية,Arcor,ARCOR BONBON ORIGINAL 150G,2025,13637.101000000053
Confectionery,Chocolates,Minis & Miniatures,Milk Chocolate Minis, شركة التجارة العمومية,Arcor,ARCOR BONBON ORIGINAL 150G,2026,22.591304
Confectionery,Chocolates,Minis & Miniatures,Nut Chocolate Minis, شركة التجارة العمومية,Arcor,ARCOR BONBON ORIGINAL 390G,2025,11341.763999999997
Confectionery,Chocolates,Minis & Miniatures,Nut Chocolate Minis, شركة التجارة العمومية,Arcor,ARCOR BONBON ORIGINAL 390G,2026,19.565217
Confectionery,Chocolates,Minis & Miniatures,Nut Chocolate Minis, شركة التجارة العمومية,Arcor,ARCOR BUTTER TOFFEES ASRT.500G,2025,13614.247999999992
Confectionery,Chocolates,Minis & Miniatures,Nut Chocolate Minis, شركة التجارة العمومية,Arcor,ARCOR BUTTER TOFFEES ASRT.500G,2026,704.11302
Confectionery,Chocolates,Minis & Miniatures,Milk Chocolate Minis, شركة التجارة العمومية,Arcor,ARCOR CHOCOLATE 150G.,2025,968.3599999999994
Confectionery,Chocolates,Minis & Miniatures,Milk Chocolate Minis, شركة التجارة العمومية,Arcor,ARCOR CHOCOLATE 390G.,2025,2720.090000000001
Confectionery,Chocolates,Minis & Miniatures,Caramel Filled Minis, شركة التجارة العمومية,Arcor,ARCOR COOK&CREAM 150G.,2025,1677.7399999999998
Confectionery,Chocolates,Minis & Miniatures,Caramel Filled Minis, شركة التجارة العمومية,Arcor,ARCOR COOK&CREAM 390G.,2025,1272.0400000000004
Confectionery,Chocolates,Minis & Miniatures,Assorted Mini Packs, شركة التجارة العمومية,Arcor,ARCOR G SO.,2025,1954.4399999999985
Confectionery,Chocolates,Minis & Miniatures,Assorted Mini Packs, شركة التجارة العمومية,Arcor,ARCOR MILK 750G.,2025,2032.6799999999985
Confectionery,Chocolates,Minis & Miniatures,Milk Chocolate Minis, شركة التجارة العمومية,Arcor,ARCOR ORIGINAL 150G.,2025,2184.460000000001
Confectionery,Chocolates,Minis & Miniatures,Nut Chocolate Minis, شركة التجارة العمومية,Arcor,ARCOR ORIGINAL 390G.,2025,2622.2500000000005
Confectionery,Chocolates,Minis & Miniatures,White Chocolate Minis, شركة التجارة العمومية,Bon-Bon,BON-BON CHOCOLATE DELIGHTS210G,2025,24501.682999999986
Confectionery,Chocolates,Minis & Miniatures,White Chocolate Minis, شركة التجارة العمومية,Bon-Bon,BON-BON CHOCOLATE DELIGHTS210G,2026,78.23478
Confectionery,Chocolates,Minis & Miniatures,White Chocolate Minis, شركة التجارة العمومية,Bon-Bon,BON-BON CHOCOLATE DELIGHTS420G,2025,25657.48099999999
Confectionery,Chocolates,Minis & Miniatures,White Chocolate Minis, شركة التجارة العمومية,Bon-Bon,BON-BON CHOCOLATE DELIGHTS420G,2026,34.773913
Confectionery,Chocolates,Minis & Miniatures,Caramel Filled Minis, شركة الكابلي للتسويق المحدودة,36 Chocola'S,36 CHOCOLA'S CRISPY CRMEL 125G,2025,38104.67099999999
Confectionery,Chocolates,Minis & Miniatures,Caramel Filled Minis, شركة الكابلي للتسويق المحدودة,36 Chocola'S,36 CHOCOLA'S CRISPY CRMEL 125G,2026,14433.104094000002
Confectionery,Chocolates,Minis & Miniatures,Caramel Filled Minis, شركة الكابلي للتسويق المحدودة,36 Chocola'S,36 CHOCOLA'S CRMEL 125G.,2025,6397.019999999991
Confectionery,Chocolates,Minis & Miniatures,Assorted Mini Packs, شركة الكابلي للتسويق المحدودة,Amicelli,AMICELLI COCOA SOURCING 150G,2025,52700.674999999916
Confectionery,Chocolates,Minis & Miniatures,Assorted Mini Packs, شركة الكابلي للتسويق المحدودة,Amicelli,AMICELLI COCOA SOURCING 150G,2026,60032.14654399997
Confectionery,Chocolates,Minis & Miniatures,Assorted Mini Packs, شركة الكابلي للتسويق المحدودة,Amicelli,AMICELLI SOURCING 150G.,2025,6000.0899999999965
Confectionery,Chocolates,Minis & Miniatures,Nut Chocolate Minis, شركة باسمح التجارية المحدودة ذات شخص واحد,Toffifee,TOFFIFEE CHOCOLATE HZLNUT 125G,2026,64631.09785199999
Confectionery,Chocolates,Minis & Miniatures,Candy Coated Chocolates, شركة باطوق التجارية,Wanted,WANTED CARAMEL 126G.,2025,4519.670000000014
Confectionery,Chocolates,Minis & Miniatures,Candy Coated Chocolates, شركة باطوق التجارية,Wanted,WANTED COCONUT 126G.,2025,3896.2799999999925
Confectionery,Chocolates,Minis & Miniatures,Candy Coated Chocolates, شركة باطوق التجارية,Wanted,WANTED POPS CHOC CARAMEL 126G,2025,53557.31699999998
Confectionery,Chocolates,Minis & Miniatures,Candy Coated Chocolates, شركة باطوق التجارية,Wanted,WANTED POPS CHOC CARAMEL 126G,2026,85665.12991400008
Confectionery,Chocolates,Minis & Miniatures,Candy Coated Chocolates, شركة باطوق التجارية,Wanted,WANTED POPS CHOC COCONUT 126G,2025,30545.51199999998
Confectionery,Chocolates,Minis & Miniatures,Candy Coated Chocolates, شركة باطوق التجارية,Wanted,WANTED POPS CHOC COCONUT 126G,2026,46837.58245399988
Confectionery,Chocolates,Minis & Miniatures,Milk Chocolate Minis, شركة بلاديس العربية للصناعات الغذائية,Godiva,GODIVA CHOCO&CARAMEL 119G.,2025,2327.109999999998
Confectionery,Chocolates,Minis & Miniatures,Milk Chocolate Minis, شركة بلاديس العربية للصناعات الغذائية,Godiva,GODIVA CHOCO&HAZLUNT 117G.,2025,3778.66
Confectionery,Chocolates,Minis & Miniatures,Dark Chocolate Minis, شركة بلاديس العربية للصناعات الغذائية,Godiva,GODIVA CHOCOLATE 117G.,2025,6981.369999999998
Confectionery,Chocolates,Minis & Miniatures,Dark Chocolate Minis, شركة بلاديس العربية للصناعات الغذائية,Godiva,GODIVA DARK CHOCOLATE 117G,2025,11428.319999999996
Confectionery,Chocolates,Minis & Miniatures,Milk Chocolate Minis, شركة بلاديس العربية للصناعات الغذائية,Godiva,GODIVA HZLNT.CHCLTE.DOMES 240G,2025,28334.648
Confectionery,Chocolates,Minis & Miniatures,Milk Chocolate Minis, شركة بلاديس العربية للصناعات الغذائية,Godiva,GODIVA HZLNT.CHCLTE.DOMES 240G,2026,3785.5738779999992
Confectionery,Chocolates,Minis & Miniatures,Milk Chocolate Minis, شركة بلاديس العربية للصناعات الغذائية,Godiva,GODIVA MILK CHCOLATE ASORTED MASTERPIIECES 123.5G,2026,54101.55533199997
Confectionery,Chocolates,Minis & Miniatures,Milk Chocolate Minis, شركة بلاديس العربية للصناعات الغذائية,Godiva,GODIVA MILK CHOCO&CARAMEL 119G,2025,5506.759999999997
Confectionery,Chocolates,Minis & Miniatures,Milk Chocolate Minis, شركة بلاديس العربية للصناعات الغذائية,Godiva,GODIVA MILK CHOCO&CARAMEL 119G,2026,23.043478
Confectionery,Chocolates,Minis & Miniatures,Milk Chocolate Minis, شركة بلاديس العربية للصناعات الغذائية,Godiva,GODIVA MILK CHOCO&HAZLUNT 117G,2025,4377.759999999998
Confectionery,Chocolates,Minis & Miniatures,Milk Chocolate Minis, شركة بلاديس العربية للصناعات الغذائية,Godiva,GODIVA MILK CHOCO&HAZLUNT 117G,2026,46.086956
Confectionery,Chocolates,Minis & Miniatures,Assorted Mini Packs, شركة بلاديس العربية للصناعات الغذائية,Ulker,ULKER CHOCOLATE 214G.,2025,42322.48799999999
Confectionery,Chocolates,Minis & Miniatures,Assorted Mini Packs, شركة بلاديس العربية للصناعات الغذائية,Ulker,ULKER CHOCOLATE 30G.,2025,4001.3800000000074
Confectionery,Chocolates,Minis & Miniatures,Assorted Mini Packs, شركة بلاديس العربية للصناعات الغذائية,Ulker,ULKER NAPOLITEN CHOCOLATE 214G,2025,369271.7630000005
Confectionery,Chocolates,Minis & Miniatures,Assorted Mini Packs, شركة بلاديس العربية للصناعات الغذائية,Ulker,ULKER NAPOLITEN CHOCOLATE 214G,2026,305081.85463599965
Confectionery,Chocolates,Minis & Miniatures,Assorted Mini Packs, شركة بلاديس العربية للصناعات الغذائية,Ulker,ULKER NAPOLITEN CHOCOLATE 30G,2025,13296.149999999961
Confectionery,Chocolates,Minis & Miniatures,Assorted Mini Packs, شركة بلاديس العربية للصناعات الغذائية,Ulker,ULKER NAPOLITEN CHOCOLATE 30G,2026,1472.4782430000002
Confectionery,Chocolates,Minis & Miniatures,Assorted Mini Packs, شركة سعيد محمد عبيد بن زقر وشركاه المحدودة,Hersheys,HERSHEYS CHOCOLATE WHITE 150G,2026,4887.860731000001
Confectionery,Chocolates,Minis & Miniatures,Milk Chocolate Minis, شركة سعيد محمد عبيد بن زقر وشركاه المحدودة,Hersheys,HERSHEYS COKIES&CHOC.24x12.76G.,2026,1155.7217079999998
Confectionery,Chocolates,Minis & Miniatures,Milk Chocolate Minis, شركة سعيد محمد عبيد بن زقر وشركاه المحدودة,Hersheys,HERSHEYS COKIES&CREM.24x12.76G.,2026,1023.6260330000005
Confectionery,Chocolates,Minis & Miniatures,White Chocolate Minis, شركة سعيد محمد عبيد بن زقر وشركاه المحدودة,Hersheys,HERSHEYS FAVORITES CHOCO 395G,2026,8693.330434000003
Confectionery,Chocolates,Minis & Miniatures,Milk Chocolate Minis, شركة سعيد محمد عبيد بن زقر وشركاه المحدودة,Hersheys,HERSHEYS KISES CLASIC SEL.100G,2026,10650.278023999992
Confectionery,Chocolates,Minis & Miniatures,Assorted Mini Packs, شركة سعيد محمد عبيد بن زقر وشركاه المحدودة,Hersheys,HERSHEYS KISES COKIS N'CR.100G,2026,14282.295330000015
Confectionery,Chocolates,Minis & Miniatures,Milk Chocolate Minis, شركة سعيد محمد عبيد بن زقر وشركاه المحدودة,Hersheys,HERSHEYS KISES MILK CHOCO 325G,2026,20384.686985
Confectionery,Chocolates,Minis & Miniatures,Milk Chocolate Minis, شركة سعيد محمد عبيد بن زقر وشركاه المحدودة,Hersheys,HERSHEYS KISES MILK CHOCO.100G,2026,7195.478099999998
Confectionery,Chocolates,Minis & Miniatures,Assorted Mini Packs, شركة سعيد محمد عبيد بن زقر وشركاه المحدودة,Hersheys,HERSHEYS KISES SPCIAL SLC.100G,2026,5635.695543999998
Confectionery,Chocolates,Minis & Miniatures,Milk Chocolate Minis, شركة سعيد محمد عبيد بن زقر وشركاه المحدودة,Hersheys,HERSHEYS KISSES CLASIC 325G,2026,14061.774108000014
Confectionery,Chocolates,Minis & Miniatures,Assorted Mini Packs, شركة سعيد محمد عبيد بن زقر وشركاه المحدودة,Hersheys,HERSHEYS KISSES COOKIES 325G,2026,336.443478
Confectionery,Chocolates,Minis & Miniatures,Assorted Mini Packs, شركة سعيد محمد عبيد بن زقر وشركاه المحدودة,Hersheys,HERSHEYS KISSES SPECIAL 325G,2026,16211.626150999997
Confectionery,Chocolates,Minis & Miniatures,White Chocolate Minis, شركة سعيد محمد عبيد بن زقر وشركاه المحدودة,Quanta,QUANTA ADORE CARAMEL 18'S 243G,2026,11.956521
Confectionery,Chocolates,Minis & Miniatures,Assorted Mini Packs, شركة سعيد محمد عبيد بن زقر وشركاه المحدودة,Quanta,QUANTA ADORE MINIS CH.MILK253G,2026,5117.391041999997
Confectionery,Chocolates,Minis & Miniatures,Nut Chocolate Minis, شركة سعيد محمد عبيد بن زقر وشركاه المحدودة,Reeses,REESES PEANUT B.FAST BREAK 51G,2026,17257.389798000047
Confectionery,Chocolates,Minis & Miniatures,Nut Chocolate Minis, شركة سعيد محمد عبيد بن زقر وشركاه المحدودة,Reeses,REESE'S PEANUT BUTTER BAR 90G,2026,1664.260818000001
Confectionery,Chocolates,Minis & Miniatures,Nut Chocolate Minis, شركة سعيد محمد عبيد بن زقر وشركاه المحدودة,Reeses,REESES PEANUT BUTTER CUPS 185G,2026,18471.199123999984
Confectionery,Chocolates,Minis & Miniatures,Milk Chocolate Minis, شركة فيرجلف السعودية للتجارة,Kinder,KINDER BONS 125G.,2025,76888.72700000028
Confectionery,Chocolates,Minis & Miniatures,Milk Chocolate Minis, شركة فيرجلف السعودية للتجارة,Kinder,KINDER BONS 225G.,2025,41532.75999999996
Confectionery,Chocolates,Minis & Miniatures,Milk Chocolate Minis, شركة فيرجلف السعودية للتجارة,Kinder,KINDER BONS 89G.,2025,45581.81599999995
Confectionery,Chocolates,Minis & Miniatures,Milk Chocolate Minis, شركة فيرجلف السعودية للتجارة,Kinder,KINDER BUENO CHOCLATE T2 5x43G,2025,300474.68699999957
Confectionery,Chocolates,Minis & Miniatures,Milk Chocolate Minis, شركة فيرجلف السعودية للتجارة,Kinder,KINDER BUENO CHOCLATE T2 5x43G,2026,393674.89851400023
Confectionery,Chocolates,Minis & Miniatures,White Chocolate Minis, شركة فيرجلف السعودية للتجارة,Kinder,KINDER BUENO CHOCOLT WHITE 39G,2025,382114.74500000017
Confectionery,Chocolates,Minis & Miniatures,White Chocolate Minis, شركة فيرجلف السعودية للتجارة,Kinder,KINDER BUENO CHOCOLT WHITE 39G,2026,539061.278314997
Confectionery,Chocolates,Minis & Miniatures,Milk Chocolate Minis, شركة فيرجلف السعودية للتجارة,Kinder,KINDER CHCOLTE MAXI 21G 10+1FR,2025,325562.0079999995
Confectionery,Chocolates,Minis & Miniatures,Milk Chocolate Minis, شركة فيرجلف السعودية للتجارة,Kinder,KINDER CHCOLTE MAXI 21G 10+1FR,2026,224930.10481600038
Confectionery,Chocolates,Minis & Miniatures,White Chocolate Minis, شركة فيرجلف السعودية للتجارة,Kinder,KINDER CHOCLATE MINI MIX 150G,2025,130887.46000000008
Confectionery,Chocolates,Minis & Miniatures,White Chocolate Minis, شركة فيرجلف السعودية للتجارة,Kinder,KINDER CHOCLATE MINI MIX 150G,2026,126268.66870399992
Confectionery,Chocolates,Minis & Miniatures,White Chocolate Minis, شركة فيرجلف السعودية للتجارة,Kinder,KINDER CHOCLATE MINI MIX 259G,2025,113432.52999999994
Confectionery,Chocolates,Minis & Miniatures,White Chocolate Minis, شركة فيرجلف السعودية للتجارة,Kinder,KINDER CHOCLATE MINI MIX 259G,2026,94094.62346599979
Confectionery,Chocolates,Minis & Miniatures,Milk Chocolate Minis, شركة فيرجلف السعودية للتجارة,Kinder,KINDER CHOCO W/CEREAL 9x23.5G,2025,143126.9899999999
Confectionery,Chocolates,Minis & Miniatures,Milk Chocolate Minis, شركة فيرجلف السعودية للتجارة,Kinder,KINDER CHOCO W/CEREAL 9x23.5G,2026,156598.8553369999
Confectionery,Chocolates,Minis & Miniatures,Milk Chocolate Minis, شركة فيرجلف السعودية للتجارة,Kinder,KINDER CHOCOLATE 23G.,2025,53098.609999999935
Confectionery,Chocolates,Minis & Miniatures,Milk Chocolate Minis, شركة فيرجلف السعودية للتجارة,Kinder,KINDER CHOCOLATE MAXI 21G,2025,1005952.2280000027
Confectionery,Chocolates,Minis & Miniatures,Milk Chocolate Minis, شركة فيرجلف السعودية للتجارة,Kinder,KINDER CHOCOLATE MAXI 21G,2026,648113.7884030004
Confectionery,Chocolates,Minis & Miniatures,Milk Chocolate Minis, شركة فيرجلف السعودية للتجارة,Kinder,KINDER CHOCOLATE T4x8 50G,2025,700565.8919999991
Confectionery,Chocolates,Minis & Miniatures,Milk Chocolate Minis, شركة فيرجلف السعودية للتجارة,Kinder,KINDER CHOCOLATE T4x8 50G,2026,526302.4676979978
Confectionery,Chocolates,Minis & Miniatures,Milk Chocolate Minis, شركة فيرجلف السعودية للتجارة,Kinder,KINDER CHOCOLATE T8 100G,2025,272490.007000001
Confectionery,Chocolates,Minis & Miniatures,Milk Chocolate Minis, شركة فيرجلف السعودية للتجارة,Kinder,KINDER CHOCOLATE T8 100G,2026,154717.3340449992
Confectionery,Chocolates,Minis & Miniatures,Milk Chocolate Minis, شركة فيرجلف السعودية للتجارة,Kinder,KINDER CONUTRY CHOCOLATE 23G,2025,349263.1000000009
Confectionery,Chocolates,Minis & Miniatures,Milk Chocolate Minis, شركة فيرجلف السعودية للتجارة,Kinder,KINDER CONUTRY CHOCOLATE 23G,2026,295571.0606100006
Confectionery,Chocolates,Minis & Miniatures,Milk Chocolate Minis, شركة فيرجلف السعودية للتجارة,Kinder,KINDER CREAMY 95G,2025,77007.71499999995
Confectionery,Chocolates,Minis & Miniatures,Milk Chocolate Minis, شركة فيرجلف السعودية للتجارة,Kinder,KINDER CREAMY 95G,2026,88477.63209600019
Confectionery,Chocolates,Minis & Miniatures,Milk Chocolate Minis, شركة فيرجلف السعودية للتجارة,Kinder,KINDER CREAMY 95G.,2025,11316.299999999992
Confectionery,Chocolates,Minis & Miniatures,Milk Chocolate Minis, شركة فيرجلف السعودية للتجارة,Kinder,KINDER CREAMY TI 19G,2025,171937.11000000098
Confectionery,Chocolates,Minis & Miniatures,Milk Chocolate Minis, شركة فيرجلف السعودية للتجارة,Kinder,KINDER CREAMY TI 19G,2026,166166.00000000015
Confectionery,Chocolates,Minis & Miniatures,Milk Chocolate Minis, شركة فيرجلف السعودية للتجارة,Kinder,KINDER G 1FR.,2025,64233
Confectionery,Chocolates,Minis & Miniatures,White Chocolate Minis, شركة فيرجلف السعودية للتجارة,Kinder,KINDER G SO.,2025,1213.0000000000002
Confectionery,Chocolates,Minis & Miniatures,Milk Chocolate Minis, شركة فيرجلف السعودية للتجارة,Kinder,KINDER JOY CHO.FOR GIRLS 3x20G,2025,180846.19000000056
Confectionery,Chocolates,Minis & Miniatures,Milk Chocolate Minis, شركة فيرجلف السعودية للتجارة,Kinder,KINDER JOY CHO.FOR GIRLS 3x20G,2026,288619.7741630003
Confectionery,Chocolates,Minis & Miniatures,White Chocolate Minis, شركة فيرجلف السعودية للتجارة,Kinder,KINDER JOY T72 3x20G SO,2025,87687.78999999998
Confectionery,Chocolates,Minis & Miniatures,White Chocolate Minis, شركة فيرجلف السعودية للتجارة,Kinder,KINDER JOY T72 3x20G SO,2026,69305.24136900017
Confectionery,Chocolates,Minis & Miniatures,Milk Chocolate Minis, شركة فيرجلف السعودية للتجارة,Kinder,KINDER MAXI 21G.,2025,59938.539999999826
Confectionery,Chocolates,Minis & Miniatures,White Chocolate Minis, شركة فيرجلف السعودية للتجارة,Kinder,KINDER MINI FRINDS CRISPY 122G,2025,13282.740000000003
Confectionery,Chocolates,Minis & Miniatures,White Chocolate Minis, شركة فيرجلف السعودية للتجارة,Kinder,KINDER MINI FRINDS CRISPY 122G,2026,31056.051547999974
Confectionery,Chocolates,Minis & Miniatures,White Chocolate Minis, شركة فيرجلف السعودية للتجارة,Kinder,KINDER MIX PLUS R.GIFT 183G,2025,100381.09999999983
Confectionery,Chocolates,Minis & Miniatures,Milk Chocolate Minis, شركة فيرجلف السعودية للتجارة,Kinder,KINDER SCHOKO-BONS 125G,2025,467958.5730000005
Confectionery,Chocolates,Minis & Miniatures,Milk Chocolate Minis, شركة فيرجلف السعودية للتجارة,Kinder,KINDER SCHOKO-BONS 125G,2026,443080.13003699784
Confectionery,Chocolates,Minis & Miniatures,Milk Chocolate Minis, شركة فيرجلف السعودية للتجارة,Kinder,KINDER SCHOKO-BONS 225G,2025,257791.00999999957
Confectionery,Chocolates,Minis & Miniatures,Milk Chocolate Minis, شركة فيرجلف السعودية للتجارة,Kinder,KINDER SCHOKO-BONS 225G,2026,237299.99999999988
Confectionery,Chocolates,Minis & Miniatures,Milk Chocolate Minis, شركة فيرجلف السعودية للتجارة,Kinder,KINDER SCHOKO-BONS 89G,2025,281026.5890000004
Confectionery,Chocolates,Minis & Miniatures,Milk Chocolate Minis, شركة فيرجلف السعودية للتجارة,Kinder,KINDER SCHOKO-BONS 89G,2026,224450.41984999995
Confectionery,Chocolates,Minis & Miniatures,Milk Chocolate Minis, شركة فيرجلف السعودية للتجارة,Kinder,KINDER T 100G.,2025,55414.440000000104
Confectionery,Chocolates,Minis & Miniatures,Milk Chocolate Minis, شركة فيرجلف السعودية للتجارة,Kinder,KINDER TI 19G.,2025,30428.61999999997
Confectionery,Chocolates,Minis & Miniatures,White Chocolate Minis, شركة فيرجلف السعودية للتجارة,Kinder,KINDER WHITE 39G.,2025,63437.04799999993
Confectionery,Chocolates,Minis & Miniatures,Milk Chocolate Minis, شركة فيرجلف السعودية للتجارة,Kinder,KINDER x 3x20G.,2025,32993.59999999997
Confectionery,Chocolates,Minis & Miniatures,Milk Chocolate Minis, شركة فيرجلف السعودية للتجارة,Kinder,KINDER x 50G.,2025,129964.16000000002
Confectionery,Chocolates,Minis & Miniatures,Milk Chocolate Minis, شركة فيرجلف السعودية للتجارة,Kinder,KINDER x 5G.,2025,23898.839999999993
Confectionery,Chocolates,Minis & Miniatures,Milk Chocolate Minis, شركة فيرجلف السعودية للتجارة,Kinder,KINDER x 5x43G.,2025,57839.669999999955
Confectionery,Chocolates,Minis & Miniatures,White Chocolate Minis, شركة فيرجلف السعودية للتجارة,Raffaello,RAFFAELLO ALMOND&COCONUT 230G,2025,73610.55999999994
Confectionery,Chocolates,Minis & Miniatures,White Chocolate Minis, شركة فيرجلف السعودية للتجارة,Raffaello,RAFFAELLO ALMOND&COCONUT 230G,2026,119222.98957300025
Confectionery,Chocolates,Minis & Miniatures,White Chocolate Minis, شركة فيرجلف السعودية للتجارة,Raffaello,RAFFAELLO ALMOND&COCONUT 230G.,2025,18974.49999999996
Confectionery,Chocolates,Minis & Miniatures,White Chocolate Minis, شركة فيرجلف السعودية للتجارة,Raffaello,RAFFAELLO CHOCOLATE 150G,2025,374098.77000000153
Confectionery,Chocolates,Minis & Miniatures,White Chocolate Minis, شركة فيرجلف السعودية للتجارة,Raffaello,RAFFAELLO CHOCOLATE 150G,2026,277319.5324309996
Confectionery,Chocolates,Minis & Miniatures,White Chocolate Minis, شركة فيرجلف السعودية للتجارة,Raffaello,RAFFAELLO CHOCOLATE 150G.,2025,19413.850000000017
Confectionery,Chocolates,Minis & Miniatures,White Chocolate Minis, شركة فيرجلف السعودية للتجارة,Raffaello,RAFFAELLO CHOCOLATE 240G,2025,182.29999999999998
Confectionery,Chocolates,Minis & Miniatures,White Chocolate Minis, شركة فيرجلف السعودية للتجارة,Raffaello,RAFFAELLO CHOCOLATE 30G,2025,251350.8379999994
Confectionery,Chocolates,Minis & Miniatures,White Chocolate Minis, شركة فيرجلف السعودية للتجارة,Raffaello,RAFFAELLO CHOCOLATE 30G,2026,132207.60754100175
Confectionery,Chocolates,Minis & Miniatures,White Chocolate Minis, شركة فيرجلف السعودية للتجارة,Raffaello,RAFFAELLO CHOCOLATE 30G.,2025,20175.319999999985
Confectionery,Chocolates,Minis & Miniatures,White Chocolate Minis, شركة فيرجلف السعودية للتجارة,Raffaello,RAFFAELLO CHOCOLATE 80G,2025,30579.72999999999
Confectionery,Chocolates,Minis & Miniatures,White Chocolate Minis, شركة فيرجلف السعودية للتجارة,Raffaello,RAFFAELLO CHOCOLATE 80G,2026,559.5999820000002
Confectionery,Chocolates,Minis & Miniatures,White Chocolate Minis, شركة فيرجلف السعودية للتجارة,Raffaello,RAFFAELLO CHOCOLATE 80G.,2025,7108.18
Confectionery,Chocolates,Minis & Miniatures,White Chocolate Minis, شركة فيرجلف السعودية للتجارة,Raffaello,RAFFAELLO COCONUT&ALMOND 90G,2025,50742.36300000002
Confectionery,Chocolates,Minis & Miniatures,White Chocolate Minis, شركة فيرجلف السعودية للتجارة,Raffaello,RAFFAELLO COCONUT&ALMOND 90G,2026,40285.82538900006
Confectionery,Chocolates,Minis & Miniatures,Assorted Mini Packs, شركة مارس السعودية العربية للتجارة المحدودة - شركة شخص واحد,Bounty,BOUNTY CHOCOLATE MINIS 228G,2025,755545.6330000008
Confectionery,Chocolates,Minis & Miniatures,Assorted Mini Packs, شركة مارس السعودية العربية للتجارة المحدودة - شركة شخص واحد,Bounty,BOUNTY CHOCOLATE MINIS 228G,2026,11230.651922000001
Confectionery,Chocolates,Minis & Miniatures,Assorted Mini Packs, شركة مارس السعودية العربية للتجارة المحدودة - شركة شخص واحد,Bounty,BOUNTY MINIS 228G.,2025,33454.04999999999
Confectionery,Chocolates,Minis & Miniatures,Milk Chocolate Minis, شركة مارس السعودية العربية للتجارة المحدودة - شركة شخص واحد,Celebrations,CELEBRATIONS ASORTD 365G.,2025,16874.859999999997
Confectionery,Chocolates,Minis & Miniatures,Milk Chocolate Minis, شركة مارس السعودية العربية للتجارة المحدودة - شركة شخص واحد,Celebrations,CELEBRATIONS CHOCO ASORTD 365G,2025,464482.2480000011
Confectionery,Chocolates,Minis & Miniatures,Milk Chocolate Minis, شركة مارس السعودية العربية للتجارة المحدودة - شركة شخص واحد,Celebrations,CELEBRATIONS CHOCO ASORTD 365G,2026,463000.9780769999
Confectionery,Chocolates,Minis & Miniatures,Milk Chocolate Minis, شركة مارس السعودية العربية للتجارة المحدودة - شركة شخص واحد,Celebrations,CELEBRATIONS CHOCO ASORTD 600G,2025,568886.6760000003
Confectionery,Chocolates,Minis & Miniatures,Milk Chocolate Minis, شركة مارس السعودية العربية للتجارة المحدودة - شركة شخص واحد,Celebrations,CELEBRATIONS CHOCO ASORTD 600G,2026,598814.9895110016
Confectionery,Chocolates,Minis & Miniatures,Candy Coated Minis, شركة مارس السعودية العربية للتجارة المحدودة - شركة شخص واحد,Galaxy,GALAXY CHOCLATE 695G.,2025,10609.284999999989
Confectionery,Chocolates,Minis & Miniatures,White Chocolate Minis, شركة مارس السعودية العربية للتجارة المحدودة - شركة شخص واحد,Galaxy,GALAXY MINIATURE CARAMEL 117G,2025,36432.48799999998
Confectionery,Chocolates,Minis & Miniatures,White Chocolate Minis, شركة مارس السعودية العربية للتجارة المحدودة - شركة شخص واحد,Galaxy,GALAXY MINIATURE CARAMEL 117G,2026,102053.54261700017
Confectionery,Chocolates,Minis & Miniatures,Candy Coated Minis, شركة مارس السعودية العربية للتجارة المحدودة - شركة شخص واحد,Galaxy,GALAXY TREAT MIX CHOCLATE 695G,2025,15187.063999999986
Confectionery,Chocolates,Minis & Miniatures,Candy Coated Chocolates, شركة مارس السعودية العربية للتجارة المحدودة - شركة شخص واحد,M&Ms,M&MS CHOCOLATE 150G.,2025,75153.93499999981
Confectionery,Chocolates,Minis & Miniatures,Candy Coated Chocolates, شركة مارس السعودية العربية للتجارة المحدودة - شركة شخص واحد,M&Ms,M&MS CHOCOLATE 150G..,2025,93390.10899999991
Confectionery,Chocolates,Minis & Miniatures,Candy Coated Chocolates, شركة مارس السعودية العربية للتجارة المحدودة - شركة شخص واحد,M&Ms,M&MS CHOCOLATE 180G.,2025,97.09
Confectionery,Chocolates,Minis & Miniatures,Candy Coated Chocolates, شركة مارس السعودية العربية للتجارة المحدودة - شركة شخص واحد,M&Ms,M&M'S CHOCOLATE 180G.,2025,346.75000000000006
Confectionery,Chocolates,Minis & Miniatures,Candy Coated Chocolates, شركة مارس السعودية العربية للتجارة المحدودة - شركة شخص واحد,M&Ms,M&M'S CHOCOLATE 180G.,2026,222.469553
Confectionery,Chocolates,Minis & Miniatures,Candy Coated Chocolates, شركة مارس السعودية العربية للتجارة المحدودة - شركة شخص واحد,M&Ms,M&MS CHOCOLATE 250G.,2025,15514.813000000047
Confectionery,Chocolates,Minis & Miniatures,Candy Coated Chocolates, شركة مارس السعودية العربية للتجارة المحدودة - شركة شخص واحد,M&Ms,M&MS CHOCOLATE 45G.,2025,54330.10999999999
Confectionery,Chocolates,Minis & Miniatures,Candy Coated Chocolates, شركة مارس السعودية العربية للتجارة المحدودة - شركة شخص واحد,M&Ms,M&MS CHOCOLATE 45G..,2025,65427.67000000005
Confectionery,Chocolates,Minis & Miniatures,Candy Coated Chocolates, شركة مارس السعودية العربية للتجارة المحدودة - شركة شخص واحد,M&Ms,M&MS CHOCOLATE 6G.,2025,308687.5009999992
Confectionery,Chocolates,Minis & Miniatures,Candy Coated Chocolates, شركة مارس السعودية العربية للتجارة المحدودة - شركة شخص واحد,M&Ms,M&M'S CHOCOLATE 82G,2025,110602.83299999982
Confectionery,Chocolates,Minis & Miniatures,Candy Coated Chocolates, شركة مارس السعودية العربية للتجارة المحدودة - شركة شخص واحد,M&Ms,M&M'S CHOCOLATE 82G,2026,128931.81149199986
Confectionery,Chocolates,Minis & Miniatures,Candy Coated Chocolates, شركة مارس السعودية العربية للتجارة المحدودة - شركة شخص واحد,M&Ms,M&MS CHOCOLATE 82G.,2025,22999.77999999996
Confectionery,Chocolates,Minis & Miniatures,Nut Chocolate Minis, شركة مارس السعودية العربية للتجارة المحدودة - شركة شخص واحد,M&Ms,M&M'S CHOCOLATE CRISPY 128G,2026,9349.973657000002
Confectionery,Chocolates,Minis & Miniatures,Candy Coated Chocolates, شركة مارس السعودية العربية للتجارة المحدودة - شركة شخص واحد,M&Ms,M&M'S CHOCOLATE CRISPY 160G,2025,113250.31999999992
Confectionery,Chocolates,Minis & Miniatures,Candy Coated Chocolates, شركة مارس السعودية العربية للتجارة المحدودة - شركة شخص واحد,M&Ms,M&M'S CHOCOLATE CRISPY 160G,2026,62553.88602399995
Confectionery,Chocolates,Minis & Miniatures,Candy Coated Chocolates, شركة مارس السعودية العربية للتجارة المحدودة - شركة شخص واحد,M&Ms,M&M'S CHOCOLATE CRISPY 36G,2025,147069.03999999986
Confectionery,Chocolates,Minis & Miniatures,Candy Coated Chocolates, شركة مارس السعودية العربية للتجارة المحدودة - شركة شخص واحد,M&Ms,M&M'S CHOCOLATE CRISPY 36G,2026,164373.59364000053
Confectionery,Chocolates,Minis & Miniatures,Candy Coated Chocolates, شركة مارس السعودية العربية للتجارة المحدودة - شركة شخص واحد,M&Ms,M&MS CRISPY 160G.,2025,14807.629999999985
Confectionery,Chocolates,Minis & Miniatures,Candy Coated Chocolates, شركة مارس السعودية العربية للتجارة المحدودة - شركة شخص واحد,M&Ms,M&MS CRISPY 36G.,2025,25804.35999999995
Confectionery,Chocolates,Minis & Miniatures,Candy Coated Chocolates, شركة مارس السعودية العربية للتجارة المحدودة - شركة شخص واحد,M&Ms,M&M'S MILK CHOCOLATE 150G,2025,738286.3689999975
Confectionery,Chocolates,Minis & Miniatures,Candy Coated Chocolates, شركة مارس السعودية العربية للتجارة المحدودة - شركة شخص واحد,M&Ms,M&M'S MILK CHOCOLATE 150G,2026,839486.2431459959
Confectionery,Chocolates,Minis & Miniatures,Candy Coated Chocolates, شركة مارس السعودية العربية للتجارة المحدودة - شركة شخص واحد,M&Ms,M&M'S MILK CHOCOLATE 45G,2025,376847.0780000008
Confectionery,Chocolates,Minis & Miniatures,Candy Coated Chocolates, شركة مارس السعودية العربية للتجارة المحدودة - شركة شخص واحد,M&Ms,M&M'S MILK CHOCOLATE 45G,2026,468648.9080280025
Confectionery,Chocolates,Minis & Miniatures,Candy Coated Chocolates, شركة مارس السعودية العربية للتجارة المحدودة - شركة شخص واحد,M&Ms,M&M'S MINIS CHOCOLATE 30.6G,2025,2672621.1750000077
Confectionery,Chocolates,Minis & Miniatures,Candy Coated Chocolates, شركة مارس السعودية العربية للتجارة المحدودة - شركة شخص واحد,M&Ms,M&M'S MINIS CHOCOLATE 30.6G,2026,1710743.8623379937
Confectionery,Chocolates,Minis & Miniatures,Candy Coated Chocolates, شركة مارس السعودية العربية للتجارة المحدودة - شركة شخص واحد,M&Ms,M&M'S PEANUT CHOCOLATE 150G..,2025,900050.1609999937
Confectionery,Chocolates,Minis & Miniatures,Candy Coated Chocolates, شركة مارس السعودية العربية للتجارة المحدودة - شركة شخص واحد,M&Ms,M&M'S PEANUT CHOCOLATE 150G..,2026,989578.100548005
Confectionery,Chocolates,Minis & Miniatures,Candy Coated Chocolates, شركة مارس السعودية العربية للتجارة المحدودة - شركة شخص واحد,M&Ms,M&M'S PEANUT CHOCOLATE 165G,2026,194.66086
Confectionery,Chocolates,Minis & Miniatures,Candy Coated Chocolates, شركة مارس السعودية العربية للتجارة المحدودة - شركة شخص واحد,M&Ms,M&M'S PEANUT CHOCOLATE 250G.,2025,102364.30999999998
Confectionery,Chocolates,Minis & Miniatures,Candy Coated Chocolates, شركة مارس السعودية العربية للتجارة المحدودة - شركة شخص واحد,M&Ms,M&M'S PEANUT CHOCOLATE 250G.,2026,108895.63278799999
Confectionery,Chocolates,Minis & Miniatures,Candy Coated Chocolates, شركة مارس السعودية العربية للتجارة المحدودة - شركة شخص واحد,M&Ms,M&M'S PEANUT CHOCOLATE 45G..,2025,436498.5469999984
Confectionery,Chocolates,Minis & Miniatures,Candy Coated Chocolates, شركة مارس السعودية العربية للتجارة المحدودة - شركة شخص واحد,M&Ms,M&M'S PEANUT CHOCOLATE 45G..,2026,551791.7096790046
Confectionery,Chocolates,Minis & Miniatures,Candy Coated Chocolates, شركة مارس السعودية العربية للتجارة المحدودة - شركة شخص واحد,M&Ms,M&M'S PEANUT CHOCOLATE 82G,2025,147026.13399999964
Confectionery,Chocolates,Minis & Miniatures,Candy Coated Chocolates, شركة مارس السعودية العربية للتجارة المحدودة - شركة شخص واحد,M&Ms,M&M'S PEANUT CHOCOLATE 82G,2026,106343.96889699971
Confectionery,Chocolates,Minis & Miniatures,Candy Coated Chocolates, شركة مارس السعودية العربية للتجارة المحدودة - شركة شخص واحد,Maltesers,MALTESERS CHOCOLATE 175G,2025,1405245.3739999952
Confectionery,Chocolates,Minis & Miniatures,Candy Coated Chocolates, شركة مارس السعودية العربية للتجارة المحدودة - شركة شخص واحد,Maltesers,MALTESERS CHOCOLATE 175G,2026,1428514.0896650022
Confectionery,Chocolates,Minis & Miniatures,Candy Coated Chocolates, شركة مارس السعودية العربية للتجارة المحدودة - شركة شخص واحد,Maltesers,MALTESERS CHOCOLATE 175G.,2025,180341.0159999999
Confectionery,Chocolates,Minis & Miniatures,Candy Coated Chocolates, شركة مارس السعودية العربية للتجارة المحدودة - شركة شخص واحد,Maltesers,MALTESERS CHOCOLATE 37G,2025,985944.94
Confectionery,Chocolates,Minis & Miniatures,Candy Coated Chocolates, شركة مارس السعودية العربية للتجارة المحدودة - شركة شخص واحد,Maltesers,MALTESERS CHOCOLATE 37G,2026,1152419.3781249986
Confectionery,Chocolates,Minis & Miniatures,Candy Coated Chocolates, شركة مارس السعودية العربية للتجارة المحدودة - شركة شخص واحد,Maltesers,MALTESERS CHOCOLATE 37G.,2025,148652.4299999994
Confectionery,Chocolates,Minis & Miniatures,Candy Coated Chocolates, شركة مارس السعودية العربية للتجارة المحدودة - شركة شخص واحد,Maltesers,MALTESERS CHOCOLATE 68G,2025,284033.67599999945
Confectionery,Chocolates,Minis & Miniatures,Candy Coated Chocolates, شركة مارس السعودية العربية للتجارة المحدودة - شركة شخص واحد,Maltesers,MALTESERS CHOCOLATE 68G,2026,232658.10402899992
Confectionery,Chocolates,Minis & Miniatures,Candy Coated Chocolates, شركة مارس السعودية العربية للتجارة المحدودة - شركة شخص واحد,Maltesers,MALTESERS CHOCOLATE 68G.,2025,32575.249999999985
Confectionery,Chocolates,Minis & Miniatures,Nut Chocolate Minis, شركة مارس السعودية العربية للتجارة المحدودة - شركة شخص واحد,Snickers,SNICKERS CHOCOLATE 40G,2025,136592.66999999984
Confectionery,Chocolates,Minis & Miniatures,Nut Chocolate Minis, شركة مارس السعودية العربية للتجارة المحدودة - شركة شخص واحد,Snickers,SNICKERS CHOCOLATE 40G,2026,1978945.5331770014
Confectionery,Chocolates,Minis & Miniatures,Nut Chocolate Minis, شركة مارس السعودية العربية للتجارة المحدودة - شركة شخص واحد,Snickers,SNICKERS CHOCOLATE 5x40G,2025,50306.489999999954
Confectionery,Chocolates,Minis & Miniatures,Nut Chocolate Minis, شركة مارس السعودية العربية للتجارة المحدودة - شركة شخص واحد,Snickers,SNICKERS CHOCOLATE 5x40G,2026,815687.1333359962
Confectionery,Chocolates,Minis & Miniatures,Milk Chocolate Minis, شركة مارس السعودية العربية للتجارة المحدودة - شركة شخص واحد,Snickers,SNICKERS MINIS 2x198G FREE BOWL,2026,5568.808622999997
Confectionery,Chocolates,Minis & Miniatures,Nut Chocolate Minis, شركة مونديليز العربية للتجارة,Cadbury,CADBURY DAIRY MILK IRRESISTIBLE NUTTY CREAM 136.5G,2026,171999.68531300005
Confectionery,Chocolates,Minis & Miniatures,Milk Chocolate Minis, شركة مونديليز العربية للتجارة,Cadbury,CADBURY DAIRY MILK IRRESISTIBLE STICKY TOFFEE 136.5G,2026,243037.93696100058
Confectionery,Chocolates,Minis & Miniatures,Milk Chocolate Minis, شركة مونديليز العربية للتجارة,Cadbury,CADBURY DAIRY MILK PISTACHIO CRUNCH 35G,2026,29265.33775400005
Confectionery,Chocolates,Minis & Miniatures,Assorted Mini Packs, شركة مونديليز العربية للتجارة,Cadbury,CADBURY FLAKE TREA.SIZE.145G,2025,742628.7289999994
Confectionery,Chocolates,Minis & Miniatures,Assorted Mini Packs, شركة مونديليز العربية للتجارة,Cadbury,CADBURY FLAKE TREA.SIZE.145G,2026,829462.0197380071
Confectionery,Chocolates,Minis & Miniatures,Assorted Mini Packs, شركة مونديليز العربية للتجارة,Cadbury,CADBURY MINIS MIX CHOCOLATE 598G,2026,6071.5651920000055
Confectionery,Chocolates,Minis & Miniatures,Assorted Mini Packs, شركة مونديليز العربية للتجارة,Cadbury,CADBURY SELECTIONS 60 PREMIUM MINIATURES 600G,2026,942751.3306329993
Confectionery,Chocolates,Minis & Miniatures,Assorted Mini Packs, شركة مونديليز العربية للتجارة,Cadbury,CADBURY SELECTIONS 8 PREMIUM MINIATURES 80G,2026,55815.57240600017
Confectionery,Chocolates,Minis & Miniatures,Assorted Mini Packs, شركة مونديليز العربية للتجارة,Cadbury,CADBURY SIZE TREA.SIZE.,2025,94601.90499999869
Confectionery,Chocolates,Minis & Miniatures,Candy Coated Chocolates, شركة نستله العربيه السعوديه,Nestle,NESTLE SMARTIES CHCOCLAT 38G,2026,8.260869
Hot Beverages,Coffee,Coffee Capsules,Flavored Coffee Capsules, شركة سنابل المتحدة للتجارة,Roast,ROAST MAESTRO CLOMBI CAPSLE57G,2026,18972.686542999993
Hot Beverages,Coffee,Coffee Capsules,Flavored Coffee Capsules, شركة سنابل المتحدة للتجارة,Roast,ROAST MAESTRO COLD BREW CAP57G,2026,23656.651886
Hot Beverages,Coffee,Coffee Capsules,Flavored Coffee Capsules, شركة سنابل المتحدة للتجارة,Roast,ROAST MAESTRO ETHOPI CAPSLE57G,2026,33383.46897699997
Hot Beverages,Coffee,Coffee Capsules,Flavored Coffee Capsules, شركة سنابل المتحدة للتجارة,Roast,ROAST MAESTRO LADY.CAPSULE 57G,2026,23271.225859000013
Hot Beverages,Coffee,Coffee Capsules,Flavored Coffee Capsules, شركة سنابل المتحدة للتجارة,Roast,ROAST MAESTRO RWANDA CAPSLE57G,2026,27336.808150000004
Hot Beverages,Coffee,Coffee Capsules,Espresso Coffee Capsules, شركة سنابل المتحدة للتجارة,Roast,ROAST MAESTRO SPRSO P.COFE250G,2025,10447.985000000017
Hot Beverages,Coffee,Coffee Capsules,Espresso Coffee Capsules, شركة سنابل المتحدة للتجارة,Roast,ROAST MAESTRO SPRSO P.COFE250G,2026,163610.30158300028
Hot Beverages,Coffee,Coffee Capsules,Flavored Coffee Capsules, شركة سنابل المتحدة للتجارة,Roast,ROAST MAESTRO UGANDA CAPSUL57G,2026,24940.677815999992
Hot Beverages,Coffee,Coffee Capsules,Flavored Coffee Capsules, شركة نستله العربية السعودية,Nescafe,NESCAFE COF AFRICA ESPRESO 44G,2025,60567.50099999995
Hot Beverages,Coffee,Coffee Capsules,Flavored Coffee Capsules, شركة نستله العربية السعودية,Nescafe,NESCAFE COF AFRICA ESPRESO 44G,2026,75432.8948670001
Hot Beverages,Coffee,Coffee Capsules,Flavored Coffee Capsules, شركة نستله العربية السعودية,Nescafe,NESCAFE COF BRAZIL ESPRESO 44G,2025,55848.97699999994
Hot Beverages,Coffee,Coffee Capsules,Flavored Coffee Capsules, شركة نستله العربية السعودية,Nescafe,NESCAFE COF BRAZIL ESPRESO 44G,2026,74668.73097200018
Hot Beverages,Coffee,Coffee Capsules,Flavored Coffee Capsules, شركة نستله العربية السعودية,Nescafe,NESCAFE COF CALMBI ESPRESO 44G,2025,60308.59599999995
Hot Beverages,Coffee,Coffee Capsules,Flavored Coffee Capsules, شركة نستله العربية السعودية,Nescafe,NESCAFE COF CALMBI ESPRESO 44G,2026,74846.94683500013
Hot Beverages,Coffee,Coffee Capsules,Flavored Coffee Capsules, شركة نستله العربية السعودية,Nescafe,NESCAFE COFF INDIA ESPRESO 44G,2025,48867.294999999955
Hot Beverages,Coffee,Coffee Capsules,Flavored Coffee Capsules, شركة نستله العربية السعودية,Nescafe,NESCAFE COFF INDIA ESPRESO 44G,2026,60152.58205199995
Hot Beverages,Coffee,Coffee Capsules,Flavored Coffee Capsules, شركة نستله العربية السعودية,Nescafe,NESCAFE DG BALANCE&ROUND 160G,2025,57759
Hot Beverages,Coffee,Coffee Capsules,Flavored Coffee Capsules, شركة نستله العربية السعودية,Nescafe,NESCAFE DG BALANCE&ROUND 160G,2026,39629.895042000026
Hot Beverages,Coffee,Coffee Capsules,Cappuccino Coffee Capsules, شركة نستله العربية السعودية,Nescafe,NESCAFE DG CAPUCNO R&SLK186.4G,2025,50297.799999999996
Hot Beverages,Coffee,Coffee Capsules,Cappuccino Coffee Capsules, شركة نستله العربية السعودية,Nescafe,NESCAFE DG CAPUCNO R&SLK186.4G,2026,29076.599703999982
Hot Beverages,Coffee,Coffee Capsules,Cappuccino Coffee Capsules, شركة نستله العربية السعودية,Nescafe,NESCAFE DG CAPUCNO.SKNY 161.6G,2025,56229
Hot Beverages,Coffee,Coffee Capsules,Cappuccino Coffee Capsules, شركة نستله العربية السعودية,Nescafe,NESCAFE DG CAPUCNO.SKNY 161.6G,2026,36964.31248400002
Hot Beverages,Coffee,Coffee Capsules,Chococino Coffee Capsules, شركة نستله العربية السعودية,Nescafe,NESCAFE DG CHOCOCINO 256G,2025,34134.58999999998
Hot Beverages,Coffee,Coffee Capsules,Chococino Coffee Capsules, شركة نستله العربية السعودية,Nescafe,NESCAFE DG CHOCOCINO 256G,2026,16640.512935000002
Hot Beverages,Coffee,Coffee Capsules,Espresso Coffee Capsules, شركة نستله العربية السعودية,Nescafe,NESCAFE DG CRTDO.E.MCHT.100.8G,2025,57723.14
Hot Beverages,Coffee,Coffee Capsules,Espresso Coffee Capsules, شركة نستله العربية السعودية,Nescafe,NESCAFE DG CRTDO.E.MCHT.100.8G,2026,38113.486191
Hot Beverages,Coffee,Coffee Capsules,Espresso Coffee Capsules, شركة نستله العربية السعودية,Nescafe,NESCAFE DG ESPRESSO 88G,2025,81355.61000000002
Hot Beverages,Coffee,Coffee Capsules,Espresso Coffee Capsules, شركة نستله العربية السعودية,Nescafe,NESCAFE DG ESPRESSO 88G,2026,38312.112396999975
Hot Beverages,Coffee,Coffee Capsules,Flavored Coffee Capsules, شركة نستله العربية السعودية,Nescafe,NESCAFE DG FLAT WHITE 187.2G,2025,71719.73999999999
Hot Beverages,Coffee,Coffee Capsules,Flavored Coffee Capsules, شركة نستله العربية السعودية,Nescafe,NESCAFE DG FLAT WHITE 187.2G,2026,59897.76473100006
Hot Beverages,Coffee,Coffee Capsules,Flavored Coffee Capsules, شركة نستله العربية السعودية,Nescafe,NESCAFE DOLCE GST.NESQUIK 256G,2025,258.24
Hot Beverages,Coffee,Coffee Capsules,Espresso Coffee Capsules, شركة نستله العربية السعودية,Nescafe,NESCAFE GRENDE INTENSO 132.8G,2026,33.034782
Hot Beverages,Coffee,Coffee Capsules,Flavored Coffee Capsules, شركة نستله العربية السعودية,Starbucks,STARBUCKS AMERICANO 102G,2025,3480.48
Hot Beverages,Coffee,Coffee Capsules,Flavored Coffee Capsules, شركة نستله العربية السعودية,Starbucks,STARBUCKS AMERICANO 102G.,2025,26116.029999999988
Hot Beverages,Coffee,Coffee Capsules,Flavored Coffee Capsules, شركة نستله العربية السعودية,Starbucks,STARBUCKS AMERICANO 102G.,2026,27174.912538999994
Hot Beverages,Coffee,Coffee Capsules,Espresso Coffee Capsules, شركة نستله العربية السعودية,Starbucks,STARBUCKS BLONDE ESPRESSO 53G,2026,143.43478
Hot Beverages,Coffee,Coffee Capsules,Espresso Coffee Capsules, شركة نستله العربية السعودية,Starbucks,STARBUCKS BREAK FAST BLEND 53G,2025,916.81
Hot Beverages,Coffee,Coffee Capsules,Espresso Coffee Capsules, شركة نستله العربية السعودية,Starbucks,STARBUCKS BREAK FAST BLEND 53G,2026,58091.08623899997
Hot Beverages,Coffee,Coffee Capsules,Flavored Coffee Capsules, شركة نستله العربية السعودية,Starbucks,STARBUCKS CAFFE VERONA 57G,2025,9708.369999999997
Hot Beverages,Coffee,Coffee Capsules,Flavored Coffee Capsules, شركة نستله العربية السعودية,Starbucks,STARBUCKS CAFFE VERONA 57G .,2025,61506.96000000002
Hot Beverages,Coffee,Coffee Capsules,Flavored Coffee Capsules, شركة نستله العربية السعودية,Starbucks,STARBUCKS CAFFE VERONA 57G .,2026,106917.25876799991
Hot Beverages,Coffee,Coffee Capsules,Espresso Coffee Capsules, شركة نستله العربية السعودية,Starbucks,STARBUCKS ESPRESO DE CAFEIN57G,2025,48337.81
Hot Beverages,Coffee,Coffee Capsules,Espresso Coffee Capsules, شركة نستله العربية السعودية,Starbucks,STARBUCKS ESPRESO DE CAFEIN57G,2026,53766.88587200002
Hot Beverages,Coffee,Coffee Capsules,Espresso Coffee Capsules, شركة نستله العربية السعودية,Starbucks,STARBUCKS ESPRESO ROAST 66G,2025,60.78
Hot Beverages,Coffee,Coffee Capsules,Espresso Coffee Capsules, شركة نستله العربية السعودية,Starbucks,STARBUCKS ESPRESSO 66G,2025,911.6999999999998
Hot Beverages,Coffee,Coffee Capsules,Espresso Coffee Capsules, شركة نستله العربية السعودية,Starbucks,STARBUCKS ESPRESSO ROAST 57G,2025,83975.33000000015
Hot Beverages,Coffee,Coffee Capsules,Espresso Coffee Capsules, شركة نستله العربية السعودية,Starbucks,STARBUCKS ESPRESSO ROAST 57G,2026,77986.85038399993
Hot Beverages,Coffee,Coffee Capsules,Flavored Coffee Capsules, شركة نستله العربية السعودية,Starbucks,STARBUCKS HOUSE BLEND LUNGO57G,2025,92863.78000000017
Hot Beverages,Coffee,Coffee Capsules,Flavored Coffee Capsules, شركة نستله العربية السعودية,Starbucks,STARBUCKS HOUSE BLEND LUNGO57G,2026,99346.26727900004
Hot Beverages,Coffee,Coffee Capsules,Flavored Coffee Capsules, شركة نستله العربية السعودية,Starbucks,STARBUCKS MACHIATO CRML 127.8G,2025,41244.13199999998
Hot Beverages,Coffee,Coffee Capsules,Flavored Coffee Capsules, شركة نستله العربية السعودية,Starbucks,STARBUCKS MACHIATO CRML 127.8G,2026,15833.252054000011
Hot Beverages,Coffee,Coffee Capsules,Flavored Coffee Capsules, شركة نستله العربية السعودية,Starbucks,STARBUCKS O.COFE GUATEMALA 57G,2025,37035.85
Hot Beverages,Coffee,Coffee Capsules,Flavored Coffee Capsules, شركة نستله العربية السعودية,Starbucks,STARBUCKS O.COFE GUATEMALA 57G,2026,61974.13782200005
Hot Beverages,Coffee,Coffee Capsules,Flavored Coffee Capsules, شركة نستله العربية السعودية,Starbucks,STARBUCKS O.COFFE COLOMBIA 57G,2025,77821.79000000012
Hot Beverages,Coffee,Coffee Capsules,Flavored Coffee Capsules, شركة نستله العربية السعودية,Starbucks,STARBUCKS O.COFFE COLOMBIA 57G,2026,101341.48497499998
Hot Beverages,Coffee,Coffee Capsules,Flavored Coffee Capsules, شركة نستله العربية السعودية,Starbucks,STARBUCKS PIKE PLACE ROAST 57G,2025,2581.8400000000006
Hot Beverages,Coffee,Coffee Capsules,Flavored Coffee Capsules, شركة نستله العربية السعودية,Starbucks,STARBUCKS PIKE PLACE ROAST 57G,2026,19.113044
Hot Beverages,Coffee,Coffee Capsules,Espresso Coffee Capsules, شركة نستله العربية السعودية,Starbucks,STARBUCKS SUNNY DAY BLEND 53G,2025,1060.0499999999997
Hot Beverages,Coffee,Coffee Capsules,Espresso Coffee Capsules, شركة نستله العربية السعودية,Starbucks,STARBUCKS SUNNY DAY BLEND 53G,2026,8955.495558999997
Hot Beverages,Coffee,Coffee Creamer,Coffee Mate Creamy, شركة زهرة الغذاء للاغذية,Gethai,GETHAI COFFEE CREAMER 400G,2025,91095.38199999998
Hot Beverages,Coffee,Coffee Creamer,Coffee Mate Creamy, شركة زهرة الغذاء للاغذية,Gethai,GETHAI COFFEE CREAMER 400G,2026,83755.48552499976
Hot Beverages,Coffee,Coffee Creamer,Coffee Mate Creamy, شركة نستله العربية السعودية,Nestle,NESTLE COFE MATE SMTH 400G 10,2025,74560.28399999999
Hot Beverages,Coffee,Coffee Creamer,Coffee Mate Creamy, شركة نستله العربية السعودية,Nestle,NESTLE COFE MATE SMTH 400G 10%,2025,431940.5389999998
Hot Beverages,Coffee,Coffee Creamer,Coffee Mate Creamy, شركة نستله العربية السعودية,Nestle,NESTLE COFE MATE SMTH 400G 10%,2026,100916.27730700001
Hot Beverages,Coffee,Coffee Creamer,Coffee Mate Creamy, شركة نستله العربية السعودية,Nestle,NESTLE COFFEE MATE CREAMY 170G,2025,210874.76000000036
Hot Beverages,Coffee,Coffee Creamer,Coffee Mate Creamy, شركة نستله العربية السعودية,Nestle,NESTLE COFFEE MATE CREAMY 170G,2026,179391.5364420003
Hot Beverages,Coffee,Coffee Creamer,Coffee Mate Creamy, شركة نستله العربية السعودية,Nestle,NESTLE COFFEE MATE CREM 2x450G,2025,106826.63999999998
Hot Beverages,Coffee,Coffee Creamer,Coffee Mate Creamy, شركة نستله العربية السعودية,Nestle,NESTLE COFFEE MATE CREM 2x450G,2026,102095.97255399992
Hot Beverages,Coffee,Coffee Creamer,Coffee Mate Creamy, شركة نستله العربية السعودية,Nestle,NESTLE COFFEE MATE LITE 450G,2025,125821.65899999999
Hot Beverages,Coffee,Coffee Creamer,Coffee Mate Creamy, شركة نستله العربية السعودية,Nestle,NESTLE COFFEE MATE LITE 450G,2026,113585.72999899987
Hot Beverages,Coffee,Coffee Creamer,Coffee Mate Creamy, شركة نستله العربية السعودية,Nestle,NESTLE COFFEE MATE SMOOTH 400G,2025,939155.5050000002
Hot Beverages,Coffee,Coffee Creamer,Coffee Mate Creamy, شركة نستله العربية السعودية,Nestle,NESTLE COFFEE MATE SMOOTH 400G,2026,990387.5953700023
Hot Beverages,Coffee,Coffee Creamer,Coffee Mate Creamy, مؤسسة قطاف الغذاء التجارية,Qetaf,QETAF COFFEE CREAMER 170G,2025,3317.119999999998
Hot Beverages,Coffee,Coffee Creamer,Coffee Mate Creamy, مؤسسة قطاف الغذاء التجارية,Qetaf,QETAF COFFEE CREAMER 400G,2025,1902.6200000000003
Hot Beverages,Coffee,Ground Coffee & Beans,Turkish Coffee, Al Darajah Coffee Est,Haley,HALEY T.COFE CARDMOM LIGHT250G,2026,0
Hot Beverages,Coffee,Ground Coffee & Beans,Turkish Coffee, Al Darajah Coffee Est,Haley,HALEY T.COFE CARDMOM MEDUM250G,2026,39.982608
Hot Beverages,Coffee,Ground Coffee & Beans,Turkish Coffee, Al Darajah Coffee Est,Haley,HALEY T.COFFE CLASIC MEDUM250G,2026,0
Hot Beverages,Coffee,Ground Coffee & Beans,Classic Roast, Iweb Grocer Internationlal Inc.,Folgers,FOLGERS COFFE CLASIC ROAST272G,2025,29.52
Hot Beverages,Coffee,Ground Coffee & Beans,Coffee Beans, شركة  الخير للتجارة المحدودة,Alkhair,ALKHAIR B.LAGMATI COFFEE 2KG,2025,254452.4820000002
Hot Beverages,Coffee,Ground Coffee & Beans,Coffee Beans, شركة  الخير للتجارة المحدودة,Alkhair,ALKHAIR B.LAGMATI COFFEE 2KG,2026,238593.01853500027
Hot Beverages,Coffee,Ground Coffee & Beans,Coffee Beans, شركة  الخير للتجارة المحدودة,Alkhair,ALKHAIR B.LAGMATI COFFEE 5KG,2025,822643.3909999998
Hot Beverages,Coffee,Ground Coffee & Beans,Coffee Beans, شركة  الخير للتجارة المحدودة,Alkhair,ALKHAIR B.LAGMATI COFFEE 5KG,2026,575494.9636279987
Hot Beverages,Coffee,Ground Coffee & Beans,Coffee Beans, شركة  الخير للتجارة المحدودة,Alkhair,ALKHAIR COFFEE BASHANFARE 2KG,2025,379535.6399999998
Hot Beverages,Coffee,Ground Coffee & Beans,Coffee Beans, شركة  الخير للتجارة المحدودة,Alkhair,ALKHAIR COFFEE BASHANFARE 2KG,2026,549346.2245760001
Hot Beverages,Coffee,Ground Coffee & Beans,Saudi Coffee, شركة  الخير للتجارة المحدودة,Alkhair,ALKHAIR SAUDI COFE A.BLND 500G,2025,15699.231000000023
Hot Beverages,Coffee,Ground Coffee & Beans,Saudi Coffee, شركة  الخير للتجارة المحدودة,Alkhair,ALKHAIR SAUDI COFE A.BLND 500G,2026,101776.07724600012
Hot Beverages,Coffee,Ground Coffee & Beans,Turkish Coffee, شركة  الخير للتجارة المحدودة,Alkhair,ALKHAIR T.COFE PLAIN MIDUM200G,2025,155425.89399999985
Hot Beverages,Coffee,Ground Coffee & Beans,Turkish Coffee, شركة  الخير للتجارة المحدودة,Alkhair,ALKHAIR T.COFE PLAIN MIDUM200G,2026,260259.4725809992
Hot Beverages,Coffee,Ground Coffee & Beans,Turkish Coffee, شركة  الخير للتجارة المحدودة,Alkhair,ALKHAIR T.COFFE CARD.DARK 100G,2025,63736.76700000007
Hot Beverages,Coffee,Ground Coffee & Beans,Turkish Coffee, شركة  الخير للتجارة المحدودة,Alkhair,ALKHAIR T.COFFE CARD.DARK 100G,2026,75023.32867899977
Hot Beverages,Coffee,Ground Coffee & Beans,Turkish Coffee, شركة  الخير للتجارة المحدودة,Alkhair,ALKHAIR T.COFFE CARDM.DARK200G,2025,119086.24099999963
Hot Beverages,Coffee,Ground Coffee & Beans,Turkish Coffee, شركة  الخير للتجارة المحدودة,Alkhair,ALKHAIR T.COFFE CARDM.DARK200G,2026,176062.3673299993
Hot Beverages,Coffee,Ground Coffee & Beans,Turkish Coffee, شركة  الخير للتجارة المحدودة,Alkhair,ALKHAIR T.COFFE CRD.MEDIUM200G,2025,146157.1799999999
Hot Beverages,Coffee,Ground Coffee & Beans,Turkish Coffee, شركة  الخير للتجارة المحدودة,Alkhair,ALKHAIR T.COFFE CRD.MEDIUM200G,2026,235625.09862999935
Hot Beverages,Coffee,Ground Coffee & Beans,Turkish Coffee, شركة  الخير للتجارة المحدودة,Alkhair,ALKHAIR TURKISH COFFE PKT 200G,2025,166631.51500000004
Hot Beverages,Coffee,Ground Coffee & Beans,Turkish Coffee, شركة  الخير للتجارة المحدودة,Alkhair,ALKHAIR TURKISH COFFE PKT 200G,2026,265818.11594799947
Hot Beverages,Coffee,Ground Coffee & Beans,Turkish Coffee, شركة  الخير للتجارة المحدودة,Alkhair,ALKHAIR TURKISH COFFEE CARDAMOM BAG 400G,2025,135349.87900000002
Hot Beverages,Coffee,Ground Coffee & Beans,Turkish Coffee, شركة  الخير للتجارة المحدودة,Alkhair,ALKHAIR TURKISH COFFEE CARDAMOM BAG 400G,2026,205493.63811399974
Hot Beverages,Coffee,Ground Coffee & Beans,Turkish Coffee, شركة  الخير للتجارة المحدودة,Alkhair,ALKHAIR TURKISH COFFEE PLAIN BAG 400G,2025,179713.69099999985
Hot Beverages,Coffee,Ground Coffee & Beans,Turkish Coffee, شركة  الخير للتجارة المحدودة,Alkhair,ALKHAIR TURKISH COFFEE PLAIN BAG 400G,2026,220601.90921000013
Hot Beverages,Coffee,Ground Coffee & Beans,Classic Roast, شركة  الخير للتجارة المحدودة,Bunna,BUNNA DIP COFFEE CIELO MEDIUM ROAST 10G,2026,81314.88556099996
Hot Beverages,Coffee,Ground Coffee & Beans,Classic Roast, شركة  الخير للتجارة المحدودة,Bunna,BUNNA DRIP COFFEE FORTE DARK ROAST 10G,2026,67632.77291700001
Hot Beverages,Coffee,Ground Coffee & Beans,Classic Roast, شركة  الخير للتجارة المحدودة,Bunna,BUNNA DRIP COFFEE LUSSO MEDIUM ROAST 10G,2026,78795.69298000002
Hot Beverages,Coffee,Ground Coffee & Beans,Coffee Beans, شركة  الخير للتجارة المحدودة,Harari,HARARI COFFEE BASHANFAR 5KG,2025,1021656.9289999999
Hot Beverages,Coffee,Ground Coffee & Beans,Coffee Beans, شركة  الخير للتجارة المحدودة,Harari,HARARI COFFEE BASHANFAR 5KG,2026,749969.8523569995
Hot Beverages,Coffee,Ground Coffee & Beans,Saudi Coffee, شركة أحمد محمد صالح باعشن وشركاه,Aseela,ASEELA ARABIC COFE CARDMOM 30G,2025,53104.98100000006
Hot Beverages,Coffee,Ground Coffee & Beans,Saudi Coffee, شركة أحمد محمد صالح باعشن وشركاه,Aseela,ASEELA ARABIC COFE CARDMOM 30G,2026,10545.460490999998
Hot Beverages,Coffee,Ground Coffee & Beans,Saudi Coffee, شركة أحمد محمد صالح باعشن وشركاه,Aseela,ASEELA ARABIC COFEE SAFFRON 5G,2025,47434.08600000015
Hot Beverages,Coffee,Ground Coffee & Beans,Saudi Coffee, شركة أحمد محمد صالح باعشن وشركاه,Aseela,ASEELA ARABIC COFEE SAFFRON 5G,2026,8465.495837999995
Hot Beverages,Coffee,Ground Coffee & Beans,Saudi Coffee, شركة أحمد محمد صالح باعشن وشركاه,Aseela,ASEELA ARABIC COFEE SAFRON 30G,2025,59827.66899999987
Hot Beverages,Coffee,Ground Coffee & Beans,Saudi Coffee, شركة أحمد محمد صالح باعشن وشركاه,Aseela,ASEELA ARABIC COFEE SAFRON 30G,2026,13080.704214999996
Hot Beverages,Coffee,Ground Coffee & Beans,Saudi Coffee, شركة أحمد محمد صالح باعشن وشركاه,Aseela,ASEELA ARABIC.COFE CARDAMOM 5G,2025,47679.57900000003
Hot Beverages,Coffee,Ground Coffee & Beans,Saudi Coffee, شركة أحمد محمد صالح باعشن وشركاه,Aseela,ASEELA ARABIC.COFE CARDAMOM 5G,2026,9352.720930000003
Hot Beverages,Coffee,Ground Coffee & Beans,Turkish Coffee, شركة الامجاد للتجارة والصناعة,Barns,BARNS T.COFFE LIGHT W/CRDM200G,2025,21727.64199999998
Hot Beverages,Coffee,Ground Coffee & Beans,Turkish Coffee, شركة الامجاد للتجارة والصناعة,Barns,BARNS T.COFFE LIGHT W/CRDM200G,2026,191248.02609200001
Hot Beverages,Coffee,Ground Coffee & Beans,Turkish Coffee, شركة الامجاد للتجارة والصناعة,Barns,BARNS T.COFFE PREMIUM BLND200G,2025,38454.13900000001
Hot Beverages,Coffee,Ground Coffee & Beans,Turkish Coffee, شركة الامجاد للتجارة والصناعة,Barns,BARNS T.COFFE PREMIUM BLND200G,2026,316426.5991180007
Hot Beverages,Coffee,Ground Coffee & Beans,Turkish Coffee, شركة الامجاد للتجارة والصناعة,Barns,BARNS T.COFFE PREMIUM BLND400G,2025,24433.514000000003
Hot Beverages,Coffee,Ground Coffee & Beans,Turkish Coffee, شركة الامجاد للتجارة والصناعة,Barns,BARNS T.COFFE PREMIUM BLND400G,2026,280821.6036999998
Hot Beverages,Coffee,Ground Coffee & Beans,Turkish Coffee, شركة الامجاد للتجارة والصناعة,Barns,BARNS T.COFFE W.CARDAMOM 200G,2025,36578.75399999999
Hot Beverages,Coffee,Ground Coffee & Beans,Turkish Coffee, شركة الامجاد للتجارة والصناعة,Barns,BARNS T.COFFE W.CARDAMOM 200G,2026,308040.7790540002
Hot Beverages,Coffee,Ground Coffee & Beans,Turkish Coffee, شركة الامجاد للتجارة والصناعة,Barns,BARNS T.COFFE W.CARDAMOM 400G,2025,25847.648
Hot Beverages,Coffee,Ground Coffee & Beans,Turkish Coffee, شركة الامجاد للتجارة والصناعة,Barns,BARNS T.COFFE W.CARDAMOM 400G,2026,294263.17776000005
Hot Beverages,Coffee,Ground Coffee & Beans,Turkish Coffee, شركة التجارة العمومية,Cafe Shami,CAFE SHAMI CRDM.T.COFE BLU180G,2025,631.4000000000005
Hot Beverages,Coffee,Ground Coffee & Beans,Turkish Coffee, شركة التجارة العمومية,Cafe Shami,CAFE SHAMI CRDM.T.COFE BLU180G,2026,113773.93682400002
Hot Beverages,Coffee,Ground Coffee & Beans,Turkish Coffee, شركة التجارة العمومية,Cafe Shami,CAFE SHAMI CRDM.T.COFE BLU450G,2025,610.47
Hot Beverages,Coffee,Ground Coffee & Beans,Turkish Coffee, شركة التجارة العمومية,Cafe Shami,CAFE SHAMI CRDM.T.COFE BLU450G,2026,128898.91383900019
Hot Beverages,Coffee,Ground Coffee & Beans,Turkish Coffee, شركة التجارة العمومية,Cafe Shami,CAFE SHAMI CRDM.T.COFE GLD180G,2025,889.7000000000007
Hot Beverages,Coffee,Ground Coffee & Beans,Turkish Coffee, شركة التجارة العمومية,Cafe Shami,CAFE SHAMI CRDM.T.COFE GLD180G,2026,118581.11049899997
Hot Beverages,Coffee,Ground Coffee & Beans,Turkish Coffee, شركة التجارة العمومية,Cafe Shami,CAFE SHAMI CRDM.T.COFE GLD450G,2025,738.99
Hot Beverages,Coffee,Ground Coffee & Beans,Turkish Coffee, شركة التجارة العمومية,Cafe Shami,CAFE SHAMI CRDM.T.COFE GLD450G,2026,126917.25299700016
Hot Beverages,Coffee,Ground Coffee & Beans,Saudi Coffee, شركة التموين العربي التجارية المحدودة,Kif,KIF A.ARABIC COFE CARDAMN 5G,2026,64165.70438599993
Hot Beverages,Coffee,Ground Coffee & Beans,Saudi Coffee, شركة التموين العربي التجارية المحدودة,Kif,KIF A.ARABIC COFE CARDAMON 30G,2026,228206.50340000034
Hot Beverages,Coffee,Ground Coffee & Beans,Saudi Coffee, شركة التموين العربي التجارية المحدودة,Kif,KIF A.ARABIC COFFEE CLOVES 30G,2026,66594.47786699986
Hot Beverages,Coffee,Ground Coffee & Beans,Saudi Coffee, شركة التموين العربي التجارية المحدودة,Kif,KIF A.ARABIC COFFEE SAFRON 30G,2026,679945.0462840004
Hot Beverages,Coffee,Ground Coffee & Beans,Saudi Coffee, شركة الذهب الاخضر للتجارة,Alsaidah,ALSAIDAH ARABIC COFFE 450G,2025,174656.58600000016
Hot Beverages,Coffee,Ground Coffee & Beans,Saudi Coffee, شركة الذهب الاخضر للتجارة,Alsaidah,ALSAIDAH ARABIC COFFE 450G,2026,175293.42206200035
Hot Beverages,Coffee,Ground Coffee & Beans,Coffee Beans, شركة الذهب الاخضر للتجارة,Green Gold,GREEN GOLD HARARI COFFEE 5KG,2025,214320.44
Hot Beverages,Coffee,Ground Coffee & Beans,Coffee Beans, شركة الذهب الاخضر للتجارة,Green Gold,GREEN GOLD HARARI COFFEE 5KG,2026,156547.894994
Hot Beverages,Coffee,Ground Coffee & Beans,Coffee Beans, شركة الذهب الاخضر للتجارة,Green Gold,GREEN GOLD LOGMATI COFFEE 5KG,2025,250401.3400000002
Hot Beverages,Coffee,Ground Coffee & Beans,Coffee Beans, شركة الذهب الاخضر للتجارة,Green Gold,GREEN GOLD LOGMATI COFFEE 5KG,2026,144228.35349500008
Hot Beverages,Coffee,Ground Coffee & Beans,Saudi Coffee, شركة الغربي للصناعات الغذائية,Algharbi,ALGHARBI ARABIC COFFE 250G,2025,220
Hot Beverages,Coffee,Ground Coffee & Beans,Turkish Coffee, شركة المهباج الشامية للتجارة,Almehbaj,ALMEHBAJ T.COFFE W/CARDAMO200G,2025,37452.759999999995
Hot Beverages,Coffee,Ground Coffee & Beans,Turkish Coffee, شركة المهباج الشامية للتجارة,Almehbaj,ALMEHBAJ T.COFFE W/CARDAMO200G,2026,14606.956138000023
Hot Beverages,Coffee,Ground Coffee & Beans,Turkish Coffee, شركة المهباج الشامية للتجارة,Almehbaj,ALMEHBAJ TURKISH COFFEE 200G,2025,44803.056999999935
Hot Beverages,Coffee,Ground Coffee & Beans,Turkish Coffee, شركة المهباج الشامية للتجارة,Almehbaj,ALMEHBAJ TURKISH COFFEE 200G,2026,18960.869194999985
Hot Beverages,Coffee,Ground Coffee & Beans,Turkish Coffee, شركة المهباج الشامية للتجارة,Almehbaj,ALMEHBAJ TURKISH COFFEE 400G,2025,3496.3589999999995
Hot Beverages,Coffee,Ground Coffee & Beans,Coffee Beans, شركة النعمان إخوان العالمية للتجارة المحدودة,Alnoman,ALNOMAN CAFE ESPRSO BRAZIL 1KG,2026,46.956521
Hot Beverages,Coffee,Ground Coffee & Beans,Coffee Beans, شركة النعمان إخوان العالمية للتجارة المحدودة,Alnoman,ALNOMAN COFFEE HARIRI 5KG,2026,51854.05220499999
Hot Beverages,Coffee,Ground Coffee & Beans,Saudi Coffee, شركة النعمان إخوان العالمية للتجارة المحدودة,Arkaan,ARKAAN ARABIC COFFEE 500G,2026,147336.7969730001
Hot Beverages,Coffee,Ground Coffee & Beans,Saudi Coffee, شركة النعمان إخوان العالمية للتجارة المحدودة,Golden,GOLDEN ARABIC COFFE SHYOK 500G,2026,264275.6845289998
Hot Beverages,Coffee,Ground Coffee & Beans,Saudi Coffee, شركة النعمان إخوان العالمية للتجارة المحدودة,Golden,GOLDEN ARABIC COFFEE 2KG,2026,114782.6076609999
Hot Beverages,Coffee,Ground Coffee & Beans,Coffee Beans, شركة النعمان إخوان العالمية للتجارة المحدودة,Harari,HARARI COFFEE ALMALLAH 2K .,2026,17667.391151999997
Hot Beverages,Coffee,Ground Coffee & Beans,Saudi Coffee, شركة باجة للصناعات الغذائية,Baja,BAJA GOLD COFFEE ARABICA 100G,2026,10457.54768900001
Hot Beverages,Coffee,Ground Coffee & Beans,Turkish Coffee, شركة باجة للصناعات الغذائية,Baja,BAJA GROUND GLD BEANS PLN.200G,2025,13241.094999999996
Hot Beverages,Coffee,Ground Coffee & Beans,Turkish Coffee, شركة باجة للصناعات الغذائية,Baja,BAJA GROUND GLD BEANS PLN.200G,2026,40710.70293599995
Hot Beverages,Coffee,Ground Coffee & Beans,Saudi Coffee, شركة باجة للصناعات الغذائية,Baja,BAJA SAUDI COFFEE CARDMOM 30G,2025,378534.9440000003
Hot Beverages,Coffee,Ground Coffee & Beans,Saudi Coffee, شركة باجة للصناعات الغذائية,Baja,BAJA SAUDI COFFEE CARDMOM 30G,2026,95382.64862900015
Hot Beverages,Coffee,Ground Coffee & Beans,Saudi Coffee, شركة باجة للصناعات الغذائية,Baja,BAJA SAUDI COFFEE SAFRAN 30G,2025,261671.7969999998
Hot Beverages,Coffee,Ground Coffee & Beans,Saudi Coffee, شركة باجة للصناعات الغذائية,Baja,BAJA SAUDI COFFEE SAFRAN 30G,2026,29125.399073000015
Hot Beverages,Coffee,Ground Coffee & Beans,Turkish Coffee, شركة باجة للصناعات الغذائية,Baja,BAJA T.COFFE WITH CARDAMO 200G,2025,190433.18999999983
Hot Beverages,Coffee,Ground Coffee & Beans,Turkish Coffee, شركة باجة للصناعات الغذائية,Baja,BAJA T.COFFE WITH CARDAMO 200G,2026,23249.29525499998
Hot Beverages,Coffee,Ground Coffee & Beans,Turkish Coffee, شركة باجة للصناعات الغذائية,Baja,BAJA T.COFFE WITH CARDAMO 400G,2025,214897.13600000046
Hot Beverages,Coffee,Ground Coffee & Beans,Turkish Coffee, شركة باجة للصناعات الغذائية,Baja,BAJA T.COFFE WITH CARDAMO 400G,2026,18217.025881
Hot Beverages,Coffee,Ground Coffee & Beans,Turkish Coffee, شركة باجة للصناعات الغذائية,Baja,BAJA T.COFFE WTHOUT CARDAM200G,2025,140754.80800000002
Hot Beverages,Coffee,Ground Coffee & Beans,Turkish Coffee, شركة باجة للصناعات الغذائية,Baja,BAJA T.COFFE WTHOUT CARDAM200G,2026,23230.773508
Hot Beverages,Coffee,Ground Coffee & Beans,Turkish Coffee, شركة باجة للصناعات الغذائية,Baja,BAJA T.COFFE WTOU CARDAMO 400G,2025,192874.8520000001
Hot Beverages,Coffee,Ground Coffee & Beans,Turkish Coffee, شركة باجة للصناعات الغذائية,Baja,BAJA T.COFFE WTOU CARDAMO 400G,2026,18636.82558
Hot Beverages,Coffee,Ground Coffee & Beans,Classic Roast, شركة باسمح للتوزيع التجاري,TIM HORTONS,TIM HORTONS DARK ROAST COFFEE 100G,2026,33196.381875000014
Hot Beverages,Coffee,Ground Coffee & Beans,Classic Roast, شركة باسمح للتوزيع التجاري,TIM HORTONS,TIM HORTONS DARK ROAST COFFEE 200G,2026,25947.98245500001
Hot Beverages,Coffee,Ground Coffee & Beans,Classic Roast, شركة باسمح للتوزيع التجاري,TIM HORTONS,TIM HORTONS MEDIUM ROAST 200G,2026,20710.686852000006
Hot Beverages,Coffee,Ground Coffee & Beans,Classic Roast, شركة باسمح للتوزيع التجاري,TIM HORTONS,TIM HORTONS MEDIUM ROAST COFFEE 100G,2026,34512.234106999975
Hot Beverages,Coffee,Ground Coffee & Beans,Turkish Coffee, شركة تيسير التجارية شركة شخص واحد,Alameed,ALAMEED C.DARK W.CARDAMOM 250G,2025,108708.41599999985
Hot Beverages,Coffee,Ground Coffee & Beans,Turkish Coffee, شركة تيسير التجارية شركة شخص واحد,Alameed,ALAMEED C.DARK W.CARDAMOM 250G,2026,4710.756457
Hot Beverages,Coffee,Ground Coffee & Beans,Turkish Coffee, شركة تيسير التجارية شركة شخص واحد,Alameed,ALAMEED C.LIGH W.CARDAMOM 250G,2025,184272.78099999996
Hot Beverages,Coffee,Ground Coffee & Beans,Turkish Coffee, شركة تيسير التجارية شركة شخص واحد,Alameed,ALAMEED C.LIGH W.CARDAMOM 250G,2026,35203.37348200003
Hot Beverages,Coffee,Ground Coffee & Beans,Turkish Coffee, شركة تيسير التجارية شركة شخص واحد,Alameed,ALAMEED C.MEDM W.CARDAMOM 250G,2025,363162.3360000001
Hot Beverages,Coffee,Ground Coffee & Beans,Turkish Coffee, شركة تيسير التجارية شركة شخص واحد,Alameed,ALAMEED C.MEDM W.CARDAMOM 250G,2026,65941.30351900002
Hot Beverages,Coffee,Ground Coffee & Beans,Turkish Coffee, شركة تيسير التجارية شركة شخص واحد,Alameed,ALAMEED C.MEDM W/OUT CARD.250G,2025,184032.581
Hot Beverages,Coffee,Ground Coffee & Beans,Turkish Coffee, شركة تيسير التجارية شركة شخص واحد,Alameed,ALAMEED C.MEDM W/OUT CARD.250G,2026,37598.32994700002
Hot Beverages,Coffee,Ground Coffee & Beans,Saudi Coffee, شركة حدائق القهوة للتجارة,Najdiya,NAJDIYA P.ARABIAN COFFEE 250G,2025,3020.7700000000004
Hot Beverages,Coffee,Ground Coffee & Beans,Turkish Coffee, شركة دلة الجزيرة للقهوة,Afandi,AFANDI TURKISH.COFFEE 200G,2026,78601.73707499982
Hot Beverages,Coffee,Ground Coffee & Beans,Turkish Coffee, شركة دلة الجزيرة للقهوة,Afandi,AFANDI TURKSH.COFFE CARMON200G,2026,74583.92427299991
Hot Beverages,Coffee,Ground Coffee & Beans,Saudi Coffee, شركة دلة الجزيرة للقهوة,Dallat,DALLAT ALJAZRA COFE CARMON 30G,2025,139652.84599999984
Hot Beverages,Coffee,Ground Coffee & Beans,Saudi Coffee, شركة دلة الجزيرة للقهوة,Dallat,DALLAT ALJAZRA COFE CARMON 30G,2026,122707.98432299982
Hot Beverages,Coffee,Ground Coffee & Beans,Saudi Coffee, شركة دلة الجزيرة للقهوة,Dallat,DALLAT ALJAZRA COFE SAFRON 30G,2025,11626.121
Hot Beverages,Coffee,Ground Coffee & Beans,Saudi Coffee, شركة دلة الجزيرة للقهوة,Dallat,DALLAT ALJAZRA COFE SAFRON 30G,2026,76001.64270099979
Hot Beverages,Coffee,Ground Coffee & Beans,Saudi Coffee, شركة ذوق للتجارة,Thouq,THOUQ ARABIC COFFEE 250G,2025,266697.71699999995
Hot Beverages,Coffee,Ground Coffee & Beans,Saudi Coffee, شركة ذوق للتجارة,Thouq,THOUQ ARABIC COFFEE 250G,2026,247766.35647900036
Hot Beverages,Coffee,Ground Coffee & Beans,Saudi Coffee, شركة ذوق للتجارة,Thouq,THOUQ ARABIC COFFEE 500G,2025,30920.153999999937
Hot Beverages,Coffee,Ground Coffee & Beans,Saudi Coffee, شركة ذوق للتجارة,Thouq,THOUQ ARABIC COFFEE 500G .,2025,234433.51799999995
Hot Beverages,Coffee,Ground Coffee & Beans,Saudi Coffee, شركة ذوق للتجارة,Thouq,THOUQ ARABIC COFFEE 500G .,2026,178495.06199100008
Hot Beverages,Coffee,Ground Coffee & Beans,Saudi Coffee, شركة ذوق للتجارة,Thouq,THOUQ CARDMOM SAUD COFFEE 30G,2025,397.9200000000001
Hot Beverages,Coffee,Ground Coffee & Beans,Saudi Coffee, شركة ذوق للتجارة,Thouq,THOUQ CARDMOM SAUD COFFEE 30G,2026,78371.12427999976
Hot Beverages,Coffee,Ground Coffee & Beans,Saudi Coffee, شركة ذوق للتجارة,Thouq,THOUQ SAFFRON SAUDI COFFEE 30G,2025,466.50000000000017
Hot Beverages,Coffee,Ground Coffee & Beans,Saudi Coffee, شركة ذوق للتجارة,Thouq,THOUQ SAFFRON SAUDI COFFEE 30G,2026,62939.93028500008
Hot Beverages,Coffee,Ground Coffee & Beans,Saudi Coffee, شركة ذوق للتجارة,Thouq,THOUQ SAUDI COFFEE CLOVES 500G,2026,18755.139721999993
Hot Beverages,Coffee,Ground Coffee & Beans,Saudi Coffee, شركة ذوق للتجارة,Thouq,THOUQ SAUDI MILD COFFEE 500G,2025,40814.83100000005
Hot Beverages,Coffee,Ground Coffee & Beans,Saudi Coffee, شركة ذوق للتجارة,Thouq,THOUQ SAUDI MILD COFFEE 500G,2026,142711.98094599985
Hot Beverages,Coffee,Ground Coffee & Beans,Saudi Coffee, شركة ذوق للتجارة,Thouq,THOUQ SAUDI MILD COFFEE 950G,2025,11133.230000000007
Hot Beverages,Coffee,Ground Coffee & Beans,Saudi Coffee, شركة ذوق للتجارة,Thouq,THOUQ SAUDI MILD COFFEE 950G,2026,86210.28657300002
Hot Beverages,Coffee,Ground Coffee & Beans,Saudi Coffee, شركة سنابل المتحدة للتجارة,Roast,ROAST MAESTRO ARB.C.BLOND 250G,2025,1239.7599999999998
Hot Beverages,Coffee,Ground Coffee & Beans,Saudi Coffee, شركة سنابل المتحدة للتجارة,Roast,ROAST MAESTRO ARB.C.GLDEN 250G,2025,1171.0900000000001
Hot Beverages,Coffee,Ground Coffee & Beans,Saudi Coffee, شركة سنابل المتحدة للتجارة,Roast,ROAST MAESTRO ARB.C.GLDEN 250G,2026,158.2
Hot Beverages,Coffee,Ground Coffee & Beans,Saudi Coffee, شركة سنابل المتحدة للتجارة,Roast,ROAST MAESTRO ARB.MED.COF 250G,2025,285660.47400000005
Hot Beverages,Coffee,Ground Coffee & Beans,Saudi Coffee, شركة سنابل المتحدة للتجارة,Roast,ROAST MAESTRO ARB.MED.COF 250G,2026,296322.29073200026
Hot Beverages,Coffee,Ground Coffee & Beans,Turkish Coffee, شركة سنابل المتحدة للتجارة,Roast,ROAST MAESTRO TURKISH DRK 250G,2025,199863.31299999988
Hot Beverages,Coffee,Ground Coffee & Beans,Turkish Coffee, شركة سنابل المتحدة للتجارة,Roast,ROAST MAESTRO TURKISH DRK 250G,2026,170475.64954100002
Hot Beverages,Coffee,Ground Coffee & Beans,Turkish Coffee, شركة سنابل المتحدة للتجارة,Roast,ROAST MAESTRO TURKISH MED.250G,2025,346701.1819999997
Hot Beverages,Coffee,Ground Coffee & Beans,Turkish Coffee, شركة سنابل المتحدة للتجارة,Roast,ROAST MAESTRO TURKISH MED.250G,2026,244049.33544399988
Hot Beverages,Coffee,Ground Coffee & Beans,Saudi Coffee, شركة شاي الصمان للتجارة,Alsuman,ALSUMAN ARABC COFFE CARDMOM30G,2025,249.03000000000003
Hot Beverages,Coffee,Ground Coffee & Beans,Saudi Coffee, شركة شاي الصمان للتجارة,Alsuman,ALSUMAN ARABC COFFE CARDMOM30G,2026,29.347825
Hot Beverages,Coffee,Ground Coffee & Beans,Saudi Coffee, شركة شاي الصمان للتجارة,Alsuman,ALSUMAN ARABC COFFE SAFFRON30G,2025,323.78000000000003
Hot Beverages,Coffee,Ground Coffee & Beans,Saudi Coffee, شركة شاي الصمان للتجارة,Alsuman,ALSUMAN ARABC COFFE SAFFRON30G,2026,40.43478
Hot Beverages,Coffee,Ground Coffee & Beans,Saudi Coffee, شركة عصام قباني وشركاه للتموين والتجارة,Meliha,MELIHA CAFE BAR CREMA INTENSE ARABICA 250G,2026,15631.147966999997
Hot Beverages,Coffee,Ground Coffee & Beans,Turkish Coffee, شركة فائق الخير لتجارة الاغذية,Abu Auf,ABU AUF C.MEDM W/CARDAMOM 200G,2025,96230.00299999992
Hot Beverages,Coffee,Ground Coffee & Beans,Turkish Coffee, شركة فائق الخير لتجارة الاغذية,Abu Auf,ABU AUF C.MEDM W/CARDAMOM 200G,2026,9363.043190999993
Hot Beverages,Coffee,Ground Coffee & Beans,Turkish Coffee, شركة فائق الخير لتجارة الاغذية,Abu Auf,ABU AUF COFFE PLAIN ROAST 200G,2025,69419.402
Hot Beverages,Coffee,Ground Coffee & Beans,Classic Roast, شركة فائق الخير لتجارة الاغذية,Abu Auf,ABU AUF COFFE PLAIN ROAST 200G,2026,814.1304200000001
Hot Beverages,Coffee,Ground Coffee & Beans,Turkish Coffee, شركة فائق الخير لتجارة الاغذية,Abu Auf,ABU AUF COFFE PLAIN ROAST 200G,2026,3256.5216689999993
Hot Beverages,Coffee,Ground Coffee & Beans,Turkish Coffee, شركة فائق الخير لتجارة الاغذية,Abu Auf,ABU AUF COFFE W.CARDAMMOM 200G,2025,91503.56099999999
Hot Beverages,Coffee,Ground Coffee & Beans,Turkish Coffee, شركة فائق الخير لتجارة الاغذية,Abu Auf,ABU AUF COFFE W.CARDAMMOM 200G,2026,4796.956373999997
Hot Beverages,Coffee,Ground Coffee & Beans,Turkish Coffee, شركة فائق الخير لتجارة الاغذية,Abu Auf,ABU AUF COFFEE PLAIN MEDU 200G,2025,31470.023999999976
Hot Beverages,Coffee,Ground Coffee & Beans,Turkish Coffee, شركة فائق الخير لتجارة الاغذية,Abu Auf,ABU AUF COFFEE PLAIN MEDU 200G,2026,2312.8520980000003
Hot Beverages,Coffee,Ground Coffee & Beans,American Coffee, شركة فائق الخير لتجارة الاغذية,Abu Auf,ABU AUF FILTERED AMERICAN 200G,2025,84223.36499999999
Hot Beverages,Coffee,Ground Coffee & Beans,American Coffee, شركة فائق الخير لتجارة الاغذية,Abu Auf,ABU AUF FILTERED AMERICAN 200G,2026,28175.190463999978
Hot Beverages,Coffee,Ground Coffee & Beans,French Roast, شركة فائق الخير لتجارة الاغذية,Abu Auf,ABU AUF FRENCH COFE W/MLK 200G,2025,34644.59900000003
Hot Beverages,Coffee,Ground Coffee & Beans,French Roast, شركة فائق الخير لتجارة الاغذية,Abu Auf,ABU AUF FRENCH COFE W/MLK 200G,2026,7692.34758899999
Hot Beverages,Coffee,Ground Coffee & Beans,Classic Roast, شركة قمة الماركات العربية للتجارة,Legend,LEGEND DRIP COFFEE AMERICANO 10G,2026,41.739128
Hot Beverages,Coffee,Ground Coffee & Beans,Classic Roast, شركة قمة الماركات العربية للتجارة,Legend,LEGEND DRIP COFFEE VIETNAMESE BLND 10G,2026,114.78260500000002
Hot Beverages,Coffee,Ground Coffee & Beans,Coffee Mixed, شركة مجموعة جياد القصيم المتحدة للتجارة,Alqassim,ALQASSIM COFFEE MIX 125G,2025,283211.51000000036
Hot Beverages,Coffee,Ground Coffee & Beans,Coffee Mixed, شركة مجموعة جياد القصيم المتحدة للتجارة,Alqassim,ALQASSIM COFFEE MIX 125G,2026,259172.7356780006
Hot Beverages,Coffee,Ground Coffee & Beans,Coffee Mixed, شركة مجموعة جياد القصيم المتحدة للتجارة,Alqassim,ALQASSIM COFFEE MIXE 250G,2025,359482.1730000001
Hot Beverages,Coffee,Ground Coffee & Beans,Coffee Mixed, شركة مجموعة جياد القصيم المتحدة للتجارة,Alqassim,ALQASSIM COFFEE MIXE 250G,2026,285110.41635900026
Hot Beverages,Coffee,Ground Coffee & Beans,Coffee Mixed, شركة مجموعة جياد القصيم المتحدة للتجارة,Alqassim,ALQASSIM COFFEE MIXE 500G,2025,312569.815999999
Hot Beverages,Coffee,Ground Coffee & Beans,Coffee Mixed, شركة مجموعة جياد القصيم المتحدة للتجارة,Alqassim,ALQASSIM COFFEE MIXE 500G,2026,293528.3801420007
Hot Beverages,Coffee,Ground Coffee & Beans,Saudi Coffee, شركة نستله العربية السعودية,Nescafe,NESCAFE ARABIANA SAFFRON 3G,2025,68756.90900000007
Hot Beverages,Coffee,Ground Coffee & Beans,Saudi Coffee, شركة نستله العربية السعودية,Nescafe,NESCAFE ARABIANA SAFFRON 3G,2026,68191.37198000001
Hot Beverages,Coffee,Ground Coffee & Beans,Saudi Coffee, شركة نستله العربية السعودية,Nescafe,NESCAFE ARABIC W/CARDAMOM 3G,2025,223164.48000000045
Hot Beverages,Coffee,Ground Coffee & Beans,Saudi Coffee, شركة نستله العربية السعودية,Nescafe,NESCAFE ARABIC W/CARDAMOM 3G,2026,183288.48974300045
Hot Beverages,Coffee,Ground Coffee & Beans,Saudi Coffee, شركة نستله العربية السعودية,Nescafe,NESCAFE SAUDI W/CARDAMOM 30G,2025,45097.54000000003
Hot Beverages,Coffee,Ground Coffee & Beans,Saudi Coffee, شركة نستله العربية السعودية,Nescafe,NESCAFE SAUDI W/CARDAMOM 30G,2026,70063.01616499979
Hot Beverages,Coffee,Ground Coffee & Beans,Turkish Coffee, شركة وسام فطايرجي التجارية,Najjar,NAJJAR CLASIC COFE W/HAIL 200G,2025,147190.16699999987
Hot Beverages,Coffee,Ground Coffee & Beans,Turkish Coffee, شركة وسام فطايرجي التجارية,Najjar,NAJJAR CLASIC COFE W/HAIL 200G,2026,212536.1834470005
Hot Beverages,Coffee,Ground Coffee & Beans,Turkish Coffee, شركة وسام فطايرجي التجارية,Najjar,NAJJAR CLASSIC COFFEE 200G,2025,162820.63899999988
Hot Beverages,Coffee,Ground Coffee & Beans,Turkish Coffee, شركة وسام فطايرجي التجارية,Najjar,NAJJAR CLASSIC COFFEE 200G,2026,229257.37372200046
Hot Beverages,Coffee,Ground Coffee & Beans,Turkish Coffee, شركة وسام فطايرجي التجارية,Najjar,NAJJAR COFFEE CLASSIC 450G,2025,172004.03299999962
Hot Beverages,Coffee,Ground Coffee & Beans,Turkish Coffee, شركة وسام فطايرجي التجارية,Najjar,NAJJAR COFFEE CLASSIC 450G,2026,185760.5571579997
Hot Beverages,Coffee,Ground Coffee & Beans,Turkish Coffee, شركة وسام فطايرجي التجارية,Najjar,NAJJAR COFFEE W/CARDAMOM 450G,2025,164302.39899999983
Hot Beverages,Coffee,Ground Coffee & Beans,Turkish Coffee, شركة وسام فطايرجي التجارية,Najjar,NAJJAR COFFEE W/CARDAMOM 450G,2026,192923.67045799966
Hot Beverages,Coffee,Ground Coffee & Beans,Saudi Coffee, مصنع شركة قهوة بيشة الاصلي للتعبئة والتغليف,Alchiouch,AL-CHIOUCH ARABIC COFFEE 500G,2025,176747.49
Hot Beverages,Coffee,Ground Coffee & Beans,Saudi Coffee, مصنع شركة قهوة بيشة الاصلي للتعبئة والتغليف,Alchiouch,AL-CHIOUCH ARABIC COFFEE 500G,2026,226848.0140690006
Hot Beverages,Coffee,Ground Coffee & Beans,Saudi Coffee, مصنع شركة قهوة بيشة الاصلي للتعبئة والتغليف,Bisha,BISHA GAWA ARABIC COFFEE 1000G,2026,34.782608
Hot Beverages,Coffee,Ground Coffee & Beans,Saudi Coffee, مصنع شركة قهوة بيشة الاصلي للتعبئة والتغليف,Bisha,BISHA GAWA ARABIC COFFEE 500G,2025,262582.4439999998
Hot Beverages,Coffee,Ground Coffee & Beans,Saudi Coffee, مصنع شركة قهوة بيشة الاصلي للتعبئة والتغليف,Bisha,BISHA GAWA ARABIC COFFEE 500G,2026,340881.2235770005
Hot Beverages,Coffee,Ground Coffee & Beans,Saudi Coffee, مصنع شركة قهوة بيشة الاصلي للتعبئة والتغليف,Bisha,BISHA INSTANT SAUDI COFFE 300G,2026,100
Hot Beverages,Coffee,Ground Coffee & Beans,Turkish Coffee, مؤسسة خبراء التوزيع التجارية,Alameed,ALAMEED C.DARK W.CARDAMOM 250G,2025,53364.36000000006
Hot Beverages,Coffee,Ground Coffee & Beans,Turkish Coffee, مؤسسة خبراء التوزيع التجارية,Alameed,ALAMEED C.DARK W.CARDAMOM 250G,2026,9858.747695999999
Hot Beverages,Coffee,Ground Coffee & Beans,Turkish Coffee, مؤسسة خبراء التوزيع التجارية,Alameed,ALAMEED C.LIGH W.CARDAMOM 250G,2025,123346.61700000006
Hot Beverages,Coffee,Ground Coffee & Beans,Turkish Coffee, مؤسسة خبراء التوزيع التجارية,Alameed,ALAMEED C.LIGH W.CARDAMOM 250G,2026,60286.042748
Hot Beverages,Coffee,Ground Coffee & Beans,Turkish Coffee, مؤسسة خبراء التوزيع التجارية,Alameed,ALAMEED C.MEDM W.CARDAMOM 250G,2025,182863.8859999996
Hot Beverages,Coffee,Ground Coffee & Beans,Turkish Coffee, مؤسسة خبراء التوزيع التجارية,Alameed,ALAMEED C.MEDM W.CARDAMOM 250G,2026,99450.61610299993
Hot Beverages,Coffee,Ground Coffee & Beans,Turkish Coffee, مؤسسة خبراء التوزيع التجارية,Alameed,ALAMEED C.MEDM W/OUT CARD.250G,2025,160360.23799999995
Hot Beverages,Coffee,Ground Coffee & Beans,Turkish Coffee, مؤسسة خبراء التوزيع التجارية,Alameed,ALAMEED C.MEDM W/OUT CARD.250G,2026,68074.138257
Hot Beverages,Coffee,Ground Coffee & Beans,Saudi Coffee, مؤسسة خبراء التوزيع التجارية,Dallat,DALLAT ARABS A.COFE CARMON 30G,2026,5.208695
Hot Beverages,Coffee,Ground Coffee & Beans,Saudi Coffee, مؤسسة عبدالعزيز علي ابراهيم الحميضي للتجارة,Alasala,AL ASLA ARBIC R.MDE COFEE 500G,2025,213900.65999999983
Hot Beverages,Coffee,Ground Coffee & Beans,Saudi Coffee, مؤسسة عبدالعزيز علي ابراهيم الحميضي للتجارة,Alasala,AL ASLA ARBIC R.MDE COFEE 500G,2026,180272.54460600033
Hot Beverages,Coffee,Ground Coffee & Beans,Saudi Coffee, مؤسسة قهوة الريم التجارية,Alreem,ALREEM ARABIC COFFEE 250G,2025,22625.242999999973
Hot Beverages,Coffee,Ground Coffee & Beans,Saudi Coffee, مؤسسة قهوة الريم التجارية,Alreem,ALREEM ARABIC COFFEE 250G,2026,16348.026288999992
Hot Beverages,Cocoa & Hot Chocolate,Hot Chocolate Mixes,Malt Based Mix, شركة أحمد محمد عبدالوهاب ناغي واولادة(الناغي),Horlicks,HORLICKS DRINKS 500G,2025,108009.99800000011
Hot Beverages,Cocoa & Hot Chocolate,Hot Chocolate Mixes,Malt Based Mix, شركة أحمد محمد عبدالوهاب ناغي واولادة(الناغي),Horlicks,HORLICKS DRINKS 500G,2026,67036.51252800006
Hot Beverages,Cocoa & Hot Chocolate,Hot Chocolate Mixes,Chocolate Mixes, شركة نستله العربية السعودية,Nesquik,NESQUIK CHOCO POWDER 1KG,2026,112.173913
Hot Beverages,Cocoa & Hot Chocolate,Hot Chocolate Mixes,Chocolate Mixes, شركة نستله العربية السعودية,Nesquik,NESQUIK CHOCO POWDER 500G,2025,52405.215999999964
Hot Beverages,Cocoa & Hot Chocolate,Hot Chocolate Mixes,Chocolate Mixes, شركة نستله العربية السعودية,Nesquik,NESQUIK CHOCO POWDER 500G.,2025,704624.4910000009
Hot Beverages,Cocoa & Hot Chocolate,Hot Chocolate Mixes,Chocolate Mixes, شركة نستله العربية السعودية,Nesquik,NESQUIK CHOCO POWDER 500G.,2026,540535.3800689994
Hot Beverages,Cocoa & Hot Chocolate,Hot Chocolate Mixes,Chocolate Mixes, شركة نستله العربية السعودية,Nesquik,NESQUIK SWTND COCOA POWDR 300G,2025,479378.9379999991
Hot Beverages,Cocoa & Hot Chocolate,Hot Chocolate Mixes,Chocolate Mixes, شركة نستله العربية السعودية,Nesquik,NESQUIK SWTND COCOA POWDR 300G,2026,505573.36062199826
Hot Beverages,Cocoa & Hot Chocolate,Hot Chocolate Mixes,Chocolate Mixes, مؤسسة قطاف الغذاء التجارية,Choquik,CHOQUIK CHOCOLATE DRINK 12G,2025,35447.61600000001
Hot Beverages,Cocoa & Hot Chocolate,Hot Chocolate Mixes,Chocolate Mixes, مؤسسة قطاف الغذاء التجارية,Choquik,CHOQUIK CHOCOLATE DRINK 12G,2026,15079.260227000012
Hot Beverages,Cocoa & Hot Chocolate,Hot Chocolate Mixes,Chocolate Mixes, مؤسسة قطاف الغذاء التجارية,Choquik,CHOQUIK CHOCOLTE DRINK BAG200G,2025,26324.599999999933
Hot Beverages,Cocoa & Hot Chocolate,Hot Chocolate Mixes,Chocolate Mixes, مؤسسة قطاف الغذاء التجارية,Choquik,CHOQUIK CHOCOLTE DRINK BAG200G,2026,14792.608606000013
Hot Beverages,Cocoa & Hot Chocolate,Hot Chocolate Mixes,Chocolate Mixes, مؤسسة قطاف الغذاء التجارية,Choquik,CHOQUIK CHOCOLTE DRINK TIN200G,2025,29094.555999999957
Hot Beverages,Cocoa & Hot Chocolate,Hot Chocolate Mixes,Chocolate Mixes, مؤسسة قطاف الغذاء التجارية,Choquik,CHOQUIK CHOCOLTE DRINK TIN200G,2026,19208.912087999986
Hot Beverages,Coffee,Instant Coffee & Sachets,Cappuccino Coffee Mixes, شركة  الخير للتجارة المحدودة,Bunna,BUNNA CAPPUCCINA NO ADDED SUGAR 15G,2026,6058.095445000003
Hot Beverages,Coffee,Instant Coffee & Sachets,2 In 1 Coffee Mixes, شركة  الخير للتجارة المحدودة,Bunna,BUNNA CLAS.COFEE 2in1 BAGS 12G,2025,13698.419000000009
Hot Beverages,Coffee,Instant Coffee & Sachets,2 In 1 Coffee Mixes, شركة  الخير للتجارة المحدودة,Bunna,BUNNA CLAS.COFEE 2in1 BAGS 12G,2026,62647.53729900006
Hot Beverages,Coffee,Instant Coffee & Sachets,3 In 1 Coffee Mixes, شركة  الخير للتجارة المحدودة,Bunna,BUNNA CLAS.COFEE 3in1 BAGS 12G,2025,12771.24399999999
Hot Beverages,Coffee,Instant Coffee & Sachets,3 In 1 Coffee Mixes, شركة  الخير للتجارة المحدودة,Bunna,BUNNA CLAS.COFEE 3in1 BAGS 12G,2026,92501.02471200007
Hot Beverages,Coffee,Instant Coffee & Sachets,2 In 1 Coffee Mixes, شركة أبار واولاده الغذائية المحدودة,Alicafe,ALICAFE BLACK GOLD COFFEE 2.5G,2026,8.608694
Hot Beverages,Coffee,Instant Coffee & Sachets,Cappuccino Coffee Mixes, شركة أبار واولاده الغذائية المحدودة,Alicafe,ALICAFE CAPUCINO W/CHOCO P.13G,2026,23.086954000000002
Hot Beverages,Coffee,Instant Coffee & Sachets,3 In 1 Coffee Mixes, شركة أبار واولاده الغذائية المحدودة,Alicafe,ALICAFE CLASIC 3n1 20G 30+10FR,2025,929529.2899999997
Hot Beverages,Coffee,Instant Coffee & Sachets,3 In 1 Coffee Mixes, شركة أبار واولاده الغذائية المحدودة,Alicafe,ALICAFE CLASIC 3n1 20G 30+10FR,2026,17361.252349000013
Hot Beverages,Coffee,Instant Coffee & Sachets,3 In 1 Coffee Mixes, شركة أبار واولاده الغذائية المحدودة,Alicafe,ALICAFE CLASSC 3n1 C.20G 30'S,2025,7109.980000000004
Hot Beverages,Coffee,Instant Coffee & Sachets,3 In 1 Coffee Mixes, شركة أبار واولاده الغذائية المحدودة,Alicafe,ALICAFE CLASSIC 3n1 COFFEE 20G,2025,2694.290000000001
Hot Beverages,Coffee,Instant Coffee & Sachets,3 In 1 Coffee Mixes, شركة أبار واولاده الغذائية المحدودة,Alicafe,ALICAFE CLASSIC 3n1 COFFEE 20G,2026,231.30433099999996
Hot Beverages,Coffee,Instant Coffee & Sachets,2 In 1 Coffee Mixes, شركة أبار واولاده الغذائية المحدودة,Alicafe,ALICAFE CLASSIC COFFEE 2n1 12G,2025,21139.719999999958
Hot Beverages,Coffee,Instant Coffee & Sachets,2 In 1 Coffee Mixes, شركة أبار واولاده الغذائية المحدودة,Alicafe,ALICAFE CLASSIC COFFEE 2n1 12G,2026,913.886851
Hot Beverages,Coffee,Instant Coffee & Sachets,3 In 1 Coffee Mixes, شركة أبار واولاده الغذائية المحدودة,Alicafe,ALICAFE FRENCH RO.3n1 25G 22+2,2026,27.817391
Hot Beverages,Coffee,Instant Coffee & Sachets,3 In 1 Coffee Mixes, شركة أبار واولاده الغذائية المحدودة,Alicafe,ALICAFE FRENCH ROAST 3n1 22G,2025,34.99
Hot Beverages,Coffee,Instant Coffee & Sachets,3 In 1 Coffee Mixes, شركة أبار واولاده الغذائية المحدودة,Alicafe,ALICAFE FRENCH ROAST 3n1 22G,2026,57.826083999999994
Hot Beverages,Coffee,Instant Coffee & Sachets,3 In 1 Coffee Mixes, شركة أبار واولاده الغذائية المحدودة,Alicafe,ALICAFE FRENCH ROAST3n1 30x22G,2025,59850.56299999998
Hot Beverages,Coffee,Instant Coffee & Sachets,3 In 1 Coffee Mixes, شركة أبار واولاده الغذائية المحدودة,Alicafe,ALICAFE FRENCH ROAST3n1 30x22G,2026,4355.217341000003
Hot Beverages,Coffee,Instant Coffee & Sachets,3 In 1 Coffee Mixes, شركة أبار واولاده الغذائية المحدودة,Alicafe,ALICAFE FRNC ROAST3n1 22G 30+2,2025,98352.87500000004
Hot Beverages,Coffee,Instant Coffee & Sachets,3 In 1 Coffee Mixes, شركة أبار واولاده الغذائية المحدودة,Alicafe,ALICAFE FRNC ROAST3n1 22G 30+2,2026,3644.478227999999
Hot Beverages,Coffee,Instant Coffee & Sachets,3 In 1 Coffee Mixes, شركة أبار واولاده الغذائية المحدودة,Alicafe,ALICAFE ITALIAN ROAS.3N1 16.5G,2025,115288.00599999982
Hot Beverages,Coffee,Instant Coffee & Sachets,3 In 1 Coffee Mixes, شركة أبار واولاده الغذائية المحدودة,Alicafe,ALICAFE ITALIAN ROAS.3N1 16.5G,2026,11079.825685000002
Hot Beverages,Coffee,Instant Coffee & Sachets,Classic Coffee, شركة الرياض للصناعات الغذائية,Zidnee,ZIDNEE CLASSIC COFFEE 200G,2025,243.07999999999998
Hot Beverages,Coffee,Instant Coffee & Sachets,Classic Coffee, شركة الرياض للصناعات الغذائية,Zidnee,ZIDNEE CLASSIC COFFEE 200G,2026,0
Hot Beverages,Coffee,Instant Coffee & Sachets,Classic Coffee, شركة الرياض للصناعات الغذائية,Zidnee,ZIDNEE CLASSIC COFFEE 50G,2025,2454.2400000000007
Hot Beverages,Coffee,Instant Coffee & Sachets,3 In 1 Coffee Mixes, شركة العوجان للمرطبات,Alicafe,ALICAFE CLASIC 3n1 20G 30+10FR,2026,346.31305
Hot Beverages,Coffee,Instant Coffee & Sachets,3 In 1 Coffee Mixes, شركة العوجان للمرطبات,Alicafe,ALICAFE CLASIC 3n1 20G 30+5FR,2026,16603.538667
Hot Beverages,Coffee,Instant Coffee & Sachets,3 In 1 Coffee Mixes, شركة العوجان للمرطبات,Alicafe,ALICAFE CLASSIC 3n1 COFFEE 20G,2026,1238.2259780000004
Hot Beverages,Coffee,Instant Coffee & Sachets,2 In 1 Coffee Mixes, شركة العوجان للمرطبات,Alicafe,ALICAFE CLASSIC COFFEE 2n1 12G,2026,1185.1477709999997
Hot Beverages,Coffee,Instant Coffee & Sachets,3 In 1 Coffee Mixes, شركة العوجان للمرطبات,Alicafe,ALICAFE FRNC ROAST3n1 22G 30+2,2026,44.782608
Hot Beverages,Coffee,Instant Coffee & Sachets,3 In 1 Coffee Mixes, شركة العوجان للمرطبات,Alicafe,ALICAFE ITALIAN ROAS.3N1 16.5G,2026,7259.547565000004
Hot Beverages,Coffee,Instant Coffee & Sachets,3 In 1 Coffee Mixes, شركة القهوة المختصة المبتكرة,Kafy,KAFY COFFEE BAGE CLASSIC 12G..,2026,30119.312699
Hot Beverages,Coffee,Instant Coffee & Sachets,3 In 1 Coffee Mixes, شركة القهوة المختصة المبتكرة,Kafy,KAFY COFFEE BAHS BLEND 12G.,2026,27110.799663000016
Hot Beverages,Coffee,Instant Coffee & Sachets,3 In 1 Coffee Mixes, شركة المتوسط المتحدة التجارية,Nice,NICE DAY INSTA.CAPUCION 20x25G,2026,45.2
Hot Beverages,Coffee,Instant Coffee & Sachets,3 In 1 Coffee Mixes, شركة باجة للصناعات الغذائية,Baja,BAJA 3N1 INSTANT COFFEE 20G,2025,72466.44600000029
Hot Beverages,Coffee,Instant Coffee & Sachets,3 In 1 Coffee Mixes, شركة باجة للصناعات الغذائية,Baja,BAJA 3N1 INSTANT COFFEE 20G,2026,33330.46708999998
Hot Beverages,Coffee,Instant Coffee & Sachets,Classic Coffee, شركة باجة للصناعات الغذائية,Baja,BAJA CLASSIC COFFEE 100G,2025,30247.094999999983
Hot Beverages,Coffee,Instant Coffee & Sachets,Classic Coffee, شركة باجة للصناعات الغذائية,Baja,BAJA CLASSIC COFFEE 100G,2026,33406.88665600002
Hot Beverages,Coffee,Instant Coffee & Sachets,Classic Coffee, شركة باجة للصناعات الغذائية,Baja,BAJA CLASSIC COFFEE 200G,2025,185944.45900000003
Hot Beverages,Coffee,Instant Coffee & Sachets,Classic Coffee, شركة باجة للصناعات الغذائية,Baja,BAJA CLASSIC COFFEE 200G,2026,40870.62670499997
Hot Beverages,Coffee,Instant Coffee & Sachets,Classic Coffee, شركة باجة للصناعات الغذائية,Baja,BAJA CLASSIC COFFEE 50G,2025,27743.480999999996
Hot Beverages,Coffee,Instant Coffee & Sachets,Classic Coffee, شركة باجة للصناعات الغذائية,Baja,BAJA CLASSIC COFFEE 50G,2026,29732.26094100001
Hot Beverages,Coffee,Instant Coffee & Sachets,Blend Instant Coffee, شركة باجة للصناعات الغذائية,Baja,BAJA CLASSIC COFFEE MILD 100G,2025,31237.558000000085
Hot Beverages,Coffee,Instant Coffee & Sachets,Blend Instant Coffee, شركة باجة للصناعات الغذائية,Baja,BAJA CLASSIC COFFEE MILD 100G,2026,28200.739128999983
Hot Beverages,Coffee,Instant Coffee & Sachets,Classic Coffee, شركة باجة للصناعات الغذائية,Baja,BAJA CLASSIC COFFEE MILD 100G,2026,3252.156412999999
Hot Beverages,Coffee,Instant Coffee & Sachets,Blend Instant Coffee, شركة باجة للصناعات الغذائية,Baja,BAJA CLASSIC COFFEE MILD 200G,2025,38542.13199999996
Hot Beverages,Coffee,Instant Coffee & Sachets,Blend Instant Coffee, شركة باجة للصناعات الغذائية,Baja,BAJA CLASSIC COFFEE MILD 200G,2026,24383.478002000007
Hot Beverages,Coffee,Instant Coffee & Sachets,Classic Coffee, شركة باجة للصناعات الغذائية,Baja,BAJA CLASSIC COFFEE MILD 200G,2026,1681.7477729999996
Hot Beverages,Coffee,Instant Coffee & Sachets,Blend Instant Coffee, شركة باجة للصناعات الغذائية,Baja,BAJA CLASSIC COFFEE MILD 50G,2025,969.7019999999995
Hot Beverages,Coffee,Instant Coffee & Sachets,Blend Instant Coffee, شركة باجة للصناعات الغذائية,Baja,BAJA CLASSIC COFFEE MILD 50G,2026,19076.417222000022
Hot Beverages,Coffee,Instant Coffee & Sachets,Classic Coffee, شركة باجة للصناعات الغذائية,Baja,BAJA CLASSIC COFFEE MILD 50G,2026,3043.4694649999974
Hot Beverages,Coffee,Instant Coffee & Sachets,Blend Instant Coffee, شركة باجة للصناعات الغذائية,Baja,BAJA GOLD COFFEE ARABICA 100G,2025,30327.630999999983
Hot Beverages,Coffee,Instant Coffee & Sachets,Blend Instant Coffee, شركة باجة للصناعات الغذائية,Baja,BAJA GOLD COFFEE ARABICA 100G,2026,50157.86019800005
Hot Beverages,Coffee,Instant Coffee & Sachets,Blend Instant Coffee, شركة باجة للصناعات الغذائية,Baja,BAJA GOLD COFFEE ARABICA 200G,2025,125321.43600000018
Hot Beverages,Coffee,Instant Coffee & Sachets,Blend Instant Coffee, شركة باجة للصناعات الغذائية,Baja,BAJA GOLD COFFEE ARABICA 200G,2026,39195.99161999997
Hot Beverages,Coffee,Instant Coffee & Sachets,Blend Instant Coffee, شركة باجة للصناعات الغذائية,Baja,BAJA GOLD COFFEE ROBUSTA 100G,2025,22687.066000000064
Hot Beverages,Coffee,Instant Coffee & Sachets,Blend Instant Coffee, شركة باجة للصناعات الغذائية,Baja,BAJA GOLD COFFEE ROBUSTA 100G,2026,43062.19847199995
Hot Beverages,Coffee,Instant Coffee & Sachets,Classic Coffee, شركة باجة للصناعات الغذائية,Baja,BAJA GOLD COFFEE ROBUSTA 100G,2026,9848.156178999992
Hot Beverages,Coffee,Instant Coffee & Sachets,Blend Instant Coffee, شركة باجة للصناعات الغذائية,Baja,BAJA GOLD COFFEE ROBUSTA 200G,2025,3136.604
Hot Beverages,Coffee,Instant Coffee & Sachets,Blend Instant Coffee, شركة باجة للصناعات الغذائية,Baja,BAJA GOLD COFFEE ROBUSTA 200G,2026,32651.826579999975
Hot Beverages,Coffee,Instant Coffee & Sachets,Classic Coffee, شركة باجة للصناعات الغذائية,Baja,BAJA GOLD COFFEE ROBUSTA 200G,2026,3238.65222
Hot Beverages,Coffee,Instant Coffee & Sachets,Iced Coffee Mixes, شركة باسمح للتوزيع التجاري,Cofique,COFIQUE ICED COFE HAZELNUT 24G,2025,131981.4150000005
Hot Beverages,Coffee,Instant Coffee & Sachets,Iced Coffee Mixes, شركة باسمح للتوزيع التجاري,Cofique,COFIQUE ICED COFE HAZELNUT 24G,2026,135703.5689840002
Hot Beverages,Coffee,Instant Coffee & Sachets,Iced Coffee Mixes, شركة باسمح للتوزيع التجاري,Cofique,COFIQUE ICED COFE ORIGINAL 24G,2025,162597.77100000036
Hot Beverages,Coffee,Instant Coffee & Sachets,Iced Coffee Mixes, شركة باسمح للتوزيع التجاري,Cofique,COFIQUE ICED COFE ORIGINAL 24G,2026,138198.1091470004
Hot Beverages,Coffee,Instant Coffee & Sachets,Iced Coffee Mixes, شركة باسمح للتوزيع التجاري,Cofique,COFIQUE ICED COFFE CARAMEL 24G,2025,168542.50700000027
Hot Beverages,Coffee,Instant Coffee & Sachets,Iced Coffee Mixes, شركة باسمح للتوزيع التجاري,Cofique,COFIQUE ICED COFFE CARAMEL 24G,2026,150311.72522000017
Hot Beverages,Coffee,Instant Coffee & Sachets,Iced Coffee Mixes, شركة باسمح للتوزيع التجاري,Cofique,COFIQUE ICED COFFE MOCHA 24G,2025,140730.15000000034
Hot Beverages,Coffee,Instant Coffee & Sachets,Iced Coffee Mixes, شركة باسمح للتوزيع التجاري,Cofique,COFIQUE ICED COFFE MOCHA 24G,2026,139444.30811300006
Hot Beverages,Coffee,Instant Coffee & Sachets,Iced Coffee Mixes, شركة باسمح للتوزيع التجاري,Cofique,COFIQUE ICED COFFEE CARAMEL 6.5G,2026,15566.539351
Hot Beverages,Coffee,Instant Coffee & Sachets,Latte Coffee Mixes, شركة باسمح للتوزيع التجاري,Cofique,COFIQUE ICED COFFEE CARAMEL 6.5G,2026,9954.365366000016
Hot Beverages,Coffee,Instant Coffee & Sachets,Iced Coffee Mixes, شركة باسمح للتوزيع التجاري,Cofique,COFIQUE ICED COFFEE ORIGINAL 6.5G,2026,12892.487130000003
Hot Beverages,Coffee,Instant Coffee & Sachets,Latte Coffee Mixes, شركة باسمح للتوزيع التجاري,Cofique,COFIQUE ICED COFFEE ORIGINAL 6.5G,2026,7705.530553999995
Hot Beverages,Coffee,Instant Coffee & Sachets,Iced Coffee Mixes, شركة باسمح للتوزيع التجاري,Cofique,COFIQUE ICED COFFEE WHITE MOCHA DOUBLE SHOT 6.5G,2026,7341.808794999995
Hot Beverages,Coffee,Instant Coffee & Sachets,Latte Coffee Mixes, شركة باسمح للتوزيع التجاري,Cofique,COFIQUE LAT.COF.FRNCH VANL 24G,2025,99323.21600000023
Hot Beverages,Coffee,Instant Coffee & Sachets,Latte Coffee Mixes, شركة باسمح للتوزيع التجاري,Cofique,COFIQUE LAT.COF.FRNCH VANL 24G,2026,8288.756209
Hot Beverages,Coffee,Instant Coffee & Sachets,Latte Coffee Mixes, شركة باسمح للتوزيع التجاري,Cofique,COFIQUE LATTE COF.MOCHA 24G,2025,448.25
Hot Beverages,Coffee,Instant Coffee & Sachets,Latte Coffee Mixes, شركة باسمح للتوزيع التجاري,Cofique,COFIQUE LATTE COF.MOCHA 24G,2026,50.173908000000004
Hot Beverages,Coffee,Instant Coffee & Sachets,Iced Coffee Mixes, شركة باسمح للتوزيع التجاري,Cofique,COFIQUE PRIVE COFE COLOMBIA12G,2025,103747.658
Hot Beverages,Coffee,Instant Coffee & Sachets,Iced Coffee Mixes, شركة باسمح للتوزيع التجاري,Cofique,COFIQUE PRIVE COFE COLOMBIA12G,2026,102223.0248100003
Hot Beverages,Coffee,Instant Coffee & Sachets,Iced Coffee Mixes, شركة باسمح للتوزيع التجاري,Cofique,COFIQUE PRIVE COFE ETHIOPIA12G,2025,110494.84899999991
Hot Beverages,Coffee,Instant Coffee & Sachets,Iced Coffee Mixes, شركة باسمح للتوزيع التجاري,Cofique,COFIQUE PRIVE COFE ETHIOPIA12G,2026,99939.23352200036
Hot Beverages,Coffee,Instant Coffee & Sachets,Iced Coffee Mixes, شركة باسمح للتوزيع التجاري,Cofique,COFIQUE PRIVE COFEE C.RICA 12G,2025,89237.854
Hot Beverages,Coffee,Instant Coffee & Sachets,Iced Coffee Mixes, شركة باسمح للتوزيع التجاري,Cofique,COFIQUE PRIVE COFEE C.RICA 12G,2026,136991.6067949997
Hot Beverages,Coffee,Instant Coffee & Sachets,Iced Coffee Mixes, شركة باسمح للتوزيع التجاري,Cofique,COFIQUE PRIVE SPECIALTY COFFEE CUBA 12G,2026,67958.54561499988
Hot Beverages,Coffee,Instant Coffee & Sachets,Iced Coffee Mixes, شركة باسمح للتوزيع التجاري,Cofique,COFIQUE PRIVE SPECIALTY COFFEE NICARAGUA 12G,2026,67845.64101899994
Hot Beverages,Coffee,Instant Coffee & Sachets,Classic Coffee, شركة باسمح للتوزيع التجاري,TIM HORTONS,TIM HORTONS MEDIUM ROAST 200G,2026,10278.869492000002
Hot Beverages,Coffee,Instant Coffee & Sachets,3 In 1 Coffee Mixes, شركة سعيد باوزير التجارية,Good day,GOOD DAY 3N1 HAZELNUT COFF 20G,2025,990.7799999999999
Hot Beverages,Coffee,Instant Coffee & Sachets,3 In 1 Coffee Mixes, شركة سعيد باوزير التجارية,Good day,GOOD DAY 3N1 HAZELNUT COFF 20G,2026,93087.2951810001
Hot Beverages,Coffee,Instant Coffee & Sachets,3 In 1 Coffee Mixes, شركة سعيد باوزير التجارية,Good day,GOOD DAY 3N1 MOCACINNO COF 20G,2025,1532.1800000000014
Hot Beverages,Coffee,Instant Coffee & Sachets,3 In 1 Coffee Mixes, شركة سعيد باوزير التجارية,Good day,GOOD DAY 3N1 MOCACINNO COF 20G,2026,94045.34598700027
Hot Beverages,Coffee,Instant Coffee & Sachets,3 In 1 Coffee Mixes, شركة سعيد باوزير التجارية,Good day,GOOD DAY 3N1 ORIGINAL COFE 20G,2025,1481.9000000000005
Hot Beverages,Coffee,Instant Coffee & Sachets,3 In 1 Coffee Mixes, شركة سعيد باوزير التجارية,Good day,GOOD DAY 3N1 ORIGINAL COFE 20G,2026,85881.65027300018
Hot Beverages,Coffee,Instant Coffee & Sachets,3 In 1 Coffee Mixes, شركة سعيد باوزير التجارية,Good day,GOOD DAY CAPPUCCINO COFFEE 25G,2025,7797.960000000008
Hot Beverages,Coffee,Instant Coffee & Sachets,3 In 1 Coffee Mixes, شركة سعيد باوزير التجارية,Good day,GOOD DAY CAPPUCCINO COFFEE 25G,2026,168737.57896800013
Hot Beverages,Coffee,Instant Coffee & Sachets,Cappuccino Coffee Mixes, شركة سعيد باوزير التجارية,Good day,GOOD DAY CAPPUCCINO COFFEE 25G,2026,115889.97024599998
Hot Beverages,Coffee,Instant Coffee & Sachets,2 In 1 Coffee Mixes, شركة سعيد باوزير التجارية,Good day,GOOD DAY NO.SUGR CAPC.COFF 13G,2025,6968.270000000008
Hot Beverages,Coffee,Instant Coffee & Sachets,2 In 1 Coffee Mixes, شركة سعيد باوزير التجارية,Good day,GOOD DAY NO.SUGR CAPC.COFF 13G,2026,62075.98114600003
Hot Beverages,Coffee,Instant Coffee & Sachets,Cappuccino Coffee Mixes, شركة سعيد باوزير التجارية,Good day,GOOD DAY NO.SUGR CAPC.COFF 13G,2026,91603.71952300005
Hot Beverages,Coffee,Instant Coffee & Sachets,Blend Instant Coffee, شركة سعيد محمد عبيد بن زقر وشركاه المحدودة,Maxwel,MAXWEL HOUS INTENSE B.CFE 190G,2026,2058.4521690000006
Hot Beverages,Coffee,Instant Coffee & Sachets,Blend Instant Coffee, شركة سعيد محمد عبيد بن زقر وشركاه المحدودة,Maxwel,MAXWEL HOUS INTENSE B.COFE 95G,2026,9559.408856000004
Hot Beverages,Coffee,Instant Coffee & Sachets,Blend Instant Coffee, شركة سعيد محمد عبيد بن زقر وشركاه المحدودة,Maxwel,MAXWEL HOUS RICH BLND CFE 190G,2026,1237.878257
Hot Beverages,Coffee,Instant Coffee & Sachets,Blend Instant Coffee, شركة سعيد محمد عبيد بن زقر وشركاه المحدودة,Maxwel,MAXWEL HOUS RICH BLND COFE 95G,2026,9856.713026999996
Hot Beverages,Coffee,Instant Coffee & Sachets,Blend Instant Coffee, شركة سعيد محمد عبيد بن زقر وشركاه المحدودة,Maxwel,MAXWEL HOUS.SMTH BLND CF.47.5G,2026,2826.8174189999995
Hot Beverages,Coffee,Instant Coffee & Sachets,Blend Instant Coffee, شركة سعيد محمد عبيد بن زقر وشركاه المحدودة,Maxwel,MAXWEL HOUS.SMTH BLND CFE 190G,2026,1027.504344
Hot Beverages,Coffee,Instant Coffee & Sachets,Blend Instant Coffee, شركة سعيد محمد عبيد بن زقر وشركاه المحدودة,Maxwel,MAXWEL HOUSE SMTH BLND CFE 95G,2026,3568.1999350000015
Hot Beverages,Coffee,Instant Coffee & Sachets,2 In 1 Coffee Mixes, شركة سنابل المتحدة للتجارة,Kopiko,KOPIKO 2N1 BLANCA COFFEE 10G,2025,34930.07999999997
Hot Beverages,Coffee,Instant Coffee & Sachets,2 In 1 Coffee Mixes, شركة سنابل المتحدة للتجارة,Kopiko,KOPIKO 2N1 BLANCA COFFEE 10G,2026,57419.29648699996
Hot Beverages,Coffee,Instant Coffee & Sachets,2 In 1 Coffee Mixes, شركة سنابل المتحدة للتجارة,Kopiko,KOPIKO 2N1 BROWN COFFEE 10G.,2025,2884.5800000000013
Hot Beverages,Coffee,Instant Coffee & Sachets,2 In 1 Coffee Mixes, شركة سنابل المتحدة للتجارة,Kopiko,KOPIKO 2N1 BROWN COFFEE 10G.,2026,61925.59411699994
Hot Beverages,Coffee,Instant Coffee & Sachets,2 In 1 Coffee Mixes, شركة سنابل المتحدة للتجارة,Kopiko,KOPIKO BLACK 2N1 COFFEE 10G,2025,11154.610000000004
Hot Beverages,Coffee,Instant Coffee & Sachets,2 In 1 Coffee Mixes, شركة سنابل المتحدة للتجارة,Kopiko,KOPIKO BLACK 2N1 COFFEE 10G,2026,28530.343044999976
Hot Beverages,Coffee,Instant Coffee & Sachets,3 In 1 Coffee Mixes, شركة سنابل المتحدة للتجارة,Kopiko,KOPIKO BLACK 3N1 COFFEE 25G,2025,72941.34100000001
Hot Beverages,Coffee,Instant Coffee & Sachets,3 In 1 Coffee Mixes, شركة سنابل المتحدة للتجارة,Kopiko,KOPIKO BLACK 3N1 COFFEE 25G,2026,105967.60438399998
Hot Beverages,Coffee,Instant Coffee & Sachets,Specialty Instant Coffee, شركة سنابل المتحدة للتجارة,Kopiko,KOPIKO BLANCA CREMY COFFEE 30G,2025,165578.3789999996
Hot Beverages,Coffee,Instant Coffee & Sachets,Specialty Instant Coffee, شركة سنابل المتحدة للتجارة,Kopiko,KOPIKO BLANCA CREMY COFFEE 30G,2026,152040.0027489997
Hot Beverages,Coffee,Instant Coffee & Sachets,Blend Instant Coffee, شركة سنابل المتحدة للتجارة,Kopiko,KOPIKO BROWN COFFEE 27.5G,2025,153796.46199999965
Hot Beverages,Coffee,Instant Coffee & Sachets,Blend Instant Coffee, شركة سنابل المتحدة للتجارة,Kopiko,KOPIKO BROWN COFFEE 27.5G,2026,181150.7501299993
Hot Beverages,Coffee,Instant Coffee & Sachets,Classic Coffee, شركة سنابل المتحدة للتجارة,Roast,ROAST MAESTRO CLOMBI CAPSLE57G,2025,18493.20099999997
Hot Beverages,Coffee,Instant Coffee & Sachets,Classic Coffee, شركة سنابل المتحدة للتجارة,Roast,ROAST MAESTRO CLOMBI CAPSLE57G,2026,58998.999377999884
Hot Beverages,Coffee,Instant Coffee & Sachets,Classic Coffee, شركة سنابل المتحدة للتجارة,Roast,ROAST MAESTRO COLD BREW CAP57G,2025,12896.30899999999
Hot Beverages,Coffee,Instant Coffee & Sachets,Classic Coffee, شركة سنابل المتحدة للتجارة,Roast,ROAST MAESTRO COLD BREW CAP57G,2026,51438.33859199993
Hot Beverages,Coffee,Instant Coffee & Sachets,Classic Coffee, شركة سنابل المتحدة للتجارة,Roast,ROAST MAESTRO ETHOPI CAPSLE57G,2025,24791.499999999953
Hot Beverages,Coffee,Instant Coffee & Sachets,Classic Coffee, شركة سنابل المتحدة للتجارة,Roast,ROAST MAESTRO ETHOPI CAPSLE57G,2026,65413.63461199978
Hot Beverages,Coffee,Instant Coffee & Sachets,Classic Coffee, شركة سنابل المتحدة للتجارة,Roast,ROAST MAESTRO LADY.CAPSULE 57G,2025,12712.955999999987
Hot Beverages,Coffee,Instant Coffee & Sachets,Classic Coffee, شركة سنابل المتحدة للتجارة,Roast,ROAST MAESTRO LADY.CAPSULE 57G,2026,45402.52128499995
Hot Beverages,Coffee,Instant Coffee & Sachets,Classic Coffee, شركة سنابل المتحدة للتجارة,Roast,ROAST MAESTRO RWANDA CAPSLE57G,2025,16266.893999999978
Hot Beverages,Coffee,Instant Coffee & Sachets,Classic Coffee, شركة سنابل المتحدة للتجارة,Roast,ROAST MAESTRO RWANDA CAPSLE57G,2026,59409.2602589999
Hot Beverages,Coffee,Instant Coffee & Sachets,Classic Coffee, شركة سنابل المتحدة للتجارة,Roast,ROAST MAESTRO UGANDA CAPSUL57G,2025,20050.000999999975
Hot Beverages,Coffee,Instant Coffee & Sachets,Classic Coffee, شركة سنابل المتحدة للتجارة,Roast,ROAST MAESTRO UGANDA CAPSUL57G,2026,54113.64344199985
Hot Beverages,Coffee,Instant Coffee & Sachets,Cappuccino Coffee Mixes, شركة سنابل المتحدة للتجارة,Tora,TORA BIKA CAPPUCCINO 25G,2025,252924.64299999975
Hot Beverages,Coffee,Instant Coffee & Sachets,Cappuccino Coffee Mixes, شركة سنابل المتحدة للتجارة,Tora,TORA BIKA CAPPUCCINO 25G,2026,405353.09147200064
Hot Beverages,Coffee,Instant Coffee & Sachets,Cappuccino Coffee Mixes, شركة سنابل المتحدة للتجارة,Tora,TORA BIKA CAPUCNO W/CHOCO12.5G,2025,186709.22700000042
Hot Beverages,Coffee,Instant Coffee & Sachets,Cappuccino Coffee Mixes, شركة سنابل المتحدة للتجارة,Tora,TORA BIKA CAPUCNO W/CHOCO12.5G,2026,140651.32588700007
Hot Beverages,Coffee,Instant Coffee & Sachets,Latte Coffee Mixes, شركة سنابل المتحدة للتجارة,Tora,TORA BIKA CARAMELO LATTE 25G.,2026,717.678237
Hot Beverages,Coffee,Instant Coffee & Sachets,Espresso Coffee Mixes, شركة سنابل المتحدة للتجارة,Tora,TORA BIKA MACHIATO ESPRESO 24G,2026,246.286947
Hot Beverages,Coffee,Instant Coffee & Sachets,Espresso Coffee Mixes, شركة عصام قباني وشركاه للتموين والتجارة,Meliha,MELIHA CAFE BAR SELECTION ESPRESSO PREMIUM BLEND 250G,2026,20330.60888699999
Hot Beverages,Coffee,Instant Coffee & Sachets,Classic Coffee, شركة عصام قباني وشركاه للتموين والتجارة,Meliha,MELIHA GOLD COFFEE 100G,2026,48475.964222
Hot Beverages,Coffee,Instant Coffee & Sachets,Classic Coffee, شركة عصام قباني وشركاه للتموين والتجارة,Meliha,MELIHA GOLD COFFEE 200G,2026,43041.756411999995
Hot Beverages,Coffee,Instant Coffee & Sachets,Classic Coffee, شركة عصام قباني وشركاه للتموين والتجارة,Meliha,MELIHA ORIGINAL COFFEE 100G,2026,29880.887289000002
Hot Beverages,Coffee,Instant Coffee & Sachets,Classic Coffee, شركة عصام قباني وشركاه للتموين والتجارة,Meliha,MELIHA ORIGINAL COFFEE 200G,2026,17023.652061000015
Hot Beverages,Coffee,Instant Coffee & Sachets,Classic Coffee, شركة فائق الخير لتجارة الاغذية,Abu Auf,ABU AUF COFFEE PLAIN MEDU 200G,2026,230.86955700000001
Hot Beverages,Coffee,Instant Coffee & Sachets,Classic Coffee, شركة نستله العربية السعودية,Nescafe, NESCAFE COFFEE SUNRISE 190G,2026,82948.65189200011
Hot Beverages,Coffee,Instant Coffee & Sachets,3 In 1 Coffee Mixes, شركة نستله العربية السعودية,Nescafe,NESCAFE 3in1 BAG.20G.30+10'S.F,2025,520144.16599999974
Hot Beverages,Coffee,Instant Coffee & Sachets,3 In 1 Coffee Mixes, شركة نستله العربية السعودية,Nescafe,NESCAFE 3in1 BAG.20G.30+10'S.F,2026,1718.4695740000002
Hot Beverages,Coffee,Instant Coffee & Sachets,3 In 1 Coffee Mixes, شركة نستله العربية السعودية,Nescafe,NESCAFE 3in1 BAGS 20G 30+5'S F,2025,1448643.872000001
Hot Beverages,Coffee,Instant Coffee & Sachets,3 In 1 Coffee Mixes, شركة نستله العربية السعودية,Nescafe,NESCAFE 3in1 BAGS 20G 30+5'S F,2026,1821449.134255001
Hot Beverages,Coffee,Instant Coffee & Sachets,3 In 1 Coffee Mixes, شركة نستله العربية السعودية,Nescafe,NESCAFE 3in1 FINGER 20G 24+4'S,2025,72.041
Hot Beverages,Coffee,Instant Coffee & Sachets,3 In 1 Coffee Mixes, شركة نستله العربية السعودية,Nescafe,NESCAFE 3in1 FINGER 20G 24+4'S,2026,209.513045
Hot Beverages,Coffee,Instant Coffee & Sachets,Cappuccino Coffee Mixes, شركة نستله العربية السعودية,Nescafe,NESCAFE CAPPUCCINO 19.3G,2025,1596146.9759999989
Hot Beverages,Coffee,Instant Coffee & Sachets,Cappuccino Coffee Mixes, شركة نستله العربية السعودية,Nescafe,NESCAFE CAPPUCCINO 19.3G,2026,1361621.9582450038
Hot Beverages,Coffee,Instant Coffee & Sachets,Cappuccino Coffee Mixes, شركة نستله العربية السعودية,Nescafe,NESCAFE CAPUNO G.VANILA 18.5G,2025,159122.72900000022
Hot Beverages,Coffee,Instant Coffee & Sachets,Cappuccino Coffee Mixes, شركة نستله العربية السعودية,Nescafe,NESCAFE CAPUNO G.VANILA 18.5G,2026,120337.58764500037
Hot Beverages,Coffee,Instant Coffee & Sachets,Cappuccino Coffee Mixes, شركة نستله العربية السعودية,Nescafe,NESCAFE CAPUNO GOLD LATE 18G,2025,124634.58099999989
Hot Beverages,Coffee,Instant Coffee & Sachets,Cappuccino Coffee Mixes, شركة نستله العربية السعودية,Nescafe,NESCAFE CAPUNO GOLD LATE 18G,2026,120219.76892100033
Hot Beverages,Coffee,Instant Coffee & Sachets,Cappuccino Coffee Mixes, شركة نستله العربية السعودية,Nescafe,NESCAFE CHOC MOCHA CAPCNO 23G,2025,116541.81400000016
Hot Beverages,Coffee,Instant Coffee & Sachets,Cappuccino Coffee Mixes, شركة نستله العربية السعودية,Nescafe,NESCAFE CHOC MOCHA CAPCNO 23G,2026,123771.55289700023
Hot Beverages,Coffee,Instant Coffee & Sachets,Iced Coffee Mixes, شركة نستله العربية السعودية,Nescafe,NESCAFE COF.3in1 CLASC ICE 20G,2025,10285.250999999998
Hot Beverages,Coffee,Instant Coffee & Sachets,Iced Coffee Mixes, شركة نستله العربية السعودية,Nescafe,NESCAFE COF.3in1 CLASC ICE 20G,2026,116.94781800000001
Hot Beverages,Coffee,Instant Coffee & Sachets,Specialty Instant Coffee, شركة نستله العربية السعودية,Nescafe,NESCAFE COFE GLAS RED.MUG47.5G,2025,338306.82000000053
Hot Beverages,Coffee,Instant Coffee & Sachets,Specialty Instant Coffee, شركة نستله العربية السعودية,Nescafe,NESCAFE COFE GLAS RED.MUG47.5G,2026,398024.0790969997
Hot Beverages,Coffee,Instant Coffee & Sachets,2 In 1 Coffee Mixes, شركة نستله العربية السعودية,Nescafe,NESCAFE COFE.2n1 S.FRE20x11.7G,2025,78981.35999999999
Hot Beverages,Coffee,Instant Coffee & Sachets,2 In 1 Coffee Mixes, شركة نستله العربية السعودية,Nescafe,NESCAFE COFE.2n1 S.FRE20x11.7G,2026,73017.72911600019
Hot Beverages,Coffee,Instant Coffee & Sachets,2 In 1 Coffee Mixes, شركة نستله العربية السعودية,Nescafe,NESCAFE COFF CLAS 2n1 S.F11.7G,2025,1151859.634999998
Hot Beverages,Coffee,Instant Coffee & Sachets,2 In 1 Coffee Mixes, شركة نستله العربية السعودية,Nescafe,NESCAFE COFF CLAS 2n1 S.F11.7G,2026,1317090.3336100026
Hot Beverages,Coffee,Instant Coffee & Sachets,Specialty Instant Coffee, شركة نستله العربية السعودية,Nescafe,NESCAFE COFFE GLAS RED MUG190G,2025,1291018.177
Hot Beverages,Coffee,Instant Coffee & Sachets,Specialty Instant Coffee, شركة نستله العربية السعودية,Nescafe,NESCAFE COFFE GLAS RED MUG190G,2026,1493069.769488005
Hot Beverages,Coffee,Instant Coffee & Sachets,Specialty Instant Coffee, شركة نستله العربية السعودية,Nescafe,NESCAFE COFFE GLAS RED MUG95G,2025,328238.7100000002
Hot Beverages,Coffee,Instant Coffee & Sachets,Specialty Instant Coffee, شركة نستله العربية السعودية,Nescafe,NESCAFE COFFE GLAS RED MUG95G,2026,133999.6294470006
Hot Beverages,Coffee,Instant Coffee & Sachets,3 In 1 Coffee Mixes, شركة نستله العربية السعودية,Nescafe,NESCAFE COFFEE 3in1 BAGS 20G,2025,1733511.1280000005
Hot Beverages,Coffee,Instant Coffee & Sachets,3 In 1 Coffee Mixes, شركة نستله العربية السعودية,Nescafe,NESCAFE COFFEE 3in1 BAGS 20G,2026,1626851.508378001
Hot Beverages,Coffee,Instant Coffee & Sachets,3 In 1 Coffee Mixes, شركة نستله العربية السعودية,Nescafe,NESCAFE COFFEE 3in1 FINGER 20G,2025,1379073.4890000012
Hot Beverages,Coffee,Instant Coffee & Sachets,3 In 1 Coffee Mixes, شركة نستله العربية السعودية,Nescafe,NESCAFE COFFEE 3in1 FINGER 20G,2026,1564894.5388490008
Hot Beverages,Coffee,Instant Coffee & Sachets,Classic Coffee, شركة نستله العربية السعودية,Nescafe,NESCAFE COFFEE CLASSIC 190G,2025,4855017.195999993
Hot Beverages,Coffee,Instant Coffee & Sachets,Classic Coffee, شركة نستله العربية السعودية,Nescafe,NESCAFE COFFEE CLASSIC 190G,2026,3545929.0151410014
Hot Beverages,Coffee,Instant Coffee & Sachets,Classic Coffee, شركة نستله العربية السعودية,Nescafe,NESCAFE COFFEE CLASSIC 190G+GF,2025,316938.8809999998
Hot Beverages,Coffee,Instant Coffee & Sachets,Classic Coffee, شركة نستله العربية السعودية,Nescafe,NESCAFE COFFEE CLASSIC 190G+GF,2026,1420779.3518389966
Hot Beverages,Coffee,Instant Coffee & Sachets,Classic Coffee, شركة نستله العربية السعودية,Nescafe,NESCAFE COFFEE CLASSIC 47.5G,2025,654593.6499999997
Hot Beverages,Coffee,Instant Coffee & Sachets,Classic Coffee, شركة نستله العربية السعودية,Nescafe,NESCAFE COFFEE CLASSIC 47.5G,2026,635504.0912440021
Hot Beverages,Coffee,Instant Coffee & Sachets,Classic Coffee, شركة نستله العربية السعودية,Nescafe,NESCAFE COFFEE CLASSIC 95G,2025,630014.3200000013
Hot Beverages,Coffee,Instant Coffee & Sachets,Classic Coffee, شركة نستله العربية السعودية,Nescafe,NESCAFE COFFEE CLASSIC 95G,2026,882968.3601889993
Hot Beverages,Coffee,Instant Coffee & Sachets,Classic Coffee, شركة نستله العربية السعودية,Nescafe,NESCAFE COFFEE CLASSIC RFL210G,2025,429201.1459999999
Hot Beverages,Coffee,Instant Coffee & Sachets,Classic Coffee, شركة نستله العربية السعودية,Nescafe,NESCAFE COFFEE CLASSIC RFL210G,2026,154181.007914
Hot Beverages,Coffee,Instant Coffee & Sachets,Cappuccino Coffee Mixes, شركة نستله العربية السعودية,Nescafe,NESCAFE G.CAPUNO UNSWEET 14.2G,2025,592596.589999999
Hot Beverages,Coffee,Instant Coffee & Sachets,Cappuccino Coffee Mixes, شركة نستله العربية السعودية,Nescafe,NESCAFE G.CAPUNO UNSWEET 14.2G,2026,2457.5912899999994
Hot Beverages,Coffee,Instant Coffee & Sachets,Blend Instant Coffee, شركة نستله العربية السعودية,Nescafe,NESCAFE GLD CO.LIGHT ROAST 95G,2025,4623.81
Hot Beverages,Coffee,Instant Coffee & Sachets,Blend Instant Coffee, شركة نستله العربية السعودية,Nescafe,NESCAFE GOLD BLEND 190G,2025,1277463.8950000026
Hot Beverages,Coffee,Instant Coffee & Sachets,Blend Instant Coffee, شركة نستله العربية السعودية,Nescafe,NESCAFE GOLD BLEND 190G,2026,1229323.9800129991
Hot Beverages,Coffee,Instant Coffee & Sachets,Blend Instant Coffee, شركة نستله العربية السعودية,Nescafe,NESCAFE GOLD BLEND 47.5G,2025,391650.30999999994
Hot Beverages,Coffee,Instant Coffee & Sachets,Blend Instant Coffee, شركة نستله العربية السعودية,Nescafe,NESCAFE GOLD BLEND 47.5G,2026,357526.62775099906
Hot Beverages,Coffee,Instant Coffee & Sachets,Blend Instant Coffee, شركة نستله العربية السعودية,Nescafe,NESCAFE GOLD BLEND 95G,2025,1038555.8059999982
Hot Beverages,Coffee,Instant Coffee & Sachets,Blend Instant Coffee, شركة نستله العربية السعودية,Nescafe,NESCAFE GOLD BLEND 95G,2026,1285655.8425010021
Hot Beverages,Coffee,Instant Coffee & Sachets,Cappuccino Coffee Mixes, شركة نستله العربية السعودية,Nescafe,NESCAFE GOLD CAPPUCCINO 15.5G,2025,350309.20400000026
Hot Beverages,Coffee,Instant Coffee & Sachets,Cappuccino Coffee Mixes, شركة نستله العربية السعودية,Nescafe,NESCAFE GOLD CAPPUCCINO 15.5G,2026,276367.7164849995
Hot Beverages,Coffee,Instant Coffee & Sachets,Blend Instant Coffee, شركة نستله العربية السعودية,Nescafe,NESCAFE GOLD CO.DARK ROAST 95G,2025,1354.8600000000001
Hot Beverages,Coffee,Instant Coffee & Sachets,Classic Coffee, شركة نستله العربية السعودية,Nescafe,NESCAFE GOLD COFFEE REFIL 190G,2025,12528.239999999998
Hot Beverages,Coffee,Instant Coffee & Sachets,Classic Coffee, شركة نستله العربية السعودية,Nescafe,NESCAFE GOLD COFFEE REFIL 190G,2026,95902.45238099985
Hot Beverages,Coffee,Instant Coffee & Sachets,Classic Coffee, شركة نستله العربية السعودية,Nescafe,NESCAFE GOLD COFFEE REFILL 95G,2025,7633.689999999995
Hot Beverages,Coffee,Instant Coffee & Sachets,Classic Coffee, شركة نستله العربية السعودية,Nescafe,NESCAFE GOLD COFFEE REFILL 95G,2026,128434.90491000023
Hot Beverages,Coffee,Instant Coffee & Sachets,Blend Instant Coffee, شركة نستله العربية السعودية,Nescafe,NESCAFE GOLD DECAFEINATED 95G,2025,307918.98000000056
Hot Beverages,Coffee,Instant Coffee & Sachets,Blend Instant Coffee, شركة نستله العربية السعودية,Nescafe,NESCAFE GOLD DECAFEINATED 95G,2026,327901.6284840014
Hot Beverages,Coffee,Instant Coffee & Sachets,Iced Coffee Mixes, شركة نستله العربية السعودية,Nescafe,NESCAFE ICE SALTED CARAMEL 25G,2025,49524.68399999994
Hot Beverages,Coffee,Instant Coffee & Sachets,Iced Coffee Mixes, شركة نستله العربية السعودية,Nescafe,NESCAFE ICE SALTED CARAMEL 25G,2026,1901.2260889999998
Hot Beverages,Coffee,Instant Coffee & Sachets,3 In 1 Coffee Mixes, شركة نستله العربية السعودية,Nescafe,NESCAFE MY C.CREMY LATTE 22.4G,2025,343539.38899999973
Hot Beverages,Coffee,Instant Coffee & Sachets,3 In 1 Coffee Mixes, شركة نستله العربية السعودية,Nescafe,NESCAFE MY C.CREMY LATTE 22.4G,2026,302970.2119830001
Hot Beverages,Coffee,Instant Coffee & Sachets,4 In 1 Coffee Mixes, شركة نستله العربية السعودية,Nescafe,NESCAFE MY CUP 3in1.INTENSO20G,2025,278054.06500000006
Hot Beverages,Coffee,Instant Coffee & Sachets,3 In 1 Coffee Mixes, شركة نستله العربية السعودية,Nescafe,NESCAFE MY CUP 3in1.INTENSO20G,2026,249.895634
Hot Beverages,Coffee,Instant Coffee & Sachets,4 In 1 Coffee Mixes, شركة نستله العربية السعودية,Nescafe,NESCAFE MY CUP 3in1.INTENSO20G,2026,1738.252067
Hot Beverages,Coffee,Instant Coffee & Sachets,Mocha Coffee Mixes, شركة نستله العربية السعودية,Starbucks,STARBUCKS WHITE MOCHA 23G,2025,288.49
Hot Beverages,Coffee,Instant Coffee & Sachets,Blend Instant Coffee, مؤسسات سقالة التجارية,Davidoff,DAVIDOFF COFFEE ASIA 100G,2025,486.36
Hot Beverages,Coffee,Instant Coffee & Sachets,Specialty Instant Coffee, مؤسسات سقالة التجارية,Davidoff,DAVIDOFF COFFEE BRAZIL 90G,2025,43668.762
Hot Beverages,Coffee,Instant Coffee & Sachets,Specialty Instant Coffee, مؤسسات سقالة التجارية,Davidoff,DAVIDOFF COFFEE BRAZIL 90G,2026,142980.25296500008
Hot Beverages,Coffee,Instant Coffee & Sachets,Specialty Instant Coffee, مؤسسات سقالة التجارية,Davidoff,DAVIDOFF CREMA INTNSE COFE.90G,2025,300413.5140000001
Hot Beverages,Coffee,Instant Coffee & Sachets,Specialty Instant Coffee, مؤسسات سقالة التجارية,Davidoff,DAVIDOFF CREMA INTNSE COFE.90G,2026,452771.28269500047
Hot Beverages,Coffee,Instant Coffee & Sachets,Specialty Instant Coffee, مؤسسات سقالة التجارية,Davidoff,DAVIDOFF ESPRESSO57 CHCOLATE COFE. 45G,2026,52757.12200600013
Hot Beverages,Coffee,Instant Coffee & Sachets,Specialty Instant Coffee, مؤسسات سقالة التجارية,Davidoff,DAVIDOFF FINE AROMA CAFE 90G,2025,59017.02200000007
Hot Beverages,Coffee,Instant Coffee & Sachets,Specialty Instant Coffee, مؤسسات سقالة التجارية,Davidoff,DAVIDOFF FINE AROMA CAFE 90G.,2025,376680.953
Hot Beverages,Coffee,Instant Coffee & Sachets,Specialty Instant Coffee, مؤسسات سقالة التجارية,Davidoff,DAVIDOFF FINE AROMA CAFE 90G.,2026,487924.40111800097
Hot Beverages,Coffee,Instant Coffee & Sachets,Specialty Instant Coffee, مؤسسات سقالة التجارية,Davidoff,DAVIDOFF FINE AROWMA COFFEE. 45G,2026,52643.348073000125
Hot Beverages,Coffee,Instant Coffee & Sachets,Espresso Coffee Mixes, مؤسسات سقالة التجارية,Davidoff,DAVIDOFF LITE.EPRESO CAFE 100G,2025,390098.36899999995
Hot Beverages,Coffee,Instant Coffee & Sachets,Espresso Coffee Mixes, مؤسسات سقالة التجارية,Davidoff,DAVIDOFF LITE.EPRESO CAFE 100G,2026,446057.5818990003
Hot Beverages,Coffee,Instant Coffee & Sachets,Espresso Coffee Mixes, مؤسسات سقالة التجارية,Davidoff,DAVIDOFF LITE.EPRESO CAFE 90G,2026,64813.9131829999
Hot Beverages,Coffee,Instant Coffee & Sachets,Specialty Instant Coffee, مؤسسات سقالة التجارية,Davidoff,DAVIDOFF ORIGINS COFFEE COLOMBIA 90G,2026,173992.93969800032
Hot Beverages,Coffee,Instant Coffee & Sachets,Specialty Instant Coffee, مؤسسات سقالة التجارية,Davidoff,DAVIDOFF RICH AROMA CAFE 90G,2025,70695.99699999997
Hot Beverages,Coffee,Instant Coffee & Sachets,Specialty Instant Coffee, مؤسسات سقالة التجارية,Davidoff,DAVIDOFF RICH AROMA CAFE 90G.,2025,411683.0549999999
Hot Beverages,Coffee,Instant Coffee & Sachets,Specialty Instant Coffee, مؤسسات سقالة التجارية,Davidoff,DAVIDOFF RICH AROMA CAFE 90G.,2026,481014.098688001
Hot Beverages,Coffee,Instant Coffee & Sachets,Specialty Instant Coffee, مؤسسات سقالة التجارية,Davidoff,DAVIDOFF RICH AROWMA COFFEE. 45G,2026,47491.05246800014
Hot Beverages,Coffee,Instant Coffee & Sachets,Blend Instant Coffee, مؤسسات سقالة التجارية,Tchibo,TCHIBO COFE GLD SELECTION 200G,2025,393858.87899999984
Hot Beverages,Coffee,Instant Coffee & Sachets,Blend Instant Coffee, مؤسسات سقالة التجارية,Tchibo,TCHIBO COFE GLD SELECTION 200G,2026,293360.59280400025
Hot Beverages,Coffee,Instant Coffee & Sachets,Blend Instant Coffee, مؤسسات سقالة التجارية,Tchibo,TCHIBO COFE GOLD SELECTION 50G,2025,212896.7659999999
Hot Beverages,Coffee,Instant Coffee & Sachets,Blend Instant Coffee, مؤسسات سقالة التجارية,Tchibo,TCHIBO COFE GOLD SELECTION 50G,2026,209978.25833700056
Hot Beverages,Coffee,Instant Coffee & Sachets,Blend Instant Coffee, مؤسسات سقالة التجارية,Tchibo,TCHIBO COFE GOLD SLCTN 100G,2025,260247.56199999977
Hot Beverages,Coffee,Instant Coffee & Sachets,Blend Instant Coffee, مؤسسات سقالة التجارية,Tchibo,TCHIBO COFE GOLD SLCTN 100G,2026,216665.88250500005
Hot Beverages,Coffee,Instant Coffee & Sachets,Cappuccino Coffee Mixes, مؤسسة قطاف الغذاء التجارية,New Coffee,NEW COFFEE CAPPUCCINO 12.5G,2025,21174.663999999997
Hot Beverages,Coffee,Instant Coffee & Sachets,Cappuccino Coffee Mixes, مؤسسة قطاف الغذاء التجارية,New Coffee,NEW COFFEE CAPPUCCINO 12.5G,2026,15211.146563999982
Milk & Milk Alternatives,Concentrated Milk,Condensed Milk,Regular Condensed Milk, Dana Europe OU,Haley,HALEY CONDENSED MILK 380G,2025,1599.3799999999997
Milk & Milk Alternatives,Concentrated Milk,Condensed Milk,Regular Condensed Milk, الشركة الوطنية للصناعات الغذائية المحدودة,Luna,LUNA CONDENSED MILK 2x370G OS,2025,868937.3320000008
Milk & Milk Alternatives,Concentrated Milk,Condensed Milk,Regular Condensed Milk, الشركة الوطنية للصناعات الغذائية المحدودة,Luna,LUNA CONDENSED MILK 2x370G OS,2026,1034339.0765400007
Milk & Milk Alternatives,Concentrated Milk,Condensed Milk,Regular Condensed Milk, الشركة الوطنية للصناعات الغذائية المحدودة,Luna,LUNA CONDENSED MILK 370G,2025,889294.8389999998
Milk & Milk Alternatives,Concentrated Milk,Condensed Milk,Regular Condensed Milk, الشركة الوطنية للصناعات الغذائية المحدودة,Luna,LUNA CONDENSED MILK 370G,2026,1391575.3261480029
Milk & Milk Alternatives,Concentrated Milk,Condensed Milk,Regular Condensed Milk, شركة  الخير للتجارة المحدودة,Valita,VALITA HALA SWEETENED CONDENSED MILK 390G,2026,113674.62009499986
Milk & Milk Alternatives,Concentrated Milk,Condensed Milk,Regular Condensed Milk, شركة آرلا للأغذية المحدودة,Puck,PUCK SWEETENED CONDENSED MILK 397G,2026,11420
Milk & Milk Alternatives,Concentrated Milk,Condensed Milk,Regular Condensed Milk, شركة المراعي,Almarai,ALMARAI CONDENSED MILK 2x397G,2025,887145.7910000007
Milk & Milk Alternatives,Concentrated Milk,Condensed Milk,Regular Condensed Milk, شركة المراعي,Almarai,ALMARAI CONDENSED MILK 2x397G,2026,916940.7736799974
Milk & Milk Alternatives,Concentrated Milk,Condensed Milk,Regular Condensed Milk, شركة المراعي,Almarai,ALMARAI CONDENSED MILK 397G,2025,934232.077
Milk & Milk Alternatives,Concentrated Milk,Condensed Milk,Regular Condensed Milk, شركة المراعي,Almarai,ALMARAI CONDENSED MILK 397G,2026,934303.5994790025
Milk & Milk Alternatives,Concentrated Milk,Condensed Milk,Flavored Condensed Milk, شركة نستله العربية السعودية,Nestle,NESTLE CARAMEL CONDS.MILK 397G,2025,349104.01000000065
Milk & Milk Alternatives,Concentrated Milk,Condensed Milk,Flavored Condensed Milk, شركة نستله العربية السعودية,Nestle,NESTLE CARAMEL CONDS.MILK 397G,2026,257799.35943000054
Milk & Milk Alternatives,Concentrated Milk,Condensed Milk,Flavored Condensed Milk, شركة نستله العربية السعودية,Nestle,NESTLE CARAMEL CONDS.MILK 450G,2025,487036.2750000002
Milk & Milk Alternatives,Concentrated Milk,Condensed Milk,Flavored Condensed Milk, شركة نستله العربية السعودية,Nestle,NESTLE CARAMEL CONDS.MILK 450G,2026,706964.3695399972
Milk & Milk Alternatives,Concentrated Milk,Condensed Milk,Flavored Condensed Milk, شركة نستله العربية السعودية,Nestle,NESTLE CHOCO TOPING SQUEZ 450G,2025,182764.45299999992
Milk & Milk Alternatives,Concentrated Milk,Condensed Milk,Flavored Condensed Milk, شركة نستله العربية السعودية,Nestle,NESTLE CHOCO TOPING SQUEZ 450G,2026,119348.58176899953
Milk & Milk Alternatives,Concentrated Milk,Condensed Milk,Squeezable Condensed Milk, شركة نستله العربية السعودية,Nestle,NESTLE CHOCO TOPING SQUEZ 450G,2026,21738.043377999995
Milk & Milk Alternatives,Concentrated Milk,Condensed Milk,Regular Condensed Milk, شركة نستله العربية السعودية,Nestle,NESTLE CONDENSED MILK 370ML,2025,5541500.498000003
Milk & Milk Alternatives,Concentrated Milk,Condensed Milk,Regular Condensed Milk, شركة نستله العربية السعودية,Nestle,NESTLE CONDENSED MILK 370ML,2026,5354628.295610992
Milk & Milk Alternatives,Concentrated Milk,Condensed Milk,Regular Condensed Milk, شركة نستله العربية السعودية,Nestle,NESTLE CONDENSED MILK 90G,2025,298059.97000000003
Milk & Milk Alternatives,Concentrated Milk,Condensed Milk,Regular Condensed Milk, شركة نستله العربية السعودية,Nestle,NESTLE CONDENSED MILK 90G,2026,261569.72011599978
Milk & Milk Alternatives,Concentrated Milk,Condensed Milk,Flavored Condensed Milk, شركة نستله العربية السعودية,Nestle,NESTLE PISCH TOPING SQUEZ 450G,2025,231859.47700000048
Milk & Milk Alternatives,Concentrated Milk,Condensed Milk,Flavored Condensed Milk, شركة نستله العربية السعودية,Nestle,NESTLE PISCH TOPING SQUEZ 450G,2026,161153.8267849999
Milk & Milk Alternatives,Concentrated Milk,Condensed Milk,Squeezable Condensed Milk, شركة نستله العربية السعودية,Nestle,NESTLE PISCH TOPING SQUEZ 450G,2026,22024.33033199999
Milk & Milk Alternatives,Concentrated Milk,Condensed Milk,Squeezable Condensed Milk, شركة نستله العربية السعودية,Nestle,NESTLE SQUEZY CONDNSD MLK 450G,2025,808645.3190000004
Milk & Milk Alternatives,Concentrated Milk,Condensed Milk,Squeezable Condensed Milk, شركة نستله العربية السعودية,Nestle,NESTLE SQUEZY CONDNSD MLK 450G,2026,919502.0066149936
Milk & Milk Alternatives,Concentrated Milk,Condensed Milk,Sweetened Condensed Milk, مؤسسات سقالة التجارية,Rainbow,RAINBOW SWTND CONDNSD MLK 397G,2025,1523281.4830000012
Milk & Milk Alternatives,Concentrated Milk,Condensed Milk,Sweetened Condensed Milk, مؤسسات سقالة التجارية,Rainbow,RAINBOW SWTND CONDNSD MLK 397G,2026,1033186.6519930032
Milk & Milk Alternatives,Concentrated Milk,Condensed Milk,Sweetened Condensed Milk, مؤسسة وادي فاطمة لتجارة الاغذية,Wadi Fatma,WADI FATMA CONDENSED MILK 397G,2026,132664.72037899995
Milk & Milk Alternatives,Powdered Milk,Full Cream Powdered Milk,Powdered Milk Pouch, الشركة السعودية النيوزلندية لمنتجات الالبان المحدودة,Haley,HALEY MILK POWDER POUCH 1800G,2025,4254074.720000003
Milk & Milk Alternatives,Powdered Milk,Full Cream Powdered Milk,Powdered Milk Pouch, الشركة السعودية النيوزلندية لمنتجات الالبان المحدودة,Haley,HALEY MILK POWDER POUCH 1800G,2026,3573479.189951987
Milk & Milk Alternatives,Powdered Milk,Full Cream Powdered Milk,Powdered Milk Tin, الشركة السعودية النيوزلندية لمنتجات الالبان المحدودة,Haley,HALEY POWDER MILK 1800G,2025,6758196.839999998
Milk & Milk Alternatives,Powdered Milk,Full Cream Powdered Milk,Powdered Milk Tin, الشركة السعودية النيوزلندية لمنتجات الالبان المحدودة,Haley,HALEY POWDER MILK 1800G,2026,5206904.362741002
Milk & Milk Alternatives,Powdered Milk,Full Cream Powdered Milk,Powdered Milk Tin, الشركة السعودية النيوزلندية لمنتجات الالبان المحدودة,Haley,HALEY POWDER MILK 2500G,2025,10545718.399999935
Milk & Milk Alternatives,Powdered Milk,Full Cream Powdered Milk,Powdered Milk Tin, الشركة السعودية النيوزلندية لمنتجات الالبان المحدودة,Haley,HALEY POWDER MILK 2500G,2026,9437857.085819
Milk & Milk Alternatives,Powdered Milk,Full Cream Powdered Milk,Powdered Milk Tin, الشركة السعودية النيوزلندية لمنتجات الالبان المحدودة,Haley,HALEY POWDER MILK 400G,2025,1333589.5500000017
Milk & Milk Alternatives,Powdered Milk,Full Cream Powdered Milk,Powdered Milk Tin, الشركة السعودية النيوزلندية لمنتجات الالبان المحدودة,Haley,HALEY POWDER MILK 400G,2026,1334497.7957870048
Milk & Milk Alternatives,Powdered Milk,Full Cream Powdered Milk,Powdered Milk Tin, الشركة السعودية النيوزلندية لمنتجات الالبان المحدودة,Haley,HALEY POWDER MILK 900G,2025,2125106.869999997
Milk & Milk Alternatives,Powdered Milk,Full Cream Powdered Milk,Powdered Milk Tin, الشركة السعودية النيوزلندية لمنتجات الالبان المحدودة,Haley,HALEY POWDER MILK 900G,2026,2297026.221423
Milk & Milk Alternatives,Powdered Milk,Full Cream Powdered Milk,Powdered Milk Pouch, الشركة السعودية النيوزلندية لمنتجات الالبان المحدودة,Haley,HALEY POWDER MILK BAG 2250G,2025,5024918.649999996
Milk & Milk Alternatives,Powdered Milk,Full Cream Powdered Milk,Powdered Milk Pouch, الشركة السعودية النيوزلندية لمنتجات الالبان المحدودة,Haley,HALEY POWDER MILK BAG 2250G,2026,6046079.877320974
Milk & Milk Alternatives,Powdered Milk,Full Cream Powdered Milk,Powdered Milk Pouch, الشركة السعودية لمنتجات الالبان والأغذية,Saudia,SAUDIA F.CREAM PWDR MILK 2.25K,2026,3771.739102
Milk & Milk Alternatives,Powdered Milk,Full Cream Powdered Milk,Powdered Milk Tin, الشركة السعودية لمنتجات الالبان والأغذية,Saudia,SAUDIA POWDER MILK 1800G,2026,231814.12870800015
Milk & Milk Alternatives,Powdered Milk,Full Cream Powdered Milk,Powdered Milk Tin, الشركة السعودية لمنتجات الالبان والأغذية,Saudia,SAUDIA POWDER MILK 2500G,2026,229082.6069560003
Milk & Milk Alternatives,Powdered Milk,Full Cream Powdered Milk,Powdered Milk Tin, الشركة السعودية لمنتجات الالبان والأغذية,Saudia,SAUDIA POWDER MILK 900G,2026,166379.24039800008
Milk & Milk Alternatives,Powdered Milk,Full Cream Powdered Milk,Powdered Milk Tin, الشركة الوطنية للصناعات الغذائية المحدودة,Luna,LUNA POWDER MILK 2500G,2025,2069355.666
Milk & Milk Alternatives,Powdered Milk,Full Cream Powdered Milk,Powdered Milk Tin, الشركة الوطنية للصناعات الغذائية المحدودة,Luna,LUNA POWDER MILK 2500G,2026,1815449.600364999
Milk & Milk Alternatives,Powdered Milk,Full Cream Powdered Milk,Powdered Milk Pouch, الشركة الوطنية للصناعات الغذائية المحدودة,Luna,LUNA POWDER MILK BAG 900G,2025,136423.34400000016
Milk & Milk Alternatives,Powdered Milk,Full Cream Powdered Milk,Powdered Milk Pouch, الشركة الوطنية للصناعات الغذائية المحدودة,Luna,LUNA POWDER MILK BAG 900G,2026,196198.14195900035
Milk & Milk Alternatives,Powdered Milk,Full Cream Powdered Milk,Powdered Milk Tin, الشركة الوطنية للصناعات الغذائية المحدودة,Luna,LUNA POWDER MILK FORTFID 1800G,2025,1501894.4429999974
Milk & Milk Alternatives,Powdered Milk,Full Cream Powdered Milk,Powdered Milk Tin, الشركة الوطنية للصناعات الغذائية المحدودة,Luna,LUNA POWDER MILK FORTFID 1800G,2026,1628433.7228360067
Milk & Milk Alternatives,Powdered Milk,Full Cream Powdered Milk,Powdered Milk Pouch, الشركة الوطنية للصناعات الغذائية المحدودة,Luna,LUNA POWDER MILK FORTFIED2250G,2025,1147982.3530000006
Milk & Milk Alternatives,Powdered Milk,Full Cream Powdered Milk,Powdered Milk Pouch, الشركة الوطنية للصناعات الغذائية المحدودة,Luna,LUNA POWDER MILK FORTFIED2250G,2026,1549854.6067179956
Milk & Milk Alternatives,Powdered Milk,Full Cream Powdered Milk,Powdered Milk Tin, شركة  الخير للتجارة المحدودة,Alkhair,ALKHAIR POWDER MILK  F.C 1800G,2025,493079.35399999993
Milk & Milk Alternatives,Powdered Milk,Full Cream Powdered Milk,Powdered Milk Tin, شركة  الخير للتجارة المحدودة,Alkhair,ALKHAIR POWDER MILK  F.C 1800G,2026,598334.0436650005
Milk & Milk Alternatives,Powdered Milk,Full Cream Powdered Milk,Powdered Milk Tin, شركة  الخير للتجارة المحدودة,Alkhair,ALKHAIR POWDER MILK  F.C 2500G,2025,487893.9830000007
Milk & Milk Alternatives,Powdered Milk,Full Cream Powdered Milk,Powdered Milk Tin, شركة  الخير للتجارة المحدودة,Alkhair,ALKHAIR POWDER MILK  F.C 2500G,2026,790402.3726749995
Milk & Milk Alternatives,Powdered Milk,Full Cream Powdered Milk,Powdered Milk Tin, شركة  الخير للتجارة المحدودة,Alkhair,ALKHAIR POWDER MILK BAG 2250G,2025,271535.8130000005
Milk & Milk Alternatives,Powdered Milk,Full Cream Powdered Milk,Powdered Milk Tin, شركة  الخير للتجارة المحدودة,Alkhair,ALKHAIR POWDER MILK BAG 2250G,2026,781082.0371790004
Milk & Milk Alternatives,Powdered Milk,Full Cream Powdered Milk,Powdered Milk Tin, شركة  الخير للتجارة المحدودة,Alkhair,ALKHAIR POWDER.MILK F.CREM400G,2025,466766.6979999997
Milk & Milk Alternatives,Powdered Milk,Full Cream Powdered Milk,Powdered Milk Tin, شركة  الخير للتجارة المحدودة,Alkhair,ALKHAIR POWDER.MILK F.CREM400G,2026,811929.1857550014
Milk & Milk Alternatives,Powdered Milk,Full Cream Powdered Milk,Powdered Milk Tin, شركة  الخير للتجارة المحدودة,Alkhair,ALKHAIR POWDER.MILK F.CREM900G,2025,487084.26300000085
Milk & Milk Alternatives,Powdered Milk,Full Cream Powdered Milk,Powdered Milk Tin, شركة  الخير للتجارة المحدودة,Alkhair,ALKHAIR POWDER.MILK F.CREM900G,2026,561999.7035400004
Milk & Milk Alternatives,Powdered Milk,Full Cream Powdered Milk,Powdered Milk Pouch, شركة أبار واولاده الغذائية المحدودة,Freshco,FRESHCO INSTANT POWDER MILK POUCH 900G,2026,310471.7822330002
Milk & Milk Alternatives,Powdered Milk,Full Cream Powdered Milk,Powdered Milk Tin, شركة أبار واولاده الغذائية المحدودة,Freshco,FRESHCO INSTANT POWDER MILK THIN 900G,2026,304167.93748500024
Milk & Milk Alternatives,Powdered Milk,Full Cream Powdered Milk,Powdered Milk Tin, شركة أبار واولاده الغذائية المحدودة,Freshco,FRESHCO MILK POWDER 1800G,2025,3079149.9970000014
Milk & Milk Alternatives,Powdered Milk,Full Cream Powdered Milk,Powdered Milk Tin, شركة أبار واولاده الغذائية المحدودة,Freshco,FRESHCO MILK POWDER 1800G,2026,1902096.0975449968
Milk & Milk Alternatives,Powdered Milk,Full Cream Powdered Milk,Powdered Milk Pouch, شركة أبار واولاده الغذائية المحدودة,Freshco,FRESHCO MILK POWDER BAG 2.25K,2025,3739358.377000002
Milk & Milk Alternatives,Powdered Milk,Full Cream Powdered Milk,Powdered Milk Pouch, شركة أبار واولاده الغذائية المحدودة,Freshco,FRESHCO MILK POWDER BAG 2.25K,2026,2466368.502725995
Milk & Milk Alternatives,Powdered Milk,Full Cream Powdered Milk,Powdered Milk Tin, شركة الرياض للصناعات الغذائية,Riyadh Food,RIYADH FOOD F.CREAM MILK 1800G,2025,10353.536000000007
Milk & Milk Alternatives,Powdered Milk,Full Cream Powdered Milk,Powdered Milk Tin, شركة الرياض للصناعات الغذائية,Riyadh Food,RIYADH FOOD F.CREAM MILK 1800G,2026,144510.87864400013
Milk & Milk Alternatives,Powdered Milk,Full Cream Powdered Milk,Powdered Milk Tin, شركة المراعي,Almarai,ALMARAI POWDER MILK 1800G,2025,1373628.060999998
Milk & Milk Alternatives,Powdered Milk,Full Cream Powdered Milk,Powdered Milk Tin, شركة المراعي,Almarai,ALMARAI POWDER MILK 1800G,2026,1251347.7257809986
Milk & Milk Alternatives,Powdered Milk,Full Cream Powdered Milk,Powdered Milk Tin, شركة المراعي,Almarai,ALMARAI POWDER MILK 2500G SO,2025,4584515.952999998
Milk & Milk Alternatives,Powdered Milk,Full Cream Powdered Milk,Powdered Milk Tin, شركة المراعي,Almarai,ALMARAI POWDER MILK 2500G SO,2026,2313346.9336359953
Milk & Milk Alternatives,Powdered Milk,Full Cream Powdered Milk,Powdered Milk Tin, شركة المراعي,Almarai,ALMARAI POWDER MILK 400G,2025,389075.39999999886
Milk & Milk Alternatives,Powdered Milk,Full Cream Powdered Milk,Powdered Milk Tin, شركة المراعي,Almarai,ALMARAI POWDER MILK 400G,2026,384671.28977699997
Milk & Milk Alternatives,Powdered Milk,Full Cream Powdered Milk,Powdered Milk Tin, شركة المراعي,Almarai,ALMARAI POWDER MILK 900G,2025,446841.9100000009
Milk & Milk Alternatives,Powdered Milk,Full Cream Powdered Milk,Powdered Milk Tin, شركة المراعي,Almarai,ALMARAI POWDER MILK 900G,2026,474555.6715930013
Milk & Milk Alternatives,Powdered Milk,Full Cream Powdered Milk,Powdered Milk Pouch, شركة المراعي,Almarai,ALMARAI POWDER MILK B.2250G SO,2025,14001679.606000021
Milk & Milk Alternatives,Powdered Milk,Full Cream Powdered Milk,Powdered Milk Pouch, شركة المراعي,Almarai,ALMARAI POWDER MILK B.2250G SO,2026,8766731.517822005
Milk & Milk Alternatives,Powdered Milk,Full Cream Powdered Milk,Powdered Milk Pouch, شركة النافع للاغذية,Altaie,ALTAIE MILK POWDER BAG 2250G,2025,418080.0570000011
Milk & Milk Alternatives,Powdered Milk,Full Cream Powdered Milk,Powdered Milk Pouch, شركة النافع للاغذية,Altaie,ALTAIE MILK POWDER BAG 2250G,2026,256777.93776999987
Milk & Milk Alternatives,Powdered Milk,Full Cream Powdered Milk,Powdered Milk Tin, شركة النافع للاغذية,Altaie,ALTAIE POWDER MILK 1800G,2025,1077082.1559999979
Milk & Milk Alternatives,Powdered Milk,Full Cream Powdered Milk,Powdered Milk Tin, شركة النافع للاغذية,Altaie,ALTAIE POWDER MILK 1800G,2026,806610.1284970028
Milk & Milk Alternatives,Powdered Milk,Full Cream Powdered Milk,Powdered Milk Tin, شركة النافع للاغذية,Altaie,ALTAIE POWDER MILK 2500G,2025,1364215.7729999973
Milk & Milk Alternatives,Powdered Milk,Full Cream Powdered Milk,Powdered Milk Tin, شركة النافع للاغذية,Altaie,ALTAIE POWDER MILK 2500G,2026,1153944.747777003
Milk & Milk Alternatives,Powdered Milk,Full Cream Powdered Milk,Powdered Milk Tin, شركة النافع للاغذية,Altaie,ALTAIE POWDER MILK CAN 400G,2025,194793.09600000002
Milk & Milk Alternatives,Powdered Milk,Full Cream Powdered Milk,Powdered Milk Tin, شركة النافع للاغذية,Altaie,ALTAIE POWDER MILK CAN 400G,2026,466250.61578499986
Milk & Milk Alternatives,Powdered Milk,Full Cream Powdered Milk,Powdered Milk Tin, شركة النافع للاغذية,Altaie,ALTAIE POWDER MILK INSTNT 900G,2025,1079355.7090000021
Milk & Milk Alternatives,Powdered Milk,Full Cream Powdered Milk,Powdered Milk Tin, شركة النافع للاغذية,Altaie,ALTAIE POWDER MILK INSTNT 900G,2026,721468.2759390014
Milk & Milk Alternatives,Powdered Milk,Full Cream Powdered Milk,Powdered Milk Tin, شركة سعيد محمد عبيد بن زقر وشركاه المحدودة,Anchor,ANCHOR DAILY PLUS MILK 2.5KG,2026,273572.5592489998
Milk & Milk Alternatives,Powdered Milk,Full Cream Powdered Milk,Powdered Milk Tin, شركة سعيد محمد عبيد بن زقر وشركاه المحدودة,Anchor,ANCHOR MILK P.DAILY PLUS 1.8KG,2026,329216.8355520002
Milk & Milk Alternatives,Powdered Milk,Full Cream Powdered Milk,Powdered Milk Tin, شركة سعيد محمد عبيد بن زقر وشركاه المحدودة,Anchor,ANCHOR POWDER MILK 1800G,2026,809226.513023
Milk & Milk Alternatives,Powdered Milk,Full Cream Powdered Milk,Powdered Milk Tin, شركة سعيد محمد عبيد بن زقر وشركاه المحدودة,Anchor,ANCHOR POWDER MILK 1800G+180G,2026,586309.1410520012
Milk & Milk Alternatives,Powdered Milk,Full Cream Powdered Milk,Powdered Milk Tin, شركة سعيد محمد عبيد بن زقر وشركاه المحدودة,Anchor,ANCHOR POWDER MILK 2500G,2026,1096419.2204499978
Milk & Milk Alternatives,Powdered Milk,Full Cream Powdered Milk,Powdered Milk Tin, شركة سعيد محمد عبيد بن زقر وشركاه المحدودة,Anchor,ANCHOR POWDER MILK 400G,2026,242423.97770699998
Milk & Milk Alternatives,Powdered Milk,Full Cream Powdered Milk,Powdered Milk Tin, شركة سعيد محمد عبيد بن زقر وشركاه المحدودة,Anchor,ANCHOR POWDER MILK 900G,2026,274298.1709380008
Milk & Milk Alternatives,Powdered Milk,Full Cream Powdered Milk,Powdered Milk Tin, شركة سعيد محمد عبيد بن زقر وشركاه المحدودة,Anchor,ANCHOR POWDER MILK BAG 2.25KG,2026,3590050.558400006
Milk & Milk Alternatives,Powdered Milk,Full Cream Powdered Milk,Powdered Milk Pouch, شركة نستله العربية السعودية,Nido,NIDO M.FIBER POUCH BAG1800G10,2025,31038.920000000002
Milk & Milk Alternatives,Powdered Milk,Full Cream Powdered Milk,Powdered Milk Pouch, شركة نستله العربية السعودية,Nido,NIDO M.FIBER POUCH BAG1800G10%,2025,661254.4490000005
Milk & Milk Alternatives,Powdered Milk,Full Cream Powdered Milk,Powdered Milk Pouch, شركة نستله العربية السعودية,Nido,NIDO M.FIBER POUCH BAG1800G10%,2026,320443.90351000003
Milk & Milk Alternatives,Powdered Milk,Full Cream Powdered Milk,Powdered Milk Pouch, شركة نستله العربية السعودية,Nido,NIDO M.GROW FIBR POUCH2500G SO,2025,8438672.808999998
Milk & Milk Alternatives,Powdered Milk,Full Cream Powdered Milk,Powdered Milk Pouch, شركة نستله العربية السعودية,Nido,NIDO M.GROW FIBR POUCH2500G SO,2026,7292219.043857995
Milk & Milk Alternatives,Powdered Milk,Full Cream Powdered Milk,Powdered Milk Tin, شركة نستله العربية السعودية,Nido,NIDO MILK GROW FIBR TIN 900G,2025,1262386.2609999995
Milk & Milk Alternatives,Powdered Milk,Full Cream Powdered Milk,Powdered Milk Tin, شركة نستله العربية السعودية,Nido,NIDO MILK GROW FIBR TIN 900G,2026,830516.6497950007
Milk & Milk Alternatives,Powdered Milk,Full Cream Powdered Milk,Powdered Milk Tin, شركة نستله العربية السعودية,Nido,NIDO MLK G.FIBR TIN 1950G 10,2025,195354.60300000012
Milk & Milk Alternatives,Powdered Milk,Full Cream Powdered Milk,Powdered Milk Tin, شركة نستله العربية السعودية,Nido,NIDO MLK G.FIBR TIN 1950G 10%,2025,3545150.439000006
Milk & Milk Alternatives,Powdered Milk,Full Cream Powdered Milk,Powdered Milk Tin, شركة نستله العربية السعودية,Nido,NIDO MLK G.FIBR TIN 1950G 10%,2026,3432399.04838699
Milk & Milk Alternatives,Powdered Milk,Full Cream Powdered Milk,Powdered Milk Tin, شركة نستله العربية السعودية,Nido,NIDO MLK GROW FIBER 400G,2025,888056.1200000008
Milk & Milk Alternatives,Powdered Milk,Full Cream Powdered Milk,Powdered Milk Tin, شركة نستله العربية السعودية,Nido,NIDO MLK GROW FIBER 400G,2026,695784.1693699998
Milk & Milk Alternatives,Powdered Milk,Full Cream Powdered Milk,Powdered Milk Pouch, شركة نستله العربية السعودية,Nido,NIDO MLK GROW FIBR POUCH 1200G,2025,604284.8120000002
Milk & Milk Alternatives,Powdered Milk,Full Cream Powdered Milk,Powdered Milk Pouch, شركة نستله العربية السعودية,Nido,NIDO MLK GROW FIBR POUCH 1200G,2026,3622174.792018011
Milk & Milk Alternatives,Powdered Milk,Full Cream Powdered Milk,Powdered Milk Pouch, شركة نستله العربية السعودية,Nido,NIDO MLK GROW FIBR POUCH 1800G,2025,657484.6530000002
Milk & Milk Alternatives,Powdered Milk,Full Cream Powdered Milk,Powdered Milk Pouch, شركة نستله العربية السعودية,Nido,NIDO MLK GROW FIBR POUCH 1800G,2026,13325.112912000004
Milk & Milk Alternatives,Powdered Milk,Full Cream Powdered Milk,Powdered Milk Pouch, شركة نستله العربية السعودية,Nido,NIDO MLK GROW FIBR POUCH 2500G,2025,5173351.5950000025
Milk & Milk Alternatives,Powdered Milk,Full Cream Powdered Milk,Powdered Milk Pouch, شركة نستله العربية السعودية,Nido,NIDO MLK GROW FIBR POUCH 2500G,2026,5031561.892602003
Milk & Milk Alternatives,Powdered Milk,Full Cream Powdered Milk,Powdered Milk Tin, شركة نستله العربية السعودية,Nido,NIDO MLK GROW FIBR TIN 1950G,2025,3668299.9330000067
Milk & Milk Alternatives,Powdered Milk,Full Cream Powdered Milk,Powdered Milk Tin, شركة نستله العربية السعودية,Nido,NIDO MLK GROW FIBR TIN 1950G,2026,3102113.825132001
Milk & Milk Alternatives,Powdered Milk,Full Cream Powdered Milk,Powdered Milk Tin, شركة نستله العربية السعودية,Nido,NIDO POW.MILK CREMY +5 900G,2025,7327.628000000001
Milk & Milk Alternatives,Powdered Milk,Full Cream Powdered Milk,Powdered Milk Tin, شركة نستله العربية السعودية,Nido,NIDO POW.MILK W.BISCUIT+5 900G,2025,4448.385000000002
Milk & Milk Alternatives,Powdered Milk,Full Cream Powdered Milk,Powdered Milk Tin, شركة نستله العربية السعودية,Nido,NIDO POWDER MILK 1800G,2025,1100168.1060000008
Milk & Milk Alternatives,Powdered Milk,Full Cream Powdered Milk,Powdered Milk Tin, شركة نستله العربية السعودية,Nido,NIDO POWDER MILK 1800G,2026,487238.81945299904
Milk & Milk Alternatives,Powdered Milk,Full Cream Powdered Milk,Powdered Milk Tin, شركة نستله العربية السعودية,Nido,NIDO POWDER MILK 2500G,2025,1188876.6339999991
Milk & Milk Alternatives,Powdered Milk,Full Cream Powdered Milk,Powdered Milk Tin, شركة نستله العربية السعودية,Nido,NIDO POWDER MILK 2500G,2026,1106393.9039279982
Milk & Milk Alternatives,Powdered Milk,Full Cream Powdered Milk,Powdered Milk Pouch, شركة نستله العربية السعودية,Nido,NIDO POWDER MILK BAG 2250G,2025,1342.8
Milk & Milk Alternatives,Powdered Milk,Full Cream Powdered Milk,Powdered Milk Pouch, شركة نستله العربية السعودية,Nido,NIDO POWDER MILK BAG 2250G,2026,182.591304
Milk & Milk Alternatives,Powdered Milk,Full Cream Powdered Milk,Powdered Milk Tin, مؤسسات سقالة التجارية,Rainbow,RAINBOW POWDER MILK 1800G,2025,611706.2209999998
Milk & Milk Alternatives,Powdered Milk,Full Cream Powdered Milk,Powdered Milk Tin, مؤسسات سقالة التجارية,Rainbow,RAINBOW POWDER MILK 1800G,2026,645578.8759729995
Milk & Milk Alternatives,Powdered Milk,Full Cream Powdered Milk,Powdered Milk Tin, مؤسسات سقالة التجارية,Rainbow,RAINBOW POWDER MILK 2500G,2025,2666020.626000003
Milk & Milk Alternatives,Powdered Milk,Full Cream Powdered Milk,Powdered Milk Tin, مؤسسات سقالة التجارية,Rainbow,RAINBOW POWDER MILK 2500G,2026,2162782.6785130026
Milk & Milk Alternatives,Powdered Milk,Full Cream Powdered Milk,Powdered Milk Tin, مؤسسة وادي فاطمة لتجارة الاغذية,Wadi Fatma,WADI FATMA POWDER MILK 1800G,2026,467435.88335199974
Milk & Milk Alternatives,Powdered Milk,Full Cream Powdered Milk,Powdered Milk Tin, مؤسسة وادي فاطمة لتجارة الاغذية,Wadi Fatma,WADI FATMA POWDER MILK 2500G,2026,281445.65331199986
Milk & Milk Alternatives,Powdered Milk,Full Cream Powdered Milk,Powdered Milk Tin, مؤسسة وادي فاطمة لتجارة الاغذية,Wadi Fatma,WADI FATMA POWDERED MILK 900G,2026,251209.59894100027
Pet Supplies,Pet Food,Cat Foods,Dry Cat Food, شركة اورينكس,Cutey,CUTEY C.FOOD SALMON&MACREL750G,2025,8179.285000000007
Pet Supplies,Pet Food,Cat Foods,Dry Cat Food, شركة اورينكس,Cutey,CUTEY C.FOOD SALMON&MACREL750G,2026,47615.329968
Pet Supplies,Pet Food,Cat Foods,Dry Cat Food, شركة اورينكس,Cutey,CUTEY CAT FOOD BEEF&SALMON100G,2025,4730.014000000001
Pet Supplies,Pet Food,Cat Foods,Dry Cat Food, شركة اورينكس,Cutey,CUTEY CAT FOOD BEEF&SALMON100G,2026,7006.121942999998
Pet Supplies,Pet Food,Cat Foods,Dry Cat Food, شركة اورينكس,Cutey,CUTEY CAT FOOD BEEF&TUNA 100G,2025,4619.438
Pet Supplies,Pet Food,Cat Foods,Dry Cat Food, شركة اورينكس,Cutey,CUTEY CAT FOOD BEEF&TUNA 100G,2026,6261.182777000001
Pet Supplies,Pet Food,Cat Foods,Dry Cat Food, شركة اورينكس,Cutey,CUTEY CAT FOOD CHICKN&TUNA1.5K,2025,8621.634000000002
Pet Supplies,Pet Food,Cat Foods,Dry Cat Food, شركة اورينكس,Cutey,CUTEY CAT FOOD CHICKN&TUNA1.5K,2026,57069.339259999964
Pet Supplies,Pet Food,Cat Foods,Dry Cat Food, شركة اورينكس,Cutey,CUTEY CAT FOOD CHICKN&TUNA750G,2025,9529.04800000001
Pet Supplies,Pet Food,Cat Foods,Dry Cat Food, شركة اورينكس,Cutey,CUTEY CAT FOOD CHICKN&TUNA750G,2026,49635.16473800002
Pet Supplies,Pet Food,Cat Foods,Dry Cat Food, شركة اورينكس,Cutey,CUTEY CAT FOOD OCEAN FISH 1.5K,2025,5651.200999999999
Pet Supplies,Pet Food,Cat Foods,Dry Cat Food, شركة اورينكس,Cutey,CUTEY CAT FOOD OCEAN FISH 1.5K,2026,38908.67746399999
Pet Supplies,Pet Food,Cat Foods,Dry Cat Food, شركة مارس السعودية العربية للتجارة المحدودة - شركة شخص واحد,Kitekat,KITEKAT MACKEREL FLAVOR 1.4KG,2025,44220.630000000034
Pet Supplies,Pet Food,Cat Foods,Dry Cat Food, شركة مارس السعودية العربية للتجارة المحدودة - شركة شخص واحد,Kitekat,KITEKAT MACKEREL FLAVOR 1.4KG,2026,28374.016889000006
Pet Supplies,Pet Food,Cat Foods,Dry Cat Food, شركة مارس السعودية العربية للتجارة المحدودة - شركة شخص واحد,Kitekat,KITEKAT MACKEREL FLAVOUR 7KG,2025,16985.14
Pet Supplies,Pet Food,Cat Foods,Dry Cat Food, شركة مارس السعودية العربية للتجارة المحدودة - شركة شخص واحد,Kitekat,KITEKAT MACKEREL FLAVOUR 7KG,2026,21909.182479999996
Pet Supplies,Pet Food,Cat Foods,Dry Cat Food, شركة مارس السعودية العربية للتجارة المحدودة - شركة شخص واحد,Kitekat,KITEKAT TUNA FLAVOR 1.4KG,2025,45395.53800000003
Pet Supplies,Pet Food,Cat Foods,Dry Cat Food, شركة مارس السعودية العربية للتجارة المحدودة - شركة شخص واحد,Kitekat,KITEKAT TUNA FLAVOR 1.4KG,2026,29958.347295000007
Pet Supplies,Pet Food,Cat Foods,Wet Cat Food, شركة مارس السعودية العربية للتجارة المحدودة - شركة شخص واحد,Sheba,SHEBA C.FOOD S.CHCKN BREST 85G,2025,30095.703999999998
Pet Supplies,Pet Food,Cat Foods,Wet Cat Food, شركة مارس السعودية العربية للتجارة المحدودة - شركة شخص واحد,Sheba,SHEBA C.FOOD S.CHCKN BREST 85G,2026,38223.71228700003
Pet Supplies,Pet Food,Cat Foods,Dry Cat Food, شركة مارس السعودية العربية للتجارة المحدودة - شركة شخص واحد,Sheba,SHEBA C.FOOD SUCULENT TUNA 85G,2025,1497.1660000000002
Pet Supplies,Pet Food,Cat Foods,Dry Cat Food, شركة مارس السعودية العربية للتجارة المحدودة - شركة شخص واحد,Sheba,SHEBA C.FOOD SUCULENT TUNA 85G,2026,4094.965099999999
Pet Supplies,Pet Food,Cat Foods,Dry Cat Food, شركة مارس السعودية العربية للتجارة المحدودة - شركة شخص واحد,Sheba,SHEBA C.FOOD TUNA SEAFOOD 85G,2025,27276.74300000001
Pet Supplies,Pet Food,Cat Foods,Dry Cat Food, شركة مارس السعودية العربية للتجارة المحدودة - شركة شخص واحد,Sheba,SHEBA C.FOOD TUNA SEAFOOD 85G,2026,26486.486361000025
Pet Supplies,Pet Food,Cat Foods,Wet Cat Food, شركة مارس السعودية العربية للتجارة المحدودة - شركة شخص واحد,Sheba,SHEBA C.FOOD TUNA&SALMON 85G,2025,25182.748000000007
Pet Supplies,Pet Food,Cat Foods,Wet Cat Food, شركة مارس السعودية العربية للتجارة المحدودة - شركة شخص واحد,Sheba,SHEBA C.FOOD TUNA&SALMON 85G,2026,37044.17307800002
Pet Supplies,Pet Food,Cat Foods,Wet Cat Food, شركة مارس السعودية العربية للتجارة المحدودة - شركة شخص واحد,Sheba,SHEBA C.FOOD TUNA&W.FISH 85G,2025,6865.308999999997
Pet Supplies,Pet Food,Cat Foods,Wet Cat Food, شركة مارس السعودية العربية للتجارة المحدودة - شركة شخص واحد,Sheba,SHEBA C.FOOD TUNA&W.FISH 85G,2026,27948.67764600002
Pet Supplies,Pet Food,Cat Foods,Wet Cat Food, شركة مارس السعودية العربية للتجارة المحدودة - شركة شخص واحد,Sheba,SHEBA CAT FOOD TUNA FILLET 80G,2026,20.782608
Pet Supplies,Pet Food,Cat Foods,Wet Cat Food, شركة مارس السعودية العربية للتجارة المحدودة - شركة شخص واحد,Sheba,SHEBA FILETS NATURAL SHREDDED CHIKEN 60G,2026,8162.382433999999
Pet Supplies,Pet Food,Cat Foods,Wet Cat Food, شركة مارس السعودية العربية للتجارة المحدودة - شركة شخص واحد,Sheba,SHEBA MELTRY CREAMY CHIKEN FLAVOR 48G,2026,6017.712945000004
Pet Supplies,Pet Food,Cat Foods,Wet Cat Food, شركة مارس السعودية العربية للتجارة المحدودة - شركة شخص واحد,Sheba,SHEBA MELTRY CREAMY CHIKEN&WHITE FISH FLAVOR 48G,2026,14390.686701000002
Pet Supplies,Pet Food,Cat Foods,Wet Cat Food, شركة مارس السعودية العربية للتجارة المحدودة - شركة شخص واحد,Sheba,SHEBA MELTRY CREAMY TREATS TUNA 48G,2026,7962.017246000006
Pet Supplies,Pet Food,Cat Foods,Wet Cat Food, شركة مارس السعودية العربية للتجارة المحدودة - شركة شخص واحد,Sheba,SHEBA MELTRY CREAMY TREATS TUNA&SALMON FLAVOR 48G,2026,12034.365018
Pet Supplies,Pet Food,Cat Foods,Wet Cat Food, شركة مارس السعودية العربية للتجارة المحدودة - شركة شخص واحد,Sheba,SHEBA MELTRY CREAMY TUNA&SEAFOOD FLAVOR 48G,2026,6959.652074000006
Pet Supplies,Pet Food,Cat Foods,Dry Cat Food, شركة مارس السعودية العربية للتجارة المحدودة - شركة شخص واحد,Temptations,TEMPTATIONS SAVOURY.SALMON 85G,2025,57414.43199999997
Pet Supplies,Pet Food,Cat Foods,Dry Cat Food, شركة مارس السعودية العربية للتجارة المحدودة - شركة شخص واحد,Temptations,TEMPTATIONS SAVOURY.SALMON 85G,2026,64634.81398500012
Pet Supplies,Pet Food,Cat Foods,Dry Cat Food, شركة مارس السعودية العربية للتجارة المحدودة - شركة شخص واحد,Temptations,TEMPTATIONS SEAFOOD MEDLEY 85G,2025,41545.004999999976
Pet Supplies,Pet Food,Cat Foods,Dry Cat Food, شركة مارس السعودية العربية للتجارة المحدودة - شركة شخص واحد,Temptations,TEMPTATIONS SEAFOOD MEDLEY 85G,2026,55151.797131000065
Pet Supplies,Pet Food,Cat Foods,Dry Cat Food, شركة مارس السعودية العربية للتجارة المحدودة - شركة شخص واحد,Temptations,TEMPTATIONS TASTY CHICKEN 75G,2025,68673.065
Pet Supplies,Pet Food,Cat Foods,Dry Cat Food, شركة مارس السعودية العربية للتجارة المحدودة - شركة شخص واحد,Temptations,TEMPTATIONS TASTY CHICKEN 75G,2026,66656.73566300007
Pet Supplies,Pet Food,Cat Foods,Dry Cat Food, شركة مارس السعودية العربية للتجارة المحدودة - شركة شخص واحد,Temptations,TEMPTATIONS TEMPTING TUNA 75G,2025,46775.887000000024
Pet Supplies,Pet Food,Cat Foods,Dry Cat Food, شركة مارس السعودية العربية للتجارة المحدودة - شركة شخص واحد,Temptations,TEMPTATIONS TEMPTING TUNA 75G,2026,46089.88442400005
Pet Supplies,Pet Food,Cat Foods,Wet Cat Food, شركة مارس السعودية العربية للتجارة المحدودة - شركة شخص واحد,Whiskas,WHISKAS BEEF L.N'GRAVY 12x80G,2025,47479.01499999991
Pet Supplies,Pet Food,Cat Foods,Wet Cat Food, شركة مارس السعودية العربية للتجارة المحدودة - شركة شخص واحد,Whiskas,WHISKAS BEEF L.N'GRAVY 12x80G,2026,35807.56488099999
Pet Supplies,Pet Food,Cat Foods,Wet Cat Food, شركة مارس السعودية العربية للتجارة المحدودة - شركة شخص واحد,Whiskas,WHISKAS BEEF.N'GRAVY 4X80G SO,2025,5721.360999999992
Pet Supplies,Pet Food,Cat Foods,Wet Cat Food, شركة مارس السعودية العربية للتجارة المحدودة - شركة شخص واحد,Whiskas,WHISKAS BEEF.N'GRAVY 4X80G SO.,2025,45359.619
Pet Supplies,Pet Food,Cat Foods,Wet Cat Food, شركة مارس السعودية العربية للتجارة المحدودة - شركة شخص واحد,Whiskas,WHISKAS BEEF.N'GRAVY 4X80G SO.,2026,63330.76465899992
Pet Supplies,Pet Food,Cat Foods,Wet Cat Food, شركة مارس السعودية العربية للتجارة المحدودة - شركة شخص واحد,Whiskas,WHISKAS CAT F.BEEF.N'GRAVY 80G,2025,33952.97000000003
Pet Supplies,Pet Food,Cat Foods,Wet Cat Food, شركة مارس السعودية العربية للتجارة المحدودة - شركة شخص واحد,Whiskas,WHISKAS CAT F.BEEF.N'GRAVY 80G,2026,28734.345799999955
Pet Supplies,Pet Food,Cat Foods,Wet Cat Food, شركة مارس السعودية العربية للتجارة المحدودة - شركة شخص واحد,Whiskas,WHISKAS CAT F.OCEAN FSH 12x80G,2025,49565.03200000003
Pet Supplies,Pet Food,Cat Foods,Wet Cat Food, شركة مارس السعودية العربية للتجارة المحدودة - شركة شخص واحد,Whiskas,WHISKAS CAT F.OCEAN FSH 12x80G,2026,37247.634456999986
Pet Supplies,Pet Food,Cat Foods,Wet Cat Food, شركة مارس السعودية العربية للتجارة المحدودة - شركة شخص واحد,Whiskas,WHISKAS CAT FOOD CHICKEN 400G,2025,138220.69000000044
Pet Supplies,Pet Food,Cat Foods,Wet Cat Food, شركة مارس السعودية العربية للتجارة المحدودة - شركة شخص واحد,Whiskas,WHISKAS CAT FOOD CHICKEN 400G,2026,121100.40181599947
Pet Supplies,Pet Food,Cat Foods,Dry Cat Food, شركة مارس السعودية العربية للتجارة المحدودة - شركة شخص واحد,Whiskas,WHISKAS CAT FOOD CHICKEN 480G,2025,174297.1800000003
Pet Supplies,Pet Food,Cat Foods,Dry Cat Food, شركة مارس السعودية العربية للتجارة المحدودة - شركة شخص واحد,Whiskas,WHISKAS CAT FOOD CHICKEN 480G,2026,176417.32651299995
Pet Supplies,Pet Food,Cat Foods,Wet Cat Food, شركة مارس السعودية العربية للتجارة المحدودة - شركة شخص واحد,Whiskas,WHISKAS CAT FOOD CHICKEN 85G,2025,7251.210000000001
Pet Supplies,Pet Food,Cat Foods,Wet Cat Food, شركة مارس السعودية العربية للتجارة المحدودة - شركة شخص واحد,Whiskas,WHISKAS CAT FOOD CHICKEN 85G,2026,8473.651657000002
Pet Supplies,Pet Food,Cat Foods,Wet Cat Food, شركة مارس السعودية العربية للتجارة المحدودة - شركة شخص واحد,Whiskas,WHISKAS CAT FOOD OCEAN FSH 80G,2025,34939.72000000008
Pet Supplies,Pet Food,Cat Foods,Wet Cat Food, شركة مارس السعودية العربية للتجارة المحدودة - شركة شخص واحد,Whiskas,WHISKAS CAT FOOD OCEAN FSH 80G,2026,30486.954583999974
Pet Supplies,Pet Food,Cat Foods,Dry Cat Food, شركة مارس السعودية العربية للتجارة المحدودة - شركة شخص واحد,Whiskas,WHISKAS CHICKEN 1.2K,2025,159279.39
Pet Supplies,Pet Food,Cat Foods,Dry Cat Food, شركة مارس السعودية العربية للتجارة المحدودة - شركة شخص واحد,Whiskas,WHISKAS CHICKEN 1.2K,2026,149406.2086370007
Pet Supplies,Pet Food,Cat Foods,Dry Cat Food, شركة مارس السعودية العربية للتجارة المحدودة - شركة شخص واحد,Whiskas,WHISKAS CHICKEN FLAVOUR 3KG,2025,63421.96599999998
Pet Supplies,Pet Food,Cat Foods,Dry Cat Food, شركة مارس السعودية العربية للتجارة المحدودة - شركة شخص واحد,Whiskas,WHISKAS CHICKEN FLAVOUR 3KG,2026,87580.11274799997
Pet Supplies,Pet Food,Cat Foods,Dry Cat Food, شركة مارس السعودية العربية للتجارة المحدودة - شركة شخص واحد,Whiskas,WHISKAS CHICKEN&TUNA 1.1K,2025,108725.76100000033
Pet Supplies,Pet Food,Cat Foods,Dry Cat Food, شركة مارس السعودية العربية للتجارة المحدودة - شركة شخص واحد,Whiskas,WHISKAS CHICKEN&TUNA 1.1K,2026,95453.96542400034
Pet Supplies,Pet Food,Cat Foods,Dry Cat Food, شركة مارس السعودية العربية للتجارة المحدودة - شركة شخص واحد,Whiskas,WHISKAS GRMT.SEAFOODS FLVR 3KG,2025,31431.80800000001
Pet Supplies,Pet Food,Cat Foods,Dry Cat Food, شركة مارس السعودية العربية للتجارة المحدودة - شركة شخص واحد,Whiskas,WHISKAS GRMT.SEAFOODS FLVR 3KG,2026,75360.73893899997
Pet Supplies,Pet Food,Cat Foods,Wet Cat Food, شركة مارس السعودية العربية للتجارة المحدودة - شركة شخص واحد,Whiskas,WHISKAS IN GRAVY W/CHICKEN 80G,2025,68684.8199999998
Pet Supplies,Pet Food,Cat Foods,Wet Cat Food, شركة مارس السعودية العربية للتجارة المحدودة - شركة شخص واحد,Whiskas,WHISKAS IN GRAVY W/CHICKEN 80G,2026,55648.257268000154
Pet Supplies,Pet Food,Cat Foods,Wet Cat Food, شركة مارس السعودية العربية للتجارة المحدودة - شركة شخص واحد,Whiskas,WHISKAS IN GRVY W/CHICKN12x80G,2025,55794.20399999991
Pet Supplies,Pet Food,Cat Foods,Wet Cat Food, شركة مارس السعودية العربية للتجارة المحدودة - شركة شخص واحد,Whiskas,WHISKAS IN GRVY W/CHICKN12x80G,2026,45574.677803999955
Pet Supplies,Pet Food,Cat Foods,Wet Cat Food, شركة مارس السعودية العربية للتجارة المحدودة - شركة شخص واحد,Whiskas,WHISKAS IN JELLY WITH TUNA 80G,2025,54387.51000000004
Pet Supplies,Pet Food,Cat Foods,Wet Cat Food, شركة مارس السعودية العربية للتجارة المحدودة - شركة شخص واحد,Whiskas,WHISKAS IN JELLY WITH TUNA 80G,2026,34953.91081499998
Pet Supplies,Pet Food,Cat Foods,Wet Cat Food, شركة مارس السعودية العربية للتجارة المحدودة - شركة شخص واحد,Whiskas,WHISKAS IN JELY WITH TUNA4x80G,2025,62505.32599999988
Pet Supplies,Pet Food,Cat Foods,Wet Cat Food, شركة مارس السعودية العربية للتجارة المحدودة - شركة شخص واحد,Whiskas,WHISKAS IN JELY WITH TUNA4x80G,2026,60084.816923999904
Pet Supplies,Pet Food,Cat Foods,Wet Cat Food, شركة مارس السعودية العربية للتجارة المحدودة - شركة شخص واحد,Whiskas,WHISKAS IN.GRAVY W/CHIKEN4X80G,2025,66959.09299999988
Pet Supplies,Pet Food,Cat Foods,Wet Cat Food, شركة مارس السعودية العربية للتجارة المحدودة - شركة شخص واحد,Whiskas,WHISKAS IN.GRAVY W/CHIKEN4X80G,2026,60597.1820749999
Pet Supplies,Pet Food,Cat Foods,Wet Cat Food, شركة مارس السعودية العربية للتجارة المحدودة - شركة شخص واحد,Whiskas,WHISKAS JELY WITH/TUNA 12x80G,2025,32473.276999999976
Pet Supplies,Pet Food,Cat Foods,Wet Cat Food, شركة مارس السعودية العربية للتجارة المحدودة - شركة شخص واحد,Whiskas,WHISKAS JELY WITH/TUNA 12x80G,2026,36487.39095399998
Pet Supplies,Pet Food,Cat Foods,Wet Cat Food, شركة مارس السعودية العربية للتجارة المحدودة - شركة شخص واحد,Whiskas,WHISKAS JUNIOR WITH TUNA4x80G,2025,71481.65299999987
Pet Supplies,Pet Food,Cat Foods,Wet Cat Food, شركة مارس السعودية العربية للتجارة المحدودة - شركة شخص واحد,Whiskas,WHISKAS JUNIOR WITH TUNA4x80G,2026,65102.63424199994
Pet Supplies,Pet Food,Cat Foods,Wet Cat Food, شركة مارس السعودية العربية للتجارة المحدودة - شركة شخص واحد,Whiskas,WHISKAS KITN WITH/TUNA 12x80G,2025,61403.99600000004
Pet Supplies,Pet Food,Cat Foods,Wet Cat Food, شركة مارس السعودية العربية للتجارة المحدودة - شركة شخص واحد,Whiskas,WHISKAS KITN WITH/TUNA 12x80G,2026,54866.24353500001
Pet Supplies,Pet Food,Cat Foods,Wet Cat Food, شركة مارس السعودية العربية للتجارة المحدودة - شركة شخص واحد,Whiskas,WHISKAS KITTEN JELY W/TUNA 80G,2025,56048.69000000004
Pet Supplies,Pet Food,Cat Foods,Wet Cat Food, شركة مارس السعودية العربية للتجارة المحدودة - شركة شخص واحد,Whiskas,WHISKAS KITTEN JELY W/TUNA 80G,2026,47589.12765200011
Pet Supplies,Pet Food,Cat Foods,Wet Cat Food, شركة مارس السعودية العربية للتجارة المحدودة - شركة شخص واحد,Whiskas,WHISKAS LAMB TURKEY&VEGETABLES GRAVY 400G,2026,26558.121122000004
Pet Supplies,Pet Food,Cat Foods,Dry Cat Food, شركة مارس السعودية العربية للتجارة المحدودة - شركة شخص واحد,Whiskas,WHISKAS OCEAN FISH 480G,2025,113815.66000000003
Pet Supplies,Pet Food,Cat Foods,Dry Cat Food, شركة مارس السعودية العربية للتجارة المحدودة - شركة شخص واحد,Whiskas,WHISKAS OCEAN FISH 480G,2026,123738.66666599973
Pet Supplies,Pet Food,Cat Foods,Dry Cat Food, شركة مارس السعودية العربية للتجارة المحدودة - شركة شخص واحد,Whiskas,WHISKAS OCEAN FISH MILK  1.1K,2025,114019.02700000045
Pet Supplies,Pet Food,Cat Foods,Dry Cat Food, شركة مارس السعودية العربية للتجارة المحدودة - شركة شخص واحد,Whiskas,WHISKAS OCEAN FISH MILK  1.1K,2026,104576.22632600031
Pet Supplies,Pet Food,Cat Foods,Dry Cat Food, شركة مارس السعودية العربية للتجارة المحدودة - شركة شخص واحد,Whiskas,WHISKAS OCEAN W/FISH 1.2K,2025,111919.46800000034
Pet Supplies,Pet Food,Cat Foods,Dry Cat Food, شركة مارس السعودية العربية للتجارة المحدودة - شركة شخص واحد,Whiskas,WHISKAS OCEAN W/FISH 1.2K,2026,101490.77254300016
Pet Supplies,Pet Food,Cat Foods,Wet Cat Food, شركة مارس السعودية العربية للتجارة المحدودة - شركة شخص واحد,Whiskas,WHISKAS PU.W/TUNA IN JELLY 85G,2025,124.34
Pet Supplies,Pet Food,Cat Foods,Wet Cat Food, شركة مارس السعودية العربية للتجارة المحدودة - شركة شخص واحد,Whiskas,WHISKAS PU.W/TUNA IN JELLY 85G,2026,23276.954870999976
Pet Supplies,Pet Food,Cat Foods,Wet Cat Food, شركة مارس السعودية العربية للتجارة المحدودة - شركة شخص واحد,Whiskas,WHISKAS PURRFECTLY CHKN 12x85G,2025,34755.718
Pet Supplies,Pet Food,Cat Foods,Wet Cat Food, شركة مارس السعودية العربية للتجارة المحدودة - شركة شخص واحد,Whiskas,WHISKAS PURRFECTLY CHKN 12x85G,2026,24414.617083
Pet Supplies,Pet Food,Cat Foods,Dry Cat Food, شركة مارس السعودية العربية للتجارة المحدودة - شركة شخص واحد,Whiskas,WHISKAS SALMON STEAK 1.2KG,2025,98082.00400000013
Pet Supplies,Pet Food,Cat Foods,Dry Cat Food, شركة مارس السعودية العربية للتجارة المحدودة - شركة شخص واحد,Whiskas,WHISKAS SALMON STEAK 1.2KG,2026,79775.39143500017
Pet Supplies,Pet Food,Cat Foods,Wet Cat Food, شركة مارس السعودية العربية للتجارة المحدودة - شركة شخص واحد,Whiskas,WHISKAS TASTY MIX CHIKEN TUNA&POTATO 4X70G,2026,10439.564775999997
Pet Supplies,Pet Food,Cat Foods,Dry Cat Food, شركة مارس السعودية العربية للتجارة المحدودة - شركة شخص واحد,Whiskas,WHISKAS TUNA 1.2KG,2025,86287.29200000018
Pet Supplies,Pet Food,Cat Foods,Dry Cat Food, شركة مارس السعودية العربية للتجارة المحدودة - شركة شخص واحد,Whiskas,WHISKAS TUNA 1.2KG,2026,70064.43489500017
Pet Supplies,Pet Food,Cat Foods,Dry Cat Food, شركة مارس السعودية العربية للتجارة المحدودة - شركة شخص واحد,Whiskas,WHISKAS TUNA&SALMON FLAVOUR 3K,2025,35647.157999999996
Pet Supplies,Pet Food,Cat Foods,Dry Cat Food, شركة مارس السعودية العربية للتجارة المحدودة - شركة شخص واحد,Whiskas,WHISKAS TUNA&SALMON FLAVOUR 3K,2026,65853.01717199992
Pet Supplies,Pet Food,Cat Foods,Wet Cat Food, شركة مارس السعودية العربية للتجارة المحدودة - شركة شخص واحد,Whiskas,WHISKAS W/BEEF IN GRAVY 400G,2025,150
Pet Supplies,Pet Food,Cat Foods,Wet Cat Food, شركة مارس السعودية العربية للتجارة المحدودة - شركة شخص واحد,Whiskas,WHISKAS W/BEEF IN GRAVY 400G,2026,34705.71362800001
Pet Supplies,Pet Food,Cat Foods,Wet Cat Food, شركة مارس السعودية العربية للتجارة المحدودة - شركة شخص واحد,Whiskas,WHISKAS W/TUNA SLMN IN JELY 85G,2025,133.88
Pet Supplies,Pet Food,Cat Foods,Wet Cat Food, شركة مارس السعودية العربية للتجارة المحدودة - شركة شخص واحد,Whiskas,WHISKAS W/TUNA SLMN IN JELY 85G,2026,23483.041787999973
Pet Supplies,Pet Food,Cat Foods,Dry Cat Food, شركة نابكو للتجارة والتوزيع,PELO,PELO ADLT CAT FOOD CHCKEN 1.5K,2026,74880.77357400008
Pet Supplies,Pet Food,Cat Foods,Dry Cat Food, شركة نابكو للتجارة والتوزيع,PELO,PELO ADULT CAT FOOD BEEF 1.5KG.,2026,11471.939048999988
Pet Supplies,Pet Food,Cat Foods,Dry Cat Food, شركة نابكو للتجارة والتوزيع,PELO,PELO ADULT CAT FOOD FISH 1.5KG,2026,57162.825872000125
Pet Supplies,Pet Food,Cat Foods,Wet Cat Food, شركة نابكو للتجارة والتوزيع,PELO,PELO CAT FOOD CHKN IN JELY 85G,2026,32558.955196000043
Pet Supplies,Pet Food,Cat Foods,Wet Cat Food, شركة نابكو للتجارة والتوزيع,PELO,PELO CAT FOOD FISH IN JELY 85G,2026,23519.381614000027
Pet Supplies,Pet Food,Cat Foods,Wet Cat Food, شركة نابكو للتجارة والتوزيع,PELO,PELO CAT FOOD TUNA IN JELY 85G,2026,22784.425152000036
Pet Supplies,Pet Food,Cat Foods,Dry Cat Food, شركة نستله العربية السعودية,Dentalife,DENTALIFE MEDIUM 115G,2025,147.04999999999998
Pet Supplies,Pet Food,Cat Foods,Dry Cat Food, شركة نستله العربية السعودية,Dentalife,DENTALIFE MEDIUM 115G,2026,1181.434763
Pet Supplies,Pet Food,Cat Foods,Dry Cat Food, شركة نستله العربية السعودية,Dentalife,DENTALIFE SMALL 115G,2025,113.92
Pet Supplies,Pet Food,Cat Foods,Dry Cat Food, شركة نستله العربية السعودية,Dentalife,DENTALIFE SMALL 115G,2026,797.391298
Pet Supplies,Pet Food,Cat Foods,Wet Cat Food, شركة نستله العربية السعودية,Fancy,FANCY FEAST CLSIC CHKN&BEEF85G,2026,31.269564
Pet Supplies,Pet Food,Cat Foods,Wet Cat Food, شركة نستله العربية السعودية,Fancy,FANCY FEAST ROYALE CHKN&BEF85G,2025,54.48
Pet Supplies,Pet Food,Cat Foods,Wet Cat Food, شركة نستله العربية السعودية,Fancy,FANCY FEAST ROYALE CHKN&BEF85G,2026,6294.382579999998
Pet Supplies,Pet Food,Cat Foods,Wet Cat Food, شركة نستله العربية السعودية,Fancy,FANCY FEAST ROYALE CHKN&FSH85G,2025,7.78
Pet Supplies,Pet Food,Cat Foods,Wet Cat Food, شركة نستله العربية السعودية,Fancy,FANCY FEAST ROYALE CHKN&FSH85G,2026,938.0869319999999
Pet Supplies,Pet Food,Cat Foods,Wet Cat Food, شركة نستله العربية السعودية,Fancy,FANCY FEAST ROYALE CHKN&LVE85G,2026,1388.6869319999998
Pet Supplies,Pet Food,Cat Foods,Wet Cat Food, شركة نستله العربية السعودية,Fancy,FANCY FEAST ROYALE GRLDCHKN85G,2025,54.48
Pet Supplies,Pet Food,Cat Foods,Wet Cat Food, شركة نستله العربية السعودية,Fancy,FANCY FEAST ROYALE GRLDCHKN85G,2026,211.06955699999997
Pet Supplies,Pet Food,Cat Foods,Wet Cat Food, شركة نستله العربية السعودية,Fancy,FANCY FEAST ROYALE GRLDTUNA85G,2025,23.35
Pet Supplies,Pet Food,Cat Foods,Wet Cat Food, شركة نستله العربية السعودية,Fancy,FANCY FEAST ROYALE GRLDTUNA85G,2026,7283.817258999996
Pet Supplies,Pet Food,Cat Foods,Wet Cat Food, شركة نستله العربية السعودية,Fancy,FANCY FEAST ROYALE GVLR BEF85G,2025,31.13
Pet Supplies,Pet Food,Cat Foods,Wet Cat Food, شركة نستله العربية السعودية,Fancy,FANCY FEAST ROYALE GVLR BEF85G,2026,5247.434671999996
Pet Supplies,Pet Food,Cat Foods,Wet Cat Food, شركة نستله العربية السعودية,Fancy,FANCY FEAST ROYALE GVLR CHK85G,2026,31.269564
Pet Supplies,Pet Food,Cat Foods,Wet Cat Food, شركة نستله العربية السعودية,Fancy,FANCY FEAST ROYALE GVLR FSH85G,2025,15.56
Pet Supplies,Pet Food,Cat Foods,Wet Cat Food, شركة نستله العربية السعودية,Fancy,FANCY FEAST ROYALE GVLR FSH85G,2026,6810.565095999997
Pet Supplies,Pet Food,Cat Foods,Wet Cat Food, شركة نستله العربية السعودية,Fancy,FANCY FEAST ROYLE CLSC CHKN85G,2026,1525.7652
Pet Supplies,Pet Food,Cat Foods,Wet Cat Food, شركة نستله العربية السعودية,Fancy,FANCY FEAST ROYLE CLSC SLMN85G,2026,11313.399891999998
Pet Supplies,Pet Food,Cat Foods,Wet Cat Food, شركة نستله العربية السعودية,Fancy,FANCY FST CLAS CHKEN&LIVER 85G,2026,5004.243394999998
Pet Supplies,Pet Food,Cat Foods,Wet Cat Food, شركة نستله العربية السعودية,Fancy Feast,FANCY FST GVY.LVR SALMON24x85G,2025,31283.463000000018
Pet Supplies,Pet Food,Cat Foods,Wet Cat Food, شركة نستله العربية السعودية,Fancy Feast,FANCY FST GVY.LVR SALMON24x85G,2026,20461.347118000016
Pet Supplies,Pet Food,Cat Foods,Dry Cat Food, شركة نستله العربية السعودية,Fancy Feast,FANCY FST P.Chkn W Tn FLAK 40G,2025,150975.4900000001
Pet Supplies,Pet Food,Cat Foods,Dry Cat Food, شركة نستله العربية السعودية,Fancy Feast,FANCY FST P.Chkn W Tn FLAK 40G,2026,110789.58299599994
Pet Supplies,Pet Food,Cat Foods,Dry Cat Food, شركة نستله العربية السعودية,Fancy Feast,FANCY FST PK Tn W Chkn 40G,2025,153450.7500000001
Pet Supplies,Pet Food,Cat Foods,Dry Cat Food, شركة نستله العربية السعودية,Fancy Feast,FANCY FST PK Tn W Chkn 40G,2026,130795.911116
Pet Supplies,Pet Food,Cat Foods,Wet Cat Food, شركة نستله العربية السعودية,Fancy Feast,FANCY FST ROYAL BANCUIT 85G,2025,33522.02700000002
Pet Supplies,Pet Food,Cat Foods,Wet Cat Food, شركة نستله العربية السعودية,Fancy Feast,FANCY FST ROYAL BANCUIT 85G,2026,13924.930045000008
Pet Supplies,Pet Food,Cat Foods,Dry Cat Food, شركة نستله العربية السعودية,Fancy Feast,FANCY FST ROYAL FLEX FELIN 85G,2025,363.33000000000004
Pet Supplies,Pet Food,Cat Foods,Dry Cat Food, شركة نستله العربية السعودية,Fancy Feast,FANCY FST ROYAL FLEX FELIN 85G,2026,8.913043
Pet Supplies,Pet Food,Cat Foods,Wet Cat Food, شركة نستله العربية السعودية,Fancy Feast,FANCY FST ROYAL SUCCUENT 85G,2025,1267.2499999999998
Pet Supplies,Pet Food,Cat Foods,Wet Cat Food, شركة نستله العربية السعودية,Fancy Feast,FANCY FST ROYAL SUCCUENT 85G,2026,6756.08671
Pet Supplies,Pet Food,Cat Foods,Dry Cat Food, شركة نستله العربية السعودية,Fancy Feast,FANCY FST ROYAL TUNA 85G,2025,1675.3500000000001
Pet Supplies,Pet Food,Cat Foods,Dry Cat Food, شركة نستله العربية السعودية,Fancy Feast,FANCY FST ROYAL TUNA 85G,2026,8387.173617
Pet Supplies,Pet Food,Cat Foods,Wet Cat Food, شركة نستله العربية السعودية,Fancy Feast,FANCY FST ROYAL WHITE PET  85G,2025,23503.40999999999
Pet Supplies,Pet Food,Cat Foods,Wet Cat Food, شركة نستله العربية السعودية,Fancy Feast,FANCY FST ROYAL WHITE PET  85G,2026,34316.52917200002
Pet Supplies,Pet Food,Cat Foods,Wet Cat Food, شركة نستله العربية السعودية,Felix,FELIX AGAIL GIJ OCEAN MENU 12X85G,2025,217.14999999999998
Pet Supplies,Pet Food,Cat Foods,Wet Cat Food, شركة نستله العربية السعودية,Felix,FELIX AGAIL GIJ OCEAN MENU 12X85G,2026,17194.556481000007
Pet Supplies,Pet Food,Cat Foods,Wet Cat Food, شركة نستله العربية السعودية,Felix,FELIX CAT F.KITTEN W/CHCKN 85G,2025,70664.47
Pet Supplies,Pet Food,Cat Foods,Wet Cat Food, شركة نستله العربية السعودية,Felix,FELIX CAT F.KITTEN W/CHCKN 85G,2026,57272.183398999994
Pet Supplies,Pet Food,Cat Foods,Dry Cat Food, شركة نستله العربية السعودية,Felix,FELIX CAT F.PLAY TUNA&CRAB 50G,2026,7.817391
Pet Supplies,Pet Food,Cat Foods,Wet Cat Food, شركة نستله العربية السعودية,Felix,"FELIX CAT FOD SARD.N""JEL 85G",2025,67130.5300000001
Pet Supplies,Pet Food,Cat Foods,Wet Cat Food, شركة نستله العربية السعودية,Felix,"FELIX CAT FOD SARD.N""JEL 85G",2026,48792.88234600002
Pet Supplies,Pet Food,Cat Foods,Dry Cat Food, شركة نستله العربية السعودية,Felix,FELIX CAT FOD W/TROUT&BENS 85G,2025,133.91
Pet Supplies,Pet Food,Cat Foods,Wet Cat Food, شركة نستله العربية السعودية,Felix,FELIX CAT FOD W/TUNA&CHKN4x85G,2025,1422.67
Pet Supplies,Pet Food,Cat Foods,Wet Cat Food, شركة نستله العربية السعودية,Felix,FELIX CAT FOD W/TUNA&CHKN4x85G,2026,45090.48562299997
Pet Supplies,Pet Food,Cat Foods,Wet Cat Food, شركة نستله العربية السعودية,Felix,FELIX CAT FOOD AGEL SLCNT 12X85G,2025,217.14999999999998
Pet Supplies,Pet Food,Cat Foods,Wet Cat Food, شركة نستله العربية السعودية,Felix,FELIX CAT FOOD AGEL SLCNT 12X85G,2026,36956.93046900003
Pet Supplies,Pet Food,Cat Foods,Wet Cat Food, شركة نستله العربية السعودية,Felix,FELIX CAT FOOD CHICKEN 85G,2025,10965.980000000014
Pet Supplies,Pet Food,Cat Foods,Wet Cat Food, شركة نستله العربية السعودية,Felix,FELIX CAT FOOD CHICKEN 85G.,2025,61391.98999999995
Pet Supplies,Pet Food,Cat Foods,Wet Cat Food, شركة نستله العربية السعودية,Felix,FELIX CAT FOOD CHICKEN 85G.,2026,68635.46175400003
Pet Supplies,Pet Food,Cat Foods,Wet Cat Food, شركة نستله العربية السعودية,Felix,FELIX CAT FOOD CHKN&SLMON4x85G,2025,4653.46
Pet Supplies,Pet Food,Cat Foods,Wet Cat Food, شركة نستله العربية السعودية,Felix,FELIX CAT FOOD CHKN&SLMON4x85G,2026,51339.12824100002
Pet Supplies,Pet Food,Cat Foods,Wet Cat Food, شركة نستله العربية السعودية,Felix,FELIX CAT FOOD CONTRYSD 12x85G,2025,1611.4300000000003
Pet Supplies,Pet Food,Cat Foods,Wet Cat Food, شركة نستله العربية السعودية,Felix,FELIX CAT FOOD CONTRYSD 12x85G,2026,189.565216
Pet Supplies,Pet Food,Cat Foods,Wet Cat Food, شركة نستله العربية السعودية,Felix,FELIX CAT FOOD DBLY FISH 12X85G,2025,130.29
Pet Supplies,Pet Food,Cat Foods,Wet Cat Food, شركة نستله العربية السعودية,Felix,FELIX CAT FOOD DBLY FISH 12X85G,2026,37408.026103000026
Pet Supplies,Pet Food,Cat Foods,Wet Cat Food, شركة نستله العربية السعودية,Felix,FELIX CAT FOOD DBLY SLCNT 12X85G,2026,3508.7739189999998
Pet Supplies,Pet Food,Cat Foods,Wet Cat Food, شركة نستله العربية السعودية,Felix,FELIX CAT FOOD MACREAL 85G,2025,185.47
Pet Supplies,Pet Food,Cat Foods,Wet Cat Food, شركة نستله العربية السعودية,Felix,FELIX CAT FOOD MACREAL 85G,2026,8627.417164999999
Pet Supplies,Pet Food,Cat Foods,Dry Cat Food, شركة نستله العربية السعودية,Felix,FELIX CAT FOOD MEAT.MNS 12X85G,2025,173.72
Pet Supplies,Pet Food,Cat Foods,Dry Cat Food, شركة نستله العربية السعودية,Felix,FELIX CAT FOOD MEAT.MNS 12X85G,2026,16463.33905400002
Pet Supplies,Pet Food,Cat Foods,Dry Cat Food, شركة نستله العربية السعودية,Felix,FELIX CAT FOOD MIX.CLS 60G,2025,41199.18999999999
Pet Supplies,Pet Food,Cat Foods,Dry Cat Food, شركة نستله العربية السعودية,Felix,FELIX CAT FOOD MIX.CLS 60G,2026,28940.417121999937
Pet Supplies,Pet Food,Cat Foods,Dry Cat Food, شركة نستله العربية السعودية,Felix,FELIX CAT FOOD PARTY MIX 60G,2025,38390.76
Pet Supplies,Pet Food,Cat Foods,Dry Cat Food, شركة نستله العربية السعودية,Felix,FELIX CAT FOOD PARTY MIX 60G,2026,22597.65326199999
Pet Supplies,Pet Food,Cat Foods,Wet Cat Food, شركة نستله العربية السعودية,Felix,FELIX CAT FOOD SENS  85G,2025,67152.80000000013
Pet Supplies,Pet Food,Cat Foods,Wet Cat Food, شركة نستله العربية السعودية,Felix,FELIX CAT FOOD SENS  85G,2026,43419.73781600001
Pet Supplies,Pet Food,Cat Foods,Wet Cat Food, شركة نستله العربية السعودية,Felix,FELIX CAT FOOD SLMON&TOMATO85G,2025,15.56
Pet Supplies,Pet Food,Cat Foods,Wet Cat Food, شركة نستله العربية السعودية,Felix,FELIX CAT FOOD SLMON&TOMATO85G,2026,7460.965043999998
Pet Supplies,Pet Food,Cat Foods,Wet Cat Food, شركة نستله العربية السعودية,Felix,FELIX CAT FOOD TUNA&SPINGI 85G,2025,199.43
Pet Supplies,Pet Food,Cat Foods,Wet Cat Food, شركة نستله العربية السعودية,Felix,FELIX CAT FOOD TUNA&SPINGI 85G,2026,7489.060650999993
Pet Supplies,Pet Food,Cat Foods,Dry Cat Food, شركة نستله العربية السعودية,Felix,FELIX CAT FOOD VEGETABS 12x85G,2025,1104.9900000000002
Pet Supplies,Pet Food,Cat Foods,Wet Cat Food, شركة نستله العربية السعودية,Felix,FELIX CAT FOOD W/BEEF 85G,2025,57.379999999999995
Pet Supplies,Pet Food,Cat Foods,Dry Cat Food, شركة نستله العربية السعودية,Felix,FELIX CAT FOOD W/CHICKEN 85G.,2025,62.59
Pet Supplies,Pet Food,Cat Foods,Dry Cat Food, شركة نستله العربية السعودية,Felix,FELIX CAT FOOD W/FISH 12x85G,2025,736.64
Pet Supplies,Pet Food,Cat Foods,Wet Cat Food, شركة نستله العربية السعودية,Felix,FELIX CAT FOOD W/SALMON 85G,2025,10956.920000000013
Pet Supplies,Pet Food,Cat Foods,Wet Cat Food, شركة نستله العربية السعودية,Felix,FELIX CAT FOOD W/SALMON 85G.,2025,75758.98000000007
Pet Supplies,Pet Food,Cat Foods,Wet Cat Food, شركة نستله العربية السعودية,Felix,FELIX CAT FOOD W/SALMON 85G.,2026,65559.17811899997
Pet Supplies,Pet Food,Cat Foods,Wet Cat Food, شركة نستله العربية السعودية,Felix,FELIX CAT FOOD W/TUN&CHKN4x85G,2025,4632.29
Pet Supplies,Pet Food,Cat Foods,Wet Cat Food, شركة نستله العربية السعودية,Felix,FELIX CAT FOOD W/TUN&CHKN4x85G,2026,47860.56391199997
Pet Supplies,Pet Food,Cat Foods,Wet Cat Food, شركة نستله العربية السعودية,Felix,FELIX CAT FOOD W/TUN&SLMO4x85G,2025,5743.620000000001
Pet Supplies,Pet Food,Cat Foods,Wet Cat Food, شركة نستله العربية السعودية,Felix,FELIX CAT FOOD W/TUN&SLMO4x85G,2026,43709.56339600006
Pet Supplies,Pet Food,Cat Foods,Dry Cat Food, شركة نستله العربية السعودية,Felix,FELIX CAT FOOD W/TUNA 85G,2025,76.51
Pet Supplies,Pet Food,Cat Foods,Dry Cat Food, شركة نستله العربية السعودية,Felix,FELIX CAT FOOD W/TUNA 85G.,2025,12724.18
Pet Supplies,Pet Food,Cat Foods,Dry Cat Food, شركة نستله العربية السعودية,Felix,FELIX CAT FOOD W/TUNA 85G.,2026,35292.74040600002
Pet Supplies,Pet Food,Cat Foods,Wet Cat Food, شركة نستله العربية السعودية,Felix,FELIX CAT FOOD WITH TUNA 85G,2025,219.98999999999995
Pet Supplies,Pet Food,Cat Foods,Wet Cat Food, شركة نستله العربية السعودية,Felix,FELIX CAT FOOD WITH TUNA 85G,2026,5696.086501999997
Pet Supplies,Pet Food,Cat Foods,Wet Cat Food, شركة نستله العربية السعودية,Felix,FELIX KITTN.AGAIL GIJ MENU 12X85G,2025,217.14999999999998
Pet Supplies,Pet Food,Cat Foods,Wet Cat Food, شركة نستله العربية السعودية,Felix,FELIX KITTN.AGAIL GIJ MENU 12X85G,2026,21683.173834000016
Pet Supplies,Pet Food,Cat Foods,Dry Cat Food, شركة نستله العربية السعودية,Felix,FELIX PLAY TU.CHKN&LIVER 50G,2026,15.634782
Pet Supplies,Pet Food,Cat Foods,Dry Cat Food, شركة نستله العربية السعودية,Fncyfst,FNCYFST PK TUNA FLAKES 40G,2025,190.4
Pet Supplies,Pet Food,Cat Foods,Dry Cat Food, شركة نستله العربية السعودية,Fncyfst,FNCYFST PK TUNA FLAKES 40G,2026,40682.980290999985
Pet Supplies,Pet Food,Cat Foods,Wet Cat Food, شركة نستله العربية السعودية,Friskies,FRISKIES G.LAMB &VGTBLES 400G,2025,60432.96700000008
Pet Supplies,Pet Food,Cat Foods,Wet Cat Food, شركة نستله العربية السعودية,Friskies,FRISKIES G.LAMB &VGTBLES 400G,2026,44674.34936200001
Pet Supplies,Pet Food,Cat Foods,Dry Cat Food, شركة نستله العربية السعودية,Friskies,FRISKIES G.SALMON&VGTBLES 400G,2025,5151.320000000003
Pet Supplies,Pet Food,Cat Foods,Dry Cat Food, شركة نستله العربية السعودية,Friskies,FRISKIES G.SALMON&VGTBLES 400G,2026,16557.39092900001
Pet Supplies,Pet Food,Cat Foods,Wet Cat Food, شركة نستله العربية السعودية,Friskies,FRISKIES GRV BEEF&VGTBLES 400G,2025,49240.63500000004
Pet Supplies,Pet Food,Cat Foods,Wet Cat Food, شركة نستله العربية السعودية,Friskies,FRISKIES GRV BEEF&VGTBLES 400G,2026,49262.29448700001
Pet Supplies,Pet Food,Cat Foods,Dry Cat Food, شركة نستله العربية السعودية,Friskies,FRISKIES INDOOR DELIGHTS 1KG,2025,112986.5500000001
Pet Supplies,Pet Food,Cat Foods,Dry Cat Food, شركة نستله العربية السعودية,Friskies,FRISKIES INDOOR DELIGHTS 1KG,2026,83427.51762300017
Pet Supplies,Pet Food,Cat Foods,Dry Cat Food, شركة نستله العربية السعودية,Friskies,FRISKIES KITTEN DESCOVRY 1KG,2025,80436.08000000018
Pet Supplies,Pet Food,Cat Foods,Dry Cat Food, شركة نستله العربية السعودية,Friskies,FRISKIES KITTEN DESCOVRY 1KG,2026,84220.62502100012
Pet Supplies,Pet Food,Cat Foods,Wet Cat Food, شركة نستله العربية السعودية,Friskies,FRISKIES KITTEN DISCOV 400G,2025,66729.03000000003
Pet Supplies,Pet Food,Cat Foods,Wet Cat Food, شركة نستله العربية السعودية,Friskies,FRISKIES KITTEN DISCOV 400G,2026,54726.66041699999
Pet Supplies,Pet Food,Cat Foods,Wet Cat Food, شركة نستله العربية السعودية,Friskies,FRISKIES MEATY GRILLS 1200G,2026,18648.15636999999
Pet Supplies,Pet Food,Cat Foods,Dry Cat Food, شركة نستله العربية السعودية,Friskies,FRISKIES MEATY GRILLS 2.5KG,2025,77078.59800000003
Pet Supplies,Pet Food,Cat Foods,Dry Cat Food, شركة نستله العربية السعودية,Friskies,FRISKIES MEATY GRILLS 2.5KG,2026,49524.89337699996
Pet Supplies,Pet Food,Cat Foods,Wet Cat Food, شركة نستله العربية السعودية,Friskies,FRISKIES P.CHCKEN&VGTBLES 400G,2025,99146.66000000003
Pet Supplies,Pet Food,Cat Foods,Wet Cat Food, شركة نستله العربية السعودية,Friskies,FRISKIES P.CHCKEN&VGTBLES 400G,2026,71483.39845700008
Pet Supplies,Pet Food,Cat Foods,Wet Cat Food, شركة نستله العربية السعودية,Friskies,FRISKIES PAT BEEF&VGTBLES 400G,2025,53690.00100000004
Pet Supplies,Pet Food,Cat Foods,Wet Cat Food, شركة نستله العربية السعودية,Friskies,FRISKIES PAT BEEF&VGTBLES 400G,2026,35274.18397199998
Pet Supplies,Pet Food,Cat Foods,Dry Cat Food, شركة نستله العربية السعودية,Friskies,FRISKIES PURE TUNA 155G,2026,6.947826
Pet Supplies,Pet Food,Cat Foods,Wet Cat Food, شركة نستله العربية السعودية,Friskies,FRISKIES SEAFOOD SENSATON 400G,2025,59699.32999999999
Pet Supplies,Pet Food,Cat Foods,Wet Cat Food, شركة نستله العربية السعودية,Friskies,FRISKIES SEAFOOD SENSATON 400G,2026,46824.938752
Pet Supplies,Pet Food,Cat Foods,Wet Cat Food, شركة نستله العربية السعودية,Friskies,FRISKIES SEAFOOD SENSTONS 1.2K,2026,606.721731
Pet Supplies,Pet Food,Cat Foods,Dry Cat Food, شركة نستله العربية السعودية,Friskies,FRISKIES SEAFOOD SENSTONS 2.5K,2025,68212.31000000001
Pet Supplies,Pet Food,Cat Foods,Dry Cat Food, شركة نستله العربية السعودية,Friskies,FRISKIES SEAFOOD SENSTONS 2.5K,2026,57113.83033399997
Pet Supplies,Pet Food,Cat Foods,Dry Cat Food, شركة نستله العربية السعودية,Friskies,FRISKIES SEAFOOD SENSTONS 6k,2025,127194.011
Pet Supplies,Pet Food,Cat Foods,Dry Cat Food, شركة نستله العربية السعودية,Friskies,FRISKIES SEAFOOD SENSTONS 6k,2026,13223.799945999996
Pet Supplies,Pet Food,Cat Foods,Wet Cat Food, شركة نستله العربية السعودية,Friskies,FRISKIES SURFIN FAV 400G,2025,70788.77000000008
Pet Supplies,Pet Food,Cat Foods,Wet Cat Food, شركة نستله العربية السعودية,Friskies,FRISKIES SURFIN FAV 400G,2026,15310.860761000016
Pet Supplies,Pet Food,Cat Foods,Dry Cat Food, شركة نستله العربية السعودية,Friskies,FRISKIES SURFIN FAV 6KG,2025,136960.66500000004
Pet Supplies,Pet Food,Cat Foods,Dry Cat Food, شركة نستله العربية السعودية,Friskies,FRISKIES SURFIN FAV 6KG,2026,11454.278212999998
Pet Supplies,Pet Food,Cat Foods,Wet Cat Food, شركة نستله العربية السعودية,Purina,PURINA F.JUNIOR W/CHC.GRVY.85G,2025,31814.89999999998
Pet Supplies,Pet Food,Cat Foods,Wet Cat Food, شركة نستله العربية السعودية,Purina,PURINA F.JUNIOR W/CHC.GRVY.85G,2026,37438.01484899996
Pet Supplies,Pet Food,Cat Foods,Wet Cat Food, شركة نستله العربية السعودية,Purina,PURINA FELIX TUNA IN JELLY 85G,2025,86.52
Pet Supplies,Pet Food,Cat Foods,Wet Cat Food, شركة نستله العربية السعودية,Purina,PURINA FELIX TUNA IN JELLY 85G,2026,2599.5564870000003
Pet Supplies,Pet Food,Cat Foods,Wet Cat Food, شركة نستله العربية السعودية,Purina,PURINA FRSKS BEEF IN GRAVY 85G,2025,36990.95
Pet Supplies,Pet Food,Cat Foods,Wet Cat Food, شركة نستله العربية السعودية,Purina,PURINA FRSKS BEEF IN GRAVY 85G,2026,9615.512266999996
Pet Supplies,Pet Food,Cat Foods,Wet Cat Food, شركة نستله العربية السعودية,Purina,PURINA FRSKS MACKREL FAST 155G,2025,83.2
Pet Supplies,Pet Food,Cat Foods,Dry Cat Food, شركة نستله العربية السعودية,Purina,PURINA FRSKS SLMN IN GRAVY 85G,2025,3833.3300000000027
Pet Supplies,Pet Food,Cat Foods,Dry Cat Food, شركة نستله العربية السعودية,Purina,PURINA FRSKS SLMN IN GRAVY 85G,2026,9984.338352
Pet Supplies,Pet Food,Cat Foods,Wet Cat Food, شركة نستله العربية السعودية,Purina,PURINA FRSKS WITH CHICKEN 85G,2025,53805.58000000007
Pet Supplies,Pet Food,Cat Foods,Wet Cat Food, شركة نستله العربية السعودية,Purina,PURINA FRSKS WITH CHICKEN 85G,2026,35663.96137299998
Pet Supplies,Pet Food,Cat Foods,Wet Cat Food, شركة نستله العربية السعودية,Purina,PURINA FRSKS WITH DUCK 85G,2025,32990.80999999999
Pet Supplies,Pet Food,Cat Foods,Wet Cat Food, شركة نستله العربية السعودية,Purina,PURINA FRSKS WITH DUCK 85G,2026,17175.34527900001
Pet Supplies,Pet Food,Cat Foods,Wet Cat Food, شركة نستله العربية السعودية,Purina,PURINA FRSKS WITH TURKEY 85G,2025,40275.96000000003
Pet Supplies,Pet Food,Cat Foods,Wet Cat Food, شركة نستله العربية السعودية,Purina,PURINA FRSKS WITH TURKEY 85G,2026,25268.95896799999
Pet Supplies,Pet Food,Cat Foods,Wet Cat Food, شركة نستله العربية السعودية,Purina,PURINA ONE C.FOOD CHKN 70G,2025,429.96999999999997
Pet Supplies,Pet Food,Cat Foods,Wet Cat Food, شركة نستله العربية السعودية,Purina,PURINA ONE C.FOOD CHKN 70G,2026,4449.391157999998
Pet Supplies,Pet Food,Cat Foods,Wet Cat Food, شركة نستله العربية السعودية,Purina,PURINA ONE C.FOOD FISH 70G,2025,110.96
Pet Supplies,Pet Food,Cat Foods,Wet Cat Food, شركة نستله العربية السعودية,Purina,PURINA ONE C.FOOD FISH 70G,2026,2238.599944
Pet Supplies,Pet Food,Cat Foods,Wet Cat Food, شركة نستله العربية السعودية,Purina,PURINA ONE C.FOOD IND.CHAKN70G,2026,222.469557
Pet Supplies,Pet Food,Cat Foods,Wet Cat Food, شركة نستله العربية السعودية,Purina,PURINA ONE CAT.FOOD CHAKN 70G,2025,249.65000000000003
Pet Supplies,Pet Food,Cat Foods,Wet Cat Food, شركة نستله العربية السعودية,Purina,PURINA ONE CAT.FOOD CHAKN 70G,2026,3642.9390239999993
Pet Supplies,Pet Food,Cat Foods,Wet Cat Food, شركة نستله العربية السعودية,Purina,PURINA ONE CAT.FOOD CHIKN 380G,2026,229.460868
Pet Supplies,Pet Food,Cat Foods,Dry Cat Food, شركة نستله العربية السعودية,Purina,PURINA ONE HAIRBAL C.CHKN 1.2K,2026,104.330434
Pet Supplies,Pet Food,Cat Foods,Dry Cat Food, شركة نستله العربية السعودية,Purina,PURINA ONE HEALTHY ADULT 1.2KG,2025,141793.59999999998
Pet Supplies,Pet Food,Cat Foods,Dry Cat Food, شركة نستله العربية السعودية,Purina,PURINA ONE HEALTHY ADULT 1.2KG,2026,89046.02542399996
Pet Supplies,Pet Food,Cat Foods,Dry Cat Food, شركة نستله العربية السعودية,Purina,PURINA ONE HEALTHY ADULT 380G,2025,76753.45999999995
Pet Supplies,Pet Food,Cat Foods,Dry Cat Food, شركة نستله العربية السعودية,Purina,PURINA ONE HEALTHY ADULT 380G,2026,53745.651136
Pet Supplies,Pet Food,Cat Foods,Dry Cat Food, شركة نستله العربية السعودية,Purina,PURINA ONE HEALTHY KITEN 1.2KG,2025,112913.57999999993
Pet Supplies,Pet Food,Cat Foods,Dry Cat Food, شركة نستله العربية السعودية,Purina,PURINA ONE HEALTHY KITEN 1.2KG,2026,65683.7982079999
Pet Supplies,Pet Food,Cat Foods,Dry Cat Food, شركة نستله العربية السعودية,Purina,PURINA ONE HLY AD.SLMNTNA 2.7K,2025,1017.3600000000001
Pet Supplies,Pet Food,Cat Foods,Dry Cat Food, شركة نستله العربية السعودية,Purina,PURINA ONE HLY AD.SLMNTNA 2.7K,2026,6217.3912900000005
Pet Supplies,Pet Food,Cat Foods,Dry Cat Food, شركة نستله العربية السعودية,Purina,PURINA ONE HLY KITTEN CHKN2.7K,2025,680.88
Pet Supplies,Pet Food,Cat Foods,Dry Cat Food, شركة نستله العربية السعودية,Purina,PURINA ONE HLY KITTEN CHKN2.7K,2026,3971.739101
Pet Supplies,Pet Food,Cat Foods,Dry Cat Food, شركة نستله العربية السعودية,Purina,PURINA ONE INDOOR ADV CHKN2.7K,2025,1588.72
Pet Supplies,Pet Food,Cat Foods,Dry Cat Food, شركة نستله العربية السعودية,Purina,PURINA ONE INDOOR ADV CHKN2.7K,2026,3971.7391019999995
Pet Supplies,Pet Food,Cat Foods,Dry Cat Food, شركة نستله العربية السعودية,Purina,PURINA ONE INDOR ADVNTAGE 380G,2025,97634.8899999998
Pet Supplies,Pet Food,Cat Foods,Dry Cat Food, شركة نستله العربية السعودية,Purina,PURINA ONE INDOR ADVNTAGE 380G,2026,68399.99868200005
Pet Supplies,Pet Food,Cat Foods,Dry Cat Food, شركة نستله العربية السعودية,Purina,PURINA ONE INDOR ADVNTGE 1.2KG,2025,781.95
Pet Supplies,Pet Food,Cat Foods,Dry Cat Food, شركة نستله العربية السعودية,Purina,PURINA ONE INDOR ADVNTGE 1.2KG,2026,17840.504215000008
Pet Supplies,Pet Food,Cat Foods,Dry Cat Food, شركة نستله العربية السعودية,Purina,PURINA ONE KITTEN CHIKN 380G,2025,89730.07999999996
Pet Supplies,Pet Food,Cat Foods,Dry Cat Food, شركة نستله العربية السعودية,Purina,PURINA ONE KITTEN CHIKN 380G,2026,64134.781378000036
Pet Supplies,Pet Care,Litter & Housetraining,Cat Litter, شركة الانتصار التجارية,Meow Sand,MEOW SAND BENTONITE CAT LITTER APPLE FRAGRANCE 5L,2026,15123.921775999996
Pet Supplies,Pet Care,Litter & Housetraining,Cat Litter, شركة الانتصار التجارية,Meow Sand,MEOW SAND BENTONITE CAT LITTER FLOWER FRAGRANCE 5L,2026,20013.817435999998
Pet Supplies,Pet Care,Litter & Housetraining,Cat Litter, شركة الانتصار التجارية,Meow Sand,MEOW SAND BENTONITE CAT LITTER LAVANDER FRAGRANCE 5L,2026,22868.478309000002
Pet Supplies,Pet Care,Litter & Housetraining,Cat Litter, شركة الانتصار التجارية,Meow Sand,MEOW SAND BENTONITE CAT LITTER LEMON FRAGRANCE 5L,2026,15158.887018
Pet Supplies,Pet Care,Litter & Housetraining,Cat Litter, شركة مارس السعودية العربية للتجارة المحدودة - شركة شخص واحد,Catsan,CATSAN HYGIENE LITTER 10L,2025,35607.11000000002
Pet Supplies,Pet Care,Litter & Housetraining,Cat Litter, شركة مارس السعودية العربية للتجارة المحدودة - شركة شخص واحد,Catsan,CATSAN HYGIENE LITTER 10L,2026,38946.52164199995
Pet Supplies,Pet Care,Litter & Housetraining,Cat Litter, شركة مارس السعودية العربية للتجارة المحدودة - شركة شخص واحد,Catsan,CATSAN LITTER HYGIENE 5L,2025,94490.82000000015
Pet Supplies,Pet Care,Litter & Housetraining,Cat Litter, شركة مارس السعودية العربية للتجارة المحدودة - شركة شخص واحد,Catsan,CATSAN LITTER HYGIENE 5L,2026,56806.91205199996
Pet Supplies,Pet Care,Litter & Housetraining,Cat Litter, شركة مارس السعودية العربية للتجارة المحدودة - شركة شخص واحد,Thomas,THOMAS CAT LITTER 10KG,2025,13250.740000000002
Pet Supplies,Pet Care,Litter & Housetraining,Cat Litter, شركة مارس السعودية العربية للتجارة المحدودة - شركة شخص واحد,Thomas,THOMAS CAT LITTER 10KG,2026,20826.956432000017
Pet Supplies,Pet Care,Litter & Housetraining,Cat Litter, شركة مارس السعودية العربية للتجارة المحدودة - شركة شخص واحد,Thomas,THOMAS CAT LITTER 5KG,2025,173049.46999999974
Pet Supplies,Pet Care,Litter & Housetraining,Cat Litter, شركة مارس السعودية العربية للتجارة المحدودة - شركة شخص واحد,Thomas,THOMAS CAT LITTER 5KG,2026,120354.5650139999
Pet Supplies,Pet Care,Litter & Housetraining,Cat Litter, شركة نستله العربية السعودية,Purina,PURINA T.CATS 24/7 PERF.9.07KG,2025,2296.169999999999
Pet Supplies,Pet Care,Litter & Housetraining,Cat Litter, شركة نستله العربية السعودية,Purina,PURINA T.CATS 24/7 PERF.9.07KG,2026,4926.086886
Pet Supplies,Pet Care,Litter & Housetraining,Cat Litter, شركة نستله العربية السعودية,Purina,PURINA TIDY CATS SCOOP 6.35KG,2025,66319.50999999998
Pet Supplies,Pet Care,Litter & Housetraining,Cat Litter, شركة نستله العربية السعودية,Purina,PURINA TIDY CATS SCOOP 6.35KG,2026,40357.88670499996
Spices & Seasonings,Seasonings,Mixed Seasonings,Seven Spices, Riyadh Food Industries Co.(Spices),Zod,ZOD 7SPICES BLEND 100G,2026,0
Spices & Seasonings,Seasonings,Mixed Seasonings,Barbeque Spices, Riyadh Food Industries Co.(Spices),Zod,ZOD BBQ GRILL SPICES 100G,2026,6.947826
Spices & Seasonings,Seasonings,Mixed Seasonings,Koshna Mix, الشركة السعودية لمنتجات الالبان والأغذية,Saudia,SAUDIA KOSHNA 390G,2026,22827.868706000016
Spices & Seasonings,Seasonings,Mixed Seasonings,Seven Spices, شركة اسماعيل علي أبوداود المحدودة,Majdi,MAJDI 7.SPICES SEASONING 230G,2025,8105.2899999999845
Spices & Seasonings,Seasonings,Mixed Seasonings,Seven Spices, شركة اسماعيل علي أبوداود المحدودة,Majdi,MAJDI 7.SPICES SEASONING 230G.,2025,78464.25800000006
Spices & Seasonings,Seasonings,Mixed Seasonings,Seven Spices, شركة اسماعيل علي أبوداود المحدودة,Majdi,MAJDI 7.SPICES SEASONING 230G.,2026,125886.79971500009
Spices & Seasonings,Seasonings,Mixed Seasonings,Biryani Spices, شركة اسماعيل علي أبوداود المحدودة,Majdi,MAJDI BIRYANI SEASONING 100G,2025,29939.73700000006
Spices & Seasonings,Seasonings,Mixed Seasonings,Biryani Spices, شركة اسماعيل علي أبوداود المحدودة,Majdi,MAJDI BIRYANI SEASONING 100G,2026,9386.417270000002
Spices & Seasonings,Seasonings,Mixed Seasonings,Biryani Spices, شركة اسماعيل علي أبوداود المحدودة,Majdi,MAJDI BIRYANI SPICS POWDER900G,2025,47.39
Spices & Seasonings,Seasonings,Mixed Seasonings,Biryani Spices, شركة اسماعيل علي أبوداود المحدودة,Majdi,MAJDI BIRYANI SPICS POWDER900G,2026,47.391304
Spices & Seasonings,Seasonings,Mixed Seasonings,Biryani Spices, شركة اسماعيل علي أبوداود المحدودة,Majdi,MAJDI BRIANI SPICES POWDER 90G,2026,8.686956
Spices & Seasonings,Seasonings,Mixed Seasonings,Biryani Spices, شركة اسماعيل علي أبوداود المحدودة,Majdi,MAJDI BRIANI SPICES.WHOLE 100G,2025,3017.360000000001
Spices & Seasonings,Seasonings,Mixed Seasonings,Biryani Spices, شركة اسماعيل علي أبوداود المحدودة,Majdi,MAJDI BRIANI SPICES.WHOLE 100G,2026,102.608688
Spices & Seasonings,Seasonings,Mixed Seasonings,Fish Spices, شركة اسماعيل علي أبوداود المحدودة,Majdi,MAJDI M.SEA FOOD SEASONING900G,2025,25.17
Spices & Seasonings,Seasonings,Mixed Seasonings,Fish Spices, شركة اسماعيل علي أبوداود المحدودة,Majdi,MAJDI M.SEA FOOD SEASONING900G,2026,25.208695
Spices & Seasonings,Seasonings,Mixed Seasonings,Meat Spices, شركة اسماعيل علي أبوداود المحدودة,Majdi,MAJDI MEAT SPICES 100G,2025,1725.590999999999
Spices & Seasonings,Seasonings,Mixed Seasonings,Meat Spices, شركة اسماعيل علي أبوداود المحدودة,Majdi,MAJDI MEAT SPICES 100G .,2025,17968.900000000005
Spices & Seasonings,Seasonings,Mixed Seasonings,Meat Spices, شركة اسماعيل علي أبوداود المحدودة,Majdi,MAJDI MEAT SPICES 100G .,2026,62.521734
Spices & Seasonings,Seasonings,Mixed Seasonings,Barbeque Spices, شركة اسماعيل علي أبوداود المحدودة,Majdi,MAJDI MIX BBQ&GRILLS SEANG220G,2025,23433.770000000008
Spices & Seasonings,Seasonings,Mixed Seasonings,Barbeque Spices, شركة اسماعيل علي أبوداود المحدودة,Majdi,MAJDI MIX BBQ&GRILLS SEANG220G,2026,25022.426162999956
Spices & Seasonings,Seasonings,Mixed Seasonings,Chicken Spices, شركة اسماعيل علي أبوداود المحدودة,Majdi,MAJDI MIX CHICKEN SEASONNG175G,2025,58044.563000000046
Spices & Seasonings,Seasonings,Mixed Seasonings,Chicken Spices, شركة اسماعيل علي أبوداود المحدودة,Majdi,MAJDI MIX CHICKEN SEASONNG175G,2026,59171.50376099993
Spices & Seasonings,Seasonings,Mixed Seasonings,Chicken Spices, شركة اسماعيل علي أبوداود المحدودة,Majdi,MAJDI MIX.CHICKEN SEASONNG 85G,2025,16981.426000000007
Spices & Seasonings,Seasonings,Mixed Seasonings,Chicken Spices, شركة اسماعيل علي أبوداود المحدودة,Majdi,MAJDI MIX.CHICKEN SEASONNG 85G,2026,1261.9564379999997
Spices & Seasonings,Seasonings,Mixed Seasonings,Chicken Spices, شركة اسماعيل علي أبوداود المحدودة,Majdi,MAJDI MIXED CHIKEN SEASONG900G,2025,169.35
Spices & Seasonings,Seasonings,Mixed Seasonings,Curry Spices, شركة اسماعيل علي أبوداود المحدودة,Majdi,MAJDI MIXED CURRY SEASONG 900G,2025,51.29
Spices & Seasonings,Seasonings,Mixed Seasonings,Curry Spices, شركة اسماعيل علي أبوداود المحدودة,Majdi,MAJDI MIXED CURRY SEASONG.100G,2025,86137.6209999999
Spices & Seasonings,Seasonings,Mixed Seasonings,Curry Spices, شركة اسماعيل علي أبوداود المحدودة,Majdi,MAJDI MIXED CURRY SEASONG.100G,2026,27624.495652000005
Spices & Seasonings,Seasonings,Mixed Seasonings,Meat Spices, شركة اسماعيل علي أبوداود المحدودة,Majdi,MAJDI MIXED MEAT SEASONING900G,2025,116.52
Spices & Seasonings,Seasonings,Mixed Seasonings,Mixed Spices, شركة اسماعيل علي أبوداود المحدودة,Majdi,MAJDI MIXED SPICES 85G,2025,65992.45399999994
Spices & Seasonings,Seasonings,Mixed Seasonings,Mixed Spices, شركة اسماعيل علي أبوداود المحدودة,Majdi,MAJDI MIXED SPICES 85G,2026,54196.430024999885
Spices & Seasonings,Seasonings,Mixed Seasonings,Mixed Spices, شركة اسماعيل علي أبوداود المحدودة,Majdi,MAJDI MIXED SPICES SEANNG 100G,2025,36071.97199999985
Spices & Seasonings,Seasonings,Mixed Seasonings,Mixed Spices, شركة اسماعيل علي أبوداود المحدودة,Majdi,MAJDI MIXED SPICES SEANNG 100G,2026,4400.730371
Spices & Seasonings,Seasonings,Mixed Seasonings,Mixed Spices, شركة اسماعيل علي أبوداود المحدودة,Majdi,MAJDI SAUDI MIXED SPICES 70G,2025,38737.99000000007
Spices & Seasonings,Seasonings,Mixed Seasonings,Mixed Spices, شركة اسماعيل علي أبوداود المحدودة,Majdi,MAJDI SAUDI MIXED SPICES 70G,2026,34050.12532500003
Spices & Seasonings,Seasonings,Mixed Seasonings,Seven Spices, شركة اسناد المحدودة,Esnad,ESNAD 7 SPICES 200G.,2026,178172.14649100008
Spices & Seasonings,Seasonings,Mixed Seasonings,Seven Spices, شركة اسناد المحدودة,Esnad,ESNAD 7 SPICES SEASONING 20G.,2026,12536.972880999985
Spices & Seasonings,Seasonings,Mixed Seasonings,Broasted Spices, شركة اسناد المحدودة,Esnad,ESNAD ALBAIT BROAST 240G.,2026,20995.538742
Spices & Seasonings,Seasonings,Mixed Seasonings,Mixed Spices, شركة اسناد المحدودة,Esnad,ESNAD ARABIC MIX 200G.,2026,18248.47743399998
Spices & Seasonings,Seasonings,Mixed Seasonings,Barbeque Spices, شركة اسناد المحدودة,Esnad,ESNAD BBQ SEASONING 200G.,2026,31835.982886999955
Spices & Seasonings,Seasonings,Mixed Seasonings,Rice Spices, شركة اسناد المحدودة,Esnad,ESNAD BERYANI RICE SPICES.200G,2026,38855.26152200006
Spices & Seasonings,Seasonings,Mixed Seasonings,Rice Spices, شركة اسناد المحدودة,Esnad,ESNAD BUKHARI RICE.SPICES 200G,2026,29623.278592999995
Spices & Seasonings,Seasonings,Mixed Seasonings,Cajun Spices, شركة اسناد المحدودة,Esnad,ESNAD CAJUN SEASONING 110G,2026,47133.57266799991
Spices & Seasonings,Seasonings,Mixed Seasonings,Chicken Spices, شركة اسناد المحدودة,Esnad,ESNAD CHICKEN SEASONING 100G.,2026,20861.513021999923
Spices & Seasonings,Seasonings,Mixed Seasonings,Chicken Spices, شركة اسناد المحدودة,Esnad,ESNAD CHICKEN SEASONING 200G.,2026,49759.12812799994
Spices & Seasonings,Seasonings,Mixed Seasonings,Five Spices, شركة اسناد المحدودة,Esnad,ESNAD CHINESE FIVE SPICES 90G,2026,85.14782
Spices & Seasonings,Seasonings,Mixed Seasonings,Curry Powder, شركة اسناد المحدودة,Esnad,ESNAD CURRY POWDER 100G .,2026,34539.90877700003
Spices & Seasonings,Seasonings,Mixed Seasonings,Curry Powder, شركة اسناد المحدودة,Esnad,ESNAD CURRY POWDER 200G.,2026,44008.81471500008
Spices & Seasonings,Seasonings,Mixed Seasonings,Curry Powder, شركة اسناد المحدودة,Esnad,ESNAD CURRY POWDER C.B 400G.,2026,41062.547064000064
Spices & Seasonings,Seasonings,Mixed Seasonings,Curry Spices, شركة اسناد المحدودة,Esnad,ESNAD HOT CURRY POWDER 200G .,2026,13023.747029000007
Spices & Seasonings,Seasonings,Mixed Seasonings,Italian Spices, شركة اسناد المحدودة,Esnad,ESNAD ITALIAN SEASONING 40G.,2026,1947.399988000001
Spices & Seasonings,Seasonings,Mixed Seasonings,Rice Spices, شركة اسناد المحدودة,Esnad,ESNAD KABLI RICE SPICES 200G.,2026,14605.651447999993
Spices & Seasonings,Seasonings,Mixed Seasonings,Kabsa Spices, شركة اسناد المحدودة,Esnad,ESNAD KABSA SPICES 200G .,2026,70789.13111399995
Spices & Seasonings,Seasonings,Mixed Seasonings,Mandi Spices, شركة اسناد المحدودة,Esnad,ESNAD MANDI SEASONING 108G,2026,33399.96426199999
Spices & Seasonings,Seasonings,Mixed Seasonings,Mixed Spices, شركة اسناد المحدودة,Esnad,ESNAD MIXED SPICES C.B 400G.,2026,70437.90505700011
Spices & Seasonings,Seasonings,Mixed Seasonings,Mixed Spices, شركة اسناد المحدودة,Esnad,ESNAD MIXED SPICES PACKET.100G,2026,44960
Spices & Seasonings,Seasonings,Mixed Seasonings,Mixed Spices, شركة اسناد المحدودة,Esnad,ESNAD MIXED SPICES PACKET.200G,2026,57596.07395800004
Spices & Seasonings,Seasonings,Mixed Seasonings,Pizza Spices, شركة اسناد المحدودة,Esnad,ESNAD PIZZA SEASONING 200G.,2026,8914.451756999995
Spices & Seasonings,Seasonings,Mixed Seasonings,Pizza Spices, شركة اسناد المحدودة,Esnad,ESNAD PIZZA SEASONING 35G.,2026,135.54782400000002
Spices & Seasonings,Seasonings,Mixed Seasonings,Sambosa Spices, شركة اسناد المحدودة,Esnad,ESNAD SAMOSAS B.SEASONING.200G,2026,23060.712892999974
Spices & Seasonings,Seasonings,Mixed Seasonings,Fish Spices, شركة اسناد المحدودة,Esnad,ESNAD SEAFOOD SEASONING 100G,2026,198.09563400000002
Spices & Seasonings,Seasonings,Mixed Seasonings,Fish Spices, شركة اسناد المحدودة,Esnad,ESNAD SEAFOOD SEASONING 200G.,2026,916.9564959999997
Spices & Seasonings,Seasonings,Mixed Seasonings,Fish Spices, شركة اسناد المحدودة,Esnad,ESNAD SEAFOOD SPICERY 200G.,2026,26167.660505000018
Spices & Seasonings,Seasonings,Mixed Seasonings,Soup Spices, شركة اسناد المحدودة,Esnad,ESNAD SOUP SPICES 150G.,2026,5395.434510000004
Spices & Seasonings,Seasonings,Mixed Seasonings,Stuffed Spices, شركة اسناد المحدودة,Esnad,ESNAD STUFFING SEASONING 200G.,2026,19076.05169999997
Spices & Seasonings,Seasonings,Mixed Seasonings,Mixed Spices, شركة الانماء العربية للتجارة,Haley,HALEY KABSA SPICES 100G,2025,7678.239999999961
Spices & Seasonings,Seasonings,Mixed Seasonings,Mixed Spices, شركة الانماء العربية للتجارة,Haley,HALEY KABSA SPICES 100G,2026,81270.9271909999
Spices & Seasonings,Seasonings,Mixed Seasonings,Mixed Spices, شركة الانماء العربية للتجارة,Haley,HALEY MIXED SPICES 85G,2025,8119.749999999988
Spices & Seasonings,Seasonings,Mixed Seasonings,Mixed Spices, شركة الانماء العربية للتجارة,Haley,HALEY MIXED SPICES 85G,2026,81684.71722200012
Spices & Seasonings,Seasonings,Mixed Seasonings,Mixed Spices, شركة الانماء العربية للتجارة,Haley,HALEY SEVEN SPICES 65G,2025,9906.450000000004
Spices & Seasonings,Seasonings,Mixed Seasonings,Mixed Spices, شركة الانماء العربية للتجارة,Haley,HALEY SEVEN SPICES 65G,2026,107129.16908400004
Spices & Seasonings,Seasonings,Mixed Seasonings,Barbeque Spices, شركة الأنماء العربية للتجارة,Zeina,ZEINA BBQ SPICES 200G,2026,12876.725853000013
Spices & Seasonings,Seasonings,Mixed Seasonings,Biryani Spices, شركة الأنماء العربية للتجارة,Zeina,ZEINA BIRYANI 100G,2026,7513.669549999999
Spices & Seasonings,Seasonings,Mixed Seasonings,Bokhari Spices, شركة الأنماء العربية للتجارة,Zeina,ZEINA BOKHARI SPICES 200G,2026,6.956521
Spices & Seasonings,Seasonings,Mixed Seasonings,Shawarma Spices, شركة الأنماء العربية للتجارة,Zeina,ZEINA CH.SHAWARMA SPICES 200G,2026,18768.782395000024
Spices & Seasonings,Seasonings,Mixed Seasonings,Chicken Spices, شركة الأنماء العربية للتجارة,Zeina,ZEINA CHICKEN STOCK SPICES100G,2026,14932.17361500001
Spices & Seasonings,Seasonings,Mixed Seasonings,Chicken Spices, شركة الأنماء العربية للتجارة,Zeina,ZEINA CHICKEN STOCK SPICES200G,2026,18193.703497999955
Spices & Seasonings,Seasonings,Mixed Seasonings,Masala Spices, شركة الأنماء العربية للتجارة,Zeina,ZEINA GARAMI MASALA SPICES200G,2026,18003.617474
Spices & Seasonings,Seasonings,Mixed Seasonings,Kabsa Spices, شركة الأنماء العربية للتجارة,Zeina,ZEINA KABSA SPICE 100G,2026,13439.269551999989
Spices & Seasonings,Seasonings,Mixed Seasonings,Mandi Spices, شركة الأنماء العربية للتجارة,Zeina,ZEINA MANDI SEASONING 100G,2026,10976.81721199999
Spices & Seasonings,Seasonings,Mixed Seasonings,Shawarma Spices, شركة الأنماء العربية للتجارة,Zeina,ZEINA MEAT SHAWRMA SPICES 200G,2026,10258.852391000008
Spices & Seasonings,Seasonings,Mixed Seasonings,Mixed Spices, شركة الأنماء العربية للتجارة,Zeina,ZEINA MIXSED SPICES 200G,2026,15004.269520000033
Spices & Seasonings,Seasonings,Mixed Seasonings,Othmanian Spices, شركة الأنماء العربية للتجارة,Zeina,ZEINA OTHMANIAN SPICES 200G .,2026,14280.52970999999
Spices & Seasonings,Seasonings,Mixed Seasonings,Seven Spices, شركة الأنماء العربية للتجارة,Zeina,ZEINA SEVEN SPICES 200G,2026,21885
Spices & Seasonings,Seasonings,Mixed Seasonings,Soup Spices, شركة الأنماء العربية للتجارة,Zeina,ZEINA SOUP SPICES 200G,2026,12740.191784000002
Spices & Seasonings,Seasonings,Mixed Seasonings,Rice Spices, شركة البازل السعودية المحدودة,Eastern,EASTERN BUKHARI SPICE MIX 135G,2025,11636.885000000031
Spices & Seasonings,Seasonings,Mixed Seasonings,Rice Spices, شركة البازل السعودية المحدودة,Eastern,EASTERN BUKHARI SPICE MIX 135G,2026,215.652158
Spices & Seasonings,Seasonings,Mixed Seasonings,Chicken Spices, شركة البازل السعودية المحدودة,Eastern,EASTERN CHCKN MASLA POWDR 160G,2025,32.263
Spices & Seasonings,Seasonings,Mixed Seasonings,Chicken Spices, شركة البازل السعودية المحدودة,Eastern,EASTERN CHCKN MASLA POWDR 160G,2026,19.113042
Spices & Seasonings,Seasonings,Mixed Seasonings,Chicken Spices, شركة البازل السعودية المحدودة,Eastern,EASTERN CHICKEN MASALA 150G,2025,34970.339000000014
Spices & Seasonings,Seasonings,Mixed Seasonings,Chicken Spices, شركة البازل السعودية المحدودة,Eastern,EASTERN CHICKEN MASALA 150G,2026,39056.65110500007
Spices & Seasonings,Seasonings,Mixed Seasonings,Curry Powder, شركة البازل السعودية المحدودة,Eastern,EASTERN CURRY POWDER 400G,2025,169767.05800000008
Spices & Seasonings,Seasonings,Mixed Seasonings,Curry Powder, شركة البازل السعودية المحدودة,Eastern,EASTERN CURRY POWDER 400G,2026,32439.39930100002
Spices & Seasonings,Seasonings,Mixed Seasonings,Curry Powder, شركة البازل السعودية المحدودة,Eastern,EASTERN CURRY POWDER 900G,2025,89508.244
Spices & Seasonings,Seasonings,Mixed Seasonings,Curry Powder, شركة البازل السعودية المحدودة,Eastern,EASTERN CURRY POWDER 900G,2026,59565.600157999965
Spices & Seasonings,Seasonings,Mixed Seasonings,Fish Spices, شركة البازل السعودية المحدودة,Eastern,EASTERN FISH MASLA POWDR 165G,2025,47064.717000000135
Spices & Seasonings,Seasonings,Mixed Seasonings,Fish Spices, شركة البازل السعودية المحدودة,Eastern,EASTERN FISH MASLA POWDR 165G,2026,18219.877252000002
Spices & Seasonings,Seasonings,Mixed Seasonings,Kabsa Spices, شركة البازل السعودية المحدودة,Eastern,EASTERN KABSA SPICE MIX 200G,2025,130036.27300000025
Spices & Seasonings,Seasonings,Mixed Seasonings,Kabsa Spices, شركة البازل السعودية المحدودة,Eastern,EASTERN KABSA SPICE MIX 200G,2026,70389.09675800004
Spices & Seasonings,Seasonings,Mixed Seasonings,Meat Spices, شركة البازل السعودية المحدودة,Eastern,EASTERN MEAT MASALA POWDR 160G,2025,64200.035000000054
Spices & Seasonings,Seasonings,Mixed Seasonings,Meat Spices, شركة البازل السعودية المحدودة,Eastern,EASTERN MEAT MASALA POWDR 160G,2026,31477.99878000004
Spices & Seasonings,Seasonings,Mixed Seasonings,Curry Powder, شركة التموين العربي التجارية المحدودة,American Garden,AMERICAN GARDEN CURRY POW.454G,2026,156.46956
Spices & Seasonings,Seasonings,Mixed Seasonings,Curry Powder, شركة التموين العربي التجارية المحدودة,American Garden,AMERICAN GARDN CURRY POWDR 78G,2026,21.73913
Spices & Seasonings,Seasonings,Mixed Seasonings,Mixed Spices, شركة الرياض للصناعات الغذائية,Zidnee,ZIDNEE EXTRA MIXED SPICES.200G,2025,4561.110000000001
Spices & Seasonings,Seasonings,Mixed Seasonings,Mixed Spices, شركة الرياض للصناعات الغذائية,Zidnee,ZIDNEE EXTRA MIXED SPICES.200G,2026,13.904347
Spices & Seasonings,Seasonings,Mixed Seasonings,Seven Spices, شركة الرياض للصناعات الغذائية,Zidnee,ZIDNEE SEVEN SPICES 200G,2025,499.32000000000005
Spices & Seasonings,Seasonings,Mixed Seasonings,Mixed Spices, شركة الرياض للصناعات الغذائية,Zod,ZOD ALQASSIM MIXED SPICES 250G,2026,3712.6782170000056
Spices & Seasonings,Seasonings,Mixed Seasonings,Curry Spices, شركة الرياض للصناعات الغذائية,Zod,ZOD BUHAR HILO CURRY 250G,2026,6379.000028000001
Spices & Seasonings,Seasonings,Mixed Seasonings,Curry Spices, شركة الرياض للصناعات الغذائية,Zod,ZOD BUHAR HILO CURRY 300G,2026,21651.42305900001
Spices & Seasonings,Seasonings,Mixed Seasonings,Curry Spices, شركة الرياض للصناعات الغذائية,Zod,ZOD BUHAR HOT CURRY 300G,2026,24868.886602999984
Spices & Seasonings,Seasonings,Mixed Seasonings,Curry Spices, شركة الرياض للصناعات الغذائية,Zod,ZOD BUHAR HOT CURRY BAG 250G,2026,3968.0782770000023
Spices & Seasonings,Seasonings,Mixed Seasonings,Chicken Spices, شركة الرياض للصناعات الغذائية,Zod,ZOD CHICKEN BUHAR 250G,2026,4460.3565260000005
Spices & Seasonings,Seasonings,Mixed Seasonings,Chicken Spices, شركة الرياض للصناعات الغذائية,Zod,ZOD CHICKEN BUHAR 300G,2026,31398.658227999986
Spices & Seasonings,Seasonings,Mixed Seasonings,Chicken Spices, شركة الرياض للصناعات الغذائية,Zod,ZOD CHICKEN BUHAR BAG 75G .,2026,3.695652
Spices & Seasonings,Seasonings,Mixed Seasonings,Escalope Spices, شركة الرياض للصناعات الغذائية,Zod,ZOD ESCALOPE SPICES 300G,2026,11.956521
Spices & Seasonings,Seasonings,Mixed Seasonings,Kabsa Spices, شركة الرياض للصناعات الغذائية,Zod,ZOD KABSAH EXTRA SPICES 250G,2026,5822.347228000006
Spices & Seasonings,Seasonings,Mixed Seasonings,Kabsa Spices, شركة الرياض للصناعات الغذائية,Zod,ZOD KABSAH EXTRA SPICES 300G,2026,23557.999752999935
Spices & Seasonings,Seasonings,Mixed Seasonings,Kabsa Spices, شركة الرياض للصناعات الغذائية,Zod,ZOD KABSAH ZAMAN SPICES 250G,2026,188.54780399999999
Spices & Seasonings,Seasonings,Mixed Seasonings,Kabsa Spices, شركة الرياض للصناعات الغذائية,Zod,ZOD KABSH EXTRA SPICS BAG 100G,2026,13.87826
Spices & Seasonings,Seasonings,Mixed Seasonings,Meat Spices, شركة الرياض للصناعات الغذائية,Zod,ZOD MEAT BUHAR 250G,2026,5292.608604000007
Spices & Seasonings,Seasonings,Mixed Seasonings,Mixed Spices, شركة الرياض للصناعات الغذائية,Zod,ZOD MIXED EXTRA SPICES 250G,2026,7536.007601000001
Spices & Seasonings,Seasonings,Mixed Seasonings,Seven Spices, شركة الرياض للصناعات الغذائية,Zod,ZOD SEVEN SPICES 300G,2026,12547.425728000024
Spices & Seasonings,Seasonings,Mixed Seasonings,Seven Spices, شركة الرياض للصناعات الغذائية,Zod,ZOD SEVEN SPICES BAG 100G .,2026,8192.190647000001
Spices & Seasonings,Seasonings,Mixed Seasonings,Seven Spices, شركة الرياض للصناعات الغذائية,Zod,ZOD SEVEN SPICES BAG 250G .,2026,4761.903968999999
Spices & Seasonings,Seasonings,Mixed Seasonings,Seven Spices, شركة الغربي للصناعات الغذائية,Algharbi,AL-GHARBI B.SEVEN SPICES 300G,2025,217949.72599999988
Spices & Seasonings,Seasonings,Mixed Seasonings,Seven Spices, شركة الغربي للصناعات الغذائية,Algharbi,AL-GHARBI B.SEVEN SPICES 300G,2026,201988.37667400046
Spices & Seasonings,Seasonings,Mixed Seasonings,Barbeque Spices, شركة الغربي للصناعات الغذائية,Algharbi,AL-GHARBI BLEND BBQ SPICE 300G,2025,54608.58200000005
Spices & Seasonings,Seasonings,Mixed Seasonings,Barbeque Spices, شركة الغربي للصناعات الغذائية,Algharbi,AL-GHARBI BLEND BBQ SPICE 300G,2026,63833.54441400011
Spices & Seasonings,Seasonings,Mixed Seasonings,Othmanian Spices, شركة الغربي للصناعات الغذائية,Algharbi,AL-GHARBI BLEND OTH.SPICE 300G,2025,83463.09799999991
Spices & Seasonings,Seasonings,Mixed Seasonings,Othmanian Spices, شركة الغربي للصناعات الغذائية,Algharbi,AL-GHARBI BLEND OTH.SPICE 300G,2026,81583.71611100005
Spices & Seasonings,Seasonings,Mixed Seasonings,Soup Spices, شركة الغربي للصناعات الغذائية,Algharbi,AL-GHARBI BLEND S.SPICES 300G,2025,77523.4800000002
Spices & Seasonings,Seasonings,Mixed Seasonings,Soup Spices, شركة الغربي للصناعات الغذائية,Algharbi,AL-GHARBI BLEND S.SPICES 300G,2026,94360.59730000027
Spices & Seasonings,Seasonings,Mixed Seasonings,Broasted Spices, شركة الغربي للصناعات الغذائية,Algharbi,KHALTHAT A.BROASTED SPICY 400G,2025,46062.726999999955
Spices & Seasonings,Seasonings,Mixed Seasonings,Broasted Spices, شركة الغربي للصناعات الغذائية,Algharbi,KHALTHAT A.BROASTED SPICY 400G,2026,43688.87875000004
Spices & Seasonings,Seasonings,Mixed Seasonings,Mixed Spices, شركة الغربي للصناعات الغذائية,Algharbi,KHALTHAT A.MIX SPICE SPCY 250G,2025,131992.0509999999
Spices & Seasonings,Seasonings,Mixed Seasonings,Mixed Spices, شركة الغربي للصناعات الغذائية,Algharbi,KHALTHAT A.MIX SPICE SPCY 250G,2026,120867.89492300006
Spices & Seasonings,Seasonings,Mixed Seasonings,Broasted Spices, شركة الغربي للصناعات الغذائية,Algharbi,KHALTHAT ALGHARBI BROASTD 400G,2025,71282.42399999988
Spices & Seasonings,Seasonings,Mixed Seasonings,Broasted Spices, شركة الغربي للصناعات الغذائية,Algharbi,KHALTHAT ALGHARBI BROASTD 400G,2026,58908.85286400004
Spices & Seasonings,Seasonings,Mixed Seasonings,Chicken Spices, شركة الغربي للصناعات الغذائية,Algharbi,KHALTHAT ALGHARBI C.STOCK 280G,2025,180835.21399999998
Spices & Seasonings,Seasonings,Mixed Seasonings,Chicken Spices, شركة الغربي للصناعات الغذائية,Algharbi,KHALTHAT ALGHARBI C.STOCK 280G,2026,155851.0361189997
Spices & Seasonings,Seasonings,Mixed Seasonings,Mixed Spices, شركة الغربي للصناعات الغذائية,Algharbi,KHALTHAT ALGHARBI MIX SPCE250G,2025,268205.33199999994
Spices & Seasonings,Seasonings,Mixed Seasonings,Mixed Spices, شركة الغربي للصناعات الغذائية,Algharbi,KHALTHAT ALGHARBI MIX SPCE250G,2026,225048.9325919995
Spices & Seasonings,Seasonings,Mixed Seasonings,Curry Powder, شركة المهباج الشامية للتجارة,Almehbaj,ALMEHBAJ CURY SPICE PWDER 170G,2025,67351.75600000011
Spices & Seasonings,Seasonings,Mixed Seasonings,Curry Powder, شركة المهباج الشامية للتجارة,Almehbaj,ALMEHBAJ CURY SPICE PWDER 170G,2026,56010.00066999982
Spices & Seasonings,Seasonings,Mixed Seasonings,Kabsa Spices, شركة المهباج الشامية للتجارة,Almehbaj,ALMEHBAJ KABSAH MIX SPICE 190G,2025,131847.399
Spices & Seasonings,Seasonings,Mixed Seasonings,Kabsa Spices, شركة المهباج الشامية للتجارة,Almehbaj,ALMEHBAJ KABSAH MIX SPICE 190G,2026,69862.89452799982
Spices & Seasonings,Seasonings,Mixed Seasonings,Mixed Spices, شركة المهباج الشامية للتجارة,Almehbaj,ALMEHBAJ MIX SPICES POWDR 225G,2025,86553.11600000001
Spices & Seasonings,Seasonings,Mixed Seasonings,Mixed Spices, شركة المهباج الشامية للتجارة,Almehbaj,ALMEHBAJ MIX SPICES POWDR 225G,2026,8160.477819999995
Spices & Seasonings,Seasonings,Mixed Seasonings,Seven Spices, شركة المهباج الشامية للتجارة,Almehbaj,ALMEHBAJ SEVEN SPICES 170G,2025,8249.184000000003
Spices & Seasonings,Seasonings,Mixed Seasonings,Seven Spices, شركة المهباج الشامية للتجارة,Almehbaj,ALMEHBAJ SEVEN SPICES 170G,2026,424.1999860000001
Spices & Seasonings,Seasonings,Mixed Seasonings,Mixed Spices, شركة النعمان إخوان العالمية للتجارة المحدودة,Alqassim,ALQASSIM MLLAH M.SPICES 500G,2026,13417.694929000007
Spices & Seasonings,Seasonings,Mixed Seasonings,Biryani Masala, شركة تموين الشرق للتجارة شركة مساهمة مقفلة,Freshly,FRESHLY 7 SPICES 220G,2025,40881.12000000003
Spices & Seasonings,Seasonings,Mixed Seasonings,Biryani Masala, شركة تموين الشرق للتجارة شركة مساهمة مقفلة,Freshly,FRESHLY 7 SPICES 220G,2026,45835.92165499999
Spices & Seasonings,Seasonings,Mixed Seasonings,Seven Spices, شركة تموين الشرق للتجارة شركة مساهمة مقفلة,Freshly,FRESHLY 7 SPICES 220G,2026,14644.330070000009
Spices & Seasonings,Seasonings,Mixed Seasonings,Mixed Spices, شركة تموين الشرق للتجارة شركة مساهمة مقفلة,Freshly,FRESHLY ALL PRPSE.SLT.SNG.227G,2025,36982.65999999994
Spices & Seasonings,Seasonings,Mixed Seasonings,Mixed Spices, شركة تموين الشرق للتجارة شركة مساهمة مقفلة,Freshly,FRESHLY ALL PRPSE.SLT.SNG.227G,2026,29769.434695000025
Spices & Seasonings,Seasonings,Mixed Seasonings,Barbeque Spices, شركة تموين الشرق للتجارة شركة مساهمة مقفلة,Freshly,FRESHLY BBQ GARLIC&HERB 156G,2025,109.6
Spices & Seasonings,Seasonings,Mixed Seasonings,Barbeque Spices, شركة تموين الشرق للتجارة شركة مساهمة مقفلة,Freshly,FRESHLY BBQ GARLIC&HERB 156G,2026,410.86956000000004
Spices & Seasonings,Seasonings,Mixed Seasonings,Biryani Spices, شركة تموين الشرق للتجارة شركة مساهمة مقفلة,Freshly,FRESHLY BIRYANI SEASONING 198G,2025,112339.05600000004
Spices & Seasonings,Seasonings,Mixed Seasonings,Biryani Spices, شركة تموين الشرق للتجارة شركة مساهمة مقفلة,Freshly,FRESHLY BIRYANI SEASONING 198G,2026,48189.97906899988
Spices & Seasonings,Seasonings,Mixed Seasonings,Brisket Spices, شركة تموين الشرق للتجارة شركة مساهمة مقفلة,Freshly,FRESHLY BRISKET SEASONING 184G,2025,5191.636999999999
Spices & Seasonings,Seasonings,Mixed Seasonings,Brisket Spices, شركة تموين الشرق للتجارة شركة مساهمة مقفلة,Freshly,FRESHLY BRISKET SEASONING 184G,2026,4482.686914999998
Spices & Seasonings,Seasonings,Mixed Seasonings,Ranch Spices, شركة تموين الشرق للتجارة شركة مساهمة مقفلة,Freshly,FRESHLY BUFFALO RANCH SNG.135G,2025,2442.2300000000005
Spices & Seasonings,Seasonings,Mixed Seasonings,Ranch Spices, شركة تموين الشرق للتجارة شركة مساهمة مقفلة,Freshly,FRESHLY BUFFALO RANCH SNG.135G,2026,1271.7390750000002
Spices & Seasonings,Seasonings,Mixed Seasonings,Burger Spices, شركة تموين الشرق للتجارة شركة مساهمة مقفلة,Freshly,FRESHLY BURGER SEASONING 163G,2025,10763.392000000003
Spices & Seasonings,Seasonings,Mixed Seasonings,Burger Spices, شركة تموين الشرق للتجارة شركة مساهمة مقفلة,Freshly,FRESHLY BURGER SEASONING 163G,2026,5749.434502999998
Spices & Seasonings,Seasonings,Mixed Seasonings,Mixed Spices, شركة تموين الشرق للتجارة شركة مساهمة مقفلة,Freshly,FRESHLY CAJUN SEASONING 170G,2025,26486.45000000005
Spices & Seasonings,Seasonings,Mixed Seasonings,Mixed Spices, شركة تموين الشرق للتجارة شركة مساهمة مقفلة,Freshly,FRESHLY CAJUN SEASONING 170G,2026,25183.746560999996
Spices & Seasonings,Seasonings,Mixed Seasonings,Mixed Spices, شركة تموين الشرق للتجارة شركة مساهمة مقفلة,Freshly,FRESHLY CAJUN SEASONING 680G,2025,16995
Spices & Seasonings,Seasonings,Mixed Seasonings,Mixed Spices, شركة تموين الشرق للتجارة شركة مساهمة مقفلة,Freshly,FRESHLY CAJUN SEASONING 680G,2026,63366.10376799997
Spices & Seasonings,Seasonings,Mixed Seasonings,Curry Powder, شركة تموين الشرق للتجارة شركة مساهمة مقفلة,Freshly,FRESHLY CURRY POWDER 454G,2025,70708.81000000006
Spices & Seasonings,Seasonings,Mixed Seasonings,Curry Powder, شركة تموين الشرق للتجارة شركة مساهمة مقفلة,Freshly,FRESHLY CURRY POWDER 454G,2026,42650.27746300005
Spices & Seasonings,Seasonings,Mixed Seasonings,Curry Powder, شركة تموين الشرق للتجارة شركة مساهمة مقفلة,Freshly,FRESHLY CURRY POWDER 80G,2025,99914.9600000003
Spices & Seasonings,Seasonings,Mixed Seasonings,Curry Powder, شركة تموين الشرق للتجارة شركة مساهمة مقفلة,Freshly,FRESHLY CURRY POWDER 80G,2026,101266.4189890001
Spices & Seasonings,Seasonings,Mixed Seasonings,Dukka Madany Spices, شركة تموين الشرق للتجارة شركة مساهمة مقفلة,Freshly,FRESHLY DUKA MADANY SEASNG106G,2025,4109.056000000001
Spices & Seasonings,Seasonings,Mixed Seasonings,Dukka Madany Spices, شركة تموين الشرق للتجارة شركة مساهمة مقفلة,Freshly,FRESHLY DUKA MADANY SEASNG106G,2026,2496.521615000001
Spices & Seasonings,Seasonings,Mixed Seasonings,Fried Potato Spices, شركة تموين الشرق للتجارة شركة مساهمة مقفلة,Freshly,FRESHLY FRENCH F.SEASONIG 142G,2025,179457.00400000007
Spices & Seasonings,Seasonings,Mixed Seasonings,Fried Potato Spices, شركة تموين الشرق للتجارة شركة مساهمة مقفلة,Freshly,FRESHLY FRENCH F.SEASONIG 142G,2026,171618.4758049996
Spices & Seasonings,Seasonings,Mixed Seasonings,Fried Potato Spices, شركة تموين الشرق للتجارة شركة مساهمة مقفلة,Freshly,FRESHLY FRNCH F.SEA SESONG241G,2025,20440.349999999988
Spices & Seasonings,Seasonings,Mixed Seasonings,Fried Potato Spices, شركة تموين الشرق للتجارة شركة مساهمة مقفلة,Freshly,FRESHLY FRNCH F.SEA SESONG241G,2026,5310.869459000001
Spices & Seasonings,Seasonings,Mixed Seasonings,Garlic Spices, شركة تموين الشرق للتجارة شركة مساهمة مقفلة,Freshly,FRESHLY GARLIC&PEPPER SEA.383G,2025,13538.287000000004
Spices & Seasonings,Seasonings,Mixed Seasonings,Garlic Spices, شركة تموين الشرق للتجارة شركة مساهمة مقفلة,Freshly,FRESHLY GARLIC&PEPPER SEA.383G,2026,6397.217280999999
Spices & Seasonings,Seasonings,Mixed Seasonings,Garlic Spices, شركة تموين الشرق للتجارة شركة مساهمة مقفلة,Freshly,FRESHLY GARLIC/PARSLEY S.132G,2025,77242.04999999994
Spices & Seasonings,Seasonings,Mixed Seasonings,Garlic Spices, شركة تموين الشرق للتجارة شركة مساهمة مقفلة,Freshly,FRESHLY GARLIC/PARSLEY S.132G,2026,83297.1098519999
Spices & Seasonings,Seasonings,Mixed Seasonings,Hummus Spices, شركة تموين الشرق للتجارة شركة مساهمة مقفلة,Freshly,FRESHLY HUMMUS SEASONING 142G,2025,1542.3730000000005
Spices & Seasonings,Seasonings,Mixed Seasonings,Hummus Spices, شركة تموين الشرق للتجارة شركة مساهمة مقفلة,Freshly,FRESHLY HUMMUS SEASONING 142G,2026,1027.1738630000002
Spices & Seasonings,Seasonings,Mixed Seasonings,Italian Spices, شركة تموين الشرق للتجارة شركة مساهمة مقفلة,Freshly,FRESHLY ITALIAN SEASONING 34G,2025,216924.4100000003
Spices & Seasonings,Seasonings,Mixed Seasonings,Italian Spices, شركة تموين الشرق للتجارة شركة مساهمة مقفلة,Freshly,FRESHLY ITALIAN SEASONING 34G,2026,207722.28396400006
Spices & Seasonings,Seasonings,Mixed Seasonings,Kabsa Spices, شركة تموين الشرق للتجارة شركة مساهمة مقفلة,Freshly,FRESHLY KABSA SEASONING 184G,2025,188029.45000000042
Spices & Seasonings,Seasonings,Mixed Seasonings,Kabsa Spices, شركة تموين الشرق للتجارة شركة مساهمة مقفلة,Freshly,FRESHLY KABSA SEASONING 184G,2026,166472.62053599997
Spices & Seasonings,Seasonings,Mixed Seasonings,Lemon Pepper Spices, شركة تموين الشرق للتجارة شركة مساهمة مقفلة,Freshly,FRESHLY LEMON PEPPER SEAS.340G,2025,149606.10500000036
Spices & Seasonings,Seasonings,Mixed Seasonings,Lemon Pepper Spices, شركة تموين الشرق للتجارة شركة مساهمة مقفلة,Freshly,FRESHLY LEMON PEPPER SEAS.340G,2026,201766.32045199917
Spices & Seasonings,Seasonings,Mixed Seasonings,Meat Spices, شركة تموين الشرق للتجارة شركة مساهمة مقفلة,Freshly,FRESHLY MEAT TENDERZER 163G,2025,164.35
Spices & Seasonings,Seasonings,Mixed Seasonings,Meat Spices, شركة تموين الشرق للتجارة شركة مساهمة مقفلة,Freshly,FRESHLY MEAT TENDERZER 163G,2026,60.808693000000005
Spices & Seasonings,Seasonings,Mixed Seasonings,Chicken Spices, شركة تموين الشرق للتجارة شركة مساهمة مقفلة,Freshly,FRESHLY POULTRY SEASONING 71G,2025,60613.91
Spices & Seasonings,Seasonings,Mixed Seasonings,Chicken Spices, شركة تموين الشرق للتجارة شركة مساهمة مقفلة,Freshly,FRESHLY POULTRY SEASONING 71G,2026,55215.76242500008
Spices & Seasonings,Seasonings,Mixed Seasonings,Chicken Spices, شركة تموين الشرق للتجارة شركة مساهمة مقفلة,Freshly,FRESHLY QASIM WHITE SESNG 184G,2025,6024.307000000001
Spices & Seasonings,Seasonings,Mixed Seasonings,Chicken Spices, شركة تموين الشرق للتجارة شركة مساهمة مقفلة,Freshly,FRESHLY QASIM WHITE SESNG 184G,2026,1584.7825770000004
Spices & Seasonings,Seasonings,Mixed Seasonings,White Spices, شركة تموين الشرق للتجارة شركة مساهمة مقفلة,Freshly,FRESHLY QASIM WHITE SESNG 184G,2026,391.30433999999997
Spices & Seasonings,Seasonings,Mixed Seasonings,Yellow Spices, شركة تموين الشرق للتجارة شركة مساهمة مقفلة,Freshly,FRESHLY QASSIM YELLOW SNG.170G,2025,3808.747000000002
Spices & Seasonings,Seasonings,Mixed Seasonings,Yellow Spices, شركة تموين الشرق للتجارة شركة مساهمة مقفلة,Freshly,FRESHLY QASSIM YELLOW SNG.170G,2026,2084.7825670000007
Spices & Seasonings,Seasonings,Mixed Seasonings,Sambosa Spices, شركة تموين الشرق للتجارة شركة مساهمة مقفلة,Freshly,FRESHLY SAMBOSA SEASONING 128G,2025,4547.130000000004
Spices & Seasonings,Seasonings,Mixed Seasonings,Sambosa Spices, شركة تموين الشرق للتجارة شركة مساهمة مقفلة,Freshly,FRESHLY SAMBOSA SEASONING 128G,2026,1833.9129919999991
Spices & Seasonings,Seasonings,Mixed Seasonings,Seven Spices, شركة تموين الشرق للتجارة شركة مساهمة مقفلة,Freshly,FRESHLY SUIRACHA SEASONING109G,2025,898.8800000000003
Spices & Seasonings,Seasonings,Mixed Seasonings,Mixed Spices, شركة تموين الشرق للتجارة شركة مساهمة مقفلة,Freshly,FRESHLY SUIRACHA SEASONING109G,2026,6748.695363000002
Spices & Seasonings,Seasonings,Mixed Seasonings,Seven Spices, شركة تموين الشرق للتجارة شركة مساهمة مقفلة,Freshly,FRESHLY SUIRACHA SEASONING109G,2026,21337.82543000003
Spices & Seasonings,Seasonings,Mixed Seasonings,Biryani Masala, شركة صرة للصناعة,Sorrah,SORRAH BIRYANI MASALA POW.200G,2025,65432.954999999885
Spices & Seasonings,Seasonings,Mixed Seasonings,Biryani Masala, شركة صرة للصناعة,Sorrah,SORRAH BIRYANI MASALA POW.200G,2026,60217.10369600005
Spices & Seasonings,Seasonings,Mixed Seasonings,Cajun Spices, شركة صرة للصناعة,Sorrah,SORRAH CAJUN SPICES 180G,2025,98884.39700000003
Spices & Seasonings,Seasonings,Mixed Seasonings,Cajun Spices, شركة صرة للصناعة,Sorrah,SORRAH CAJUN SPICES 180G,2026,103100.53835300016
Spices & Seasonings,Seasonings,Mixed Seasonings,Chicken Spices, شركة صرة للصناعة,Sorrah,SORRAH CHICKEN SPICES 200G,2025,105421.49199999997
Spices & Seasonings,Seasonings,Mixed Seasonings,Chicken Spices, شركة صرة للصناعة,Sorrah,SORRAH CHICKEN SPICES 200G,2026,97734.18286900032
Spices & Seasonings,Seasonings,Mixed Seasonings,Curry Spices, شركة صرة للصناعة,Sorrah,SORRAH CURRY SPICES 200G,2025,82088.1249999999
Spices & Seasonings,Seasonings,Mixed Seasonings,Curry Spices, شركة صرة للصناعة,Sorrah,SORRAH CURRY SPICES 200G,2026,73567.73813500014
Spices & Seasonings,Seasonings,Mixed Seasonings,Fried Onion, شركة صرة للصناعة,Sorrah,SORRAH FRIED ONION BAG 250G,2025,236892.58600000056
Spices & Seasonings,Seasonings,Mixed Seasonings,Fried Onion, شركة صرة للصناعة,Sorrah,SORRAH FRIED ONION BAG 250G,2026,204042.48542500005
Spices & Seasonings,Seasonings,Mixed Seasonings,Fried Onion, شركة صرة للصناعة,Sorrah,SORRAH FRIED ONION BAG 5K.,2026,101.73913
Spices & Seasonings,Seasonings,Mixed Seasonings,Fried Potato Spices, شركة صرة للصناعة,Sorrah,SORRAH FRIED POTATO SPICS 250G,2025,247708.18300000014
Spices & Seasonings,Seasonings,Mixed Seasonings,Fried Potato Spices, شركة صرة للصناعة,Sorrah,SORRAH FRIED POTATO SPICS 250G,2026,207104.2408799998
Spices & Seasonings,Seasonings,Mixed Seasonings,Italian Spices, شركة صرة للصناعة,Sorrah,SORRAH ITALIAN SPICES 90G,2025,197558.80100000012
Spices & Seasonings,Seasonings,Mixed Seasonings,Italian Spices, شركة صرة للصناعة,Sorrah,SORRAH ITALIAN SPICES 90G,2026,172936.6261449996
Spices & Seasonings,Seasonings,Mixed Seasonings,Kabsa Spices, شركة صرة للصناعة,Sorrah,SORRAH KABSA SPICES 200G,2025,170874.55399999963
Spices & Seasonings,Seasonings,Mixed Seasonings,Kabsa Spices, شركة صرة للصناعة,Sorrah,SORRAH KABSA SPICES 200G,2026,144577.54185600023
Spices & Seasonings,Seasonings,Mixed Seasonings,Mixed Spices, شركة صرة للصناعة,Sorrah,SORRAH MIX SPICES 200G,2025,205313.7169999993
Spices & Seasonings,Seasonings,Mixed Seasonings,Mixed Spices, شركة صرة للصناعة,Sorrah,SORRAH MIX SPICES 200G,2026,155341.65034300002
Spices & Seasonings,Seasonings,Mixed Seasonings,Salad Spices, شركة صرة للصناعة,Sorrah,SORRAH SALAD SPICES 150G,2025,112514.7370000001
Spices & Seasonings,Seasonings,Mixed Seasonings,Salad Spices, شركة صرة للصناعة,Sorrah,SORRAH SALAD SPICES 150G,2026,61415.45195700006
Spices & Seasonings,Seasonings,Mixed Seasonings,Seven Spices, شركة صرة للصناعة,Sorrah,SORRAH SEVEN SPICES 200G,2025,144543.43899999984
Spices & Seasonings,Seasonings,Mixed Seasonings,Seven Spices, شركة صرة للصناعة,Sorrah,SORRAH SEVEN SPICES 200G,2026,131832.93495300022
Spices & Seasonings,Seasonings,Mixed Seasonings,Turkish Spices, شركة صرة للصناعة,Sorrah,SORRAH TURKISH SPICES 180G,2025,112046.3770000001
Spices & Seasonings,Seasonings,Mixed Seasonings,Turkish Spices, شركة صرة للصناعة,Sorrah,SORRAH TURKISH SPICES 180G,2026,94975.26159899995
Spices & Seasonings,Seasonings,Mixed Seasonings,White Spices, شركة صرة للصناعة,Sorrah,SORRAH WHITE SPICES 200G,2025,135052.61499999973
Spices & Seasonings,Seasonings,Mixed Seasonings,White Spices, شركة صرة للصناعة,Sorrah,SORRAH WHITE SPICES 200G,2026,123028.64131000018
Spices & Seasonings,Seasonings,Mixed Seasonings,Mixed Spices, شركة عافيه العالمية,Afia,AFIA BAHARAT ARABIC MIX 160G,2025,4507.870999999999
Spices & Seasonings,Seasonings,Mixed Seasonings,Mixed Spices, شركة عافيه العالمية,Afia,AFIA BAHARAT ARABIC MIX 160G.,2025,59056.244000000064
Spices & Seasonings,Seasonings,Mixed Seasonings,Mixed Spices, شركة عافيه العالمية,Afia,AFIA BAHARAT ARABIC MIX 160G.,2026,52296.70431499991
Spices & Seasonings,Seasonings,Mixed Seasonings,Biryani Masala, شركة عافيه العالمية,Afia,AFIA BIRYANI MASALA 100G,2025,28613.734000000008
Spices & Seasonings,Seasonings,Mixed Seasonings,Biryani Masala, شركة عافيه العالمية,Afia,AFIA BIRYANI MASALA 100G,2026,35583.997871000094
Spices & Seasonings,Seasonings,Mixed Seasonings,Biryani Masala, شركة عافيه العالمية,Afia,AFIA BIRYANI MASALA WHOLE 100G,2025,183908.64499999996
Spices & Seasonings,Seasonings,Mixed Seasonings,Biryani Masala, شركة عافيه العالمية,Afia,AFIA BIRYANI MASALA WHOLE 100G,2026,98842.87963600001
Spices & Seasonings,Seasonings,Mixed Seasonings,Curry Powder, شركة عافيه العالمية,Afia,AFIA CURRY POWDER 165G,2025,94456.47799999994
Spices & Seasonings,Seasonings,Mixed Seasonings,Curry Powder, شركة عافيه العالمية,Afia,AFIA CURRY POWDER 165G,2026,86141.10074400033
Spices & Seasonings,Seasonings,Mixed Seasonings,Curry Powder, شركة عافيه العالمية,Afia,AFIA CURRY POWDER 400G,2025,37237.47200000001
Spices & Seasonings,Seasonings,Mixed Seasonings,Curry Powder, شركة عافيه العالمية,Afia,AFIA CURRY POWDER 400G,2026,34873.01567599998
Spices & Seasonings,Seasonings,Mixed Seasonings,Kabsa Spices, شركة عافيه العالمية,Afia,AFIA KABSEH SPICES 155G,2026,13.904347
Spices & Seasonings,Seasonings,Mixed Seasonings,Seven Spices, شركة عافيه العالمية,Afia,AFIA SEVEN SPICES LBN 145G,2025,119814.49200000004
Spices & Seasonings,Seasonings,Mixed Seasonings,Seven Spices, شركة عافيه العالمية,Afia,AFIA SEVEN SPICES LBN 145G,2026,107922.34188300003
Spices & Seasonings,Seasonings,Mixed Seasonings,Shawarma Spices, شركة عافيه العالمية,Afia,AFIA SHAWARMA SPICES LBN 155G,2025,64400.839999999975
Spices & Seasonings,Seasonings,Mixed Seasonings,Shawarma Spices, شركة عافيه العالمية,Afia,AFIA SHAWARMA SPICES LBN 155G,2026,69626.80809899967
Spices & Seasonings,Seasonings,Mixed Seasonings,Biryani Masala, شركة مهران العربية للتجارة,Mehran,MEHRAN BIRYANI MASALA 2X55G SO,2025,214290.41000000032
Spices & Seasonings,Seasonings,Mixed Seasonings,Biryani Masala, شركة مهران العربية للتجارة,Mehran,MEHRAN BIRYANI MASALA 2X55G SO,2026,158969.32322600062
Spices & Seasonings,Seasonings,Mixed Seasonings,Biryani Masala, شركة مهران العربية للتجارة,Mehran,MEHRAN BIRYANI MASLA 110G,2025,328028.0190000002
Spices & Seasonings,Seasonings,Mixed Seasonings,Biryani Masala, شركة مهران العربية للتجارة,Mehran,MEHRAN BIRYANI MASLA 110G,2026,251732.14773100027
Spices & Seasonings,Seasonings,Mixed Seasonings,Biryani Spices, شركة مهران العربية للتجارة,Mehran,MEHRAN BIRYANI RECIPE MIX 55G,2025,155949.5929999998
Spices & Seasonings,Seasonings,Mixed Seasonings,Biryani Spices, شركة مهران العربية للتجارة,Mehran,MEHRAN BIRYANI RECIPE MIX 55G,2026,135077.91058699987
Spices & Seasonings,Seasonings,Mixed Seasonings,Biryani Masala, شركة مهران العربية للتجارة,Mehran,MEHRAN BOMBAY B.MASL 2x60G SO,2025,187962.0200000001
Spices & Seasonings,Seasonings,Mixed Seasonings,Biryani Masala, شركة مهران العربية للتجارة,Mehran,MEHRAN BOMBAY B.MASL 2x60G SO,2026,137653.51308899996
Spices & Seasonings,Seasonings,Mixed Seasonings,Biryani Masala, شركة مهران العربية للتجارة,Mehran,MEHRAN BOMBAY BIRYANI MASL 60G,2025,147589.80300000013
Spices & Seasonings,Seasonings,Mixed Seasonings,Biryani Masala, شركة مهران العربية للتجارة,Mehran,MEHRAN BOMBAY BIRYANI MASL 60G,2026,102595.0216970001
Spices & Seasonings,Seasonings,Mixed Seasonings,Biryani Masala, شركة مهران العربية للتجارة,Mehran,MEHRAN BOMBAY BIYAN MASAL 120G,2025,277597.059
Spices & Seasonings,Seasonings,Mixed Seasonings,Biryani Masala, شركة مهران العربية للتجارة,Mehran,MEHRAN BOMBAY BIYAN MASAL 120G,2026,204360.67184800102
Spices & Seasonings,Seasonings,Mixed Seasonings,Masala Spices, شركة مهران العربية للتجارة,Mehran,MEHRAN CHAAT MASALA 2x50G SO,2025,100082.61000000022
Spices & Seasonings,Seasonings,Mixed Seasonings,Masala Spices, شركة مهران العربية للتجارة,Mehran,MEHRAN CHAAT MASALA 2x50G SO,2026,76516.39593699994
Spices & Seasonings,Seasonings,Mixed Seasonings,Masala Spices, شركة مهران العربية للتجارة,Mehran,MEHRAN CHAAT MASALA 50G,2025,91783.2760000003
Spices & Seasonings,Seasonings,Mixed Seasonings,Masala Spices, شركة مهران العربية للتجارة,Mehran,MEHRAN CHAAT MASALA 50G,2026,62364.03625600007
Spices & Seasonings,Seasonings,Mixed Seasonings,Chicken Spices, شركة مهران العربية للتجارة,Mehran,MEHRAN CHIKEN MUTON MASLA 100G,2025,152366.18699999986
Spices & Seasonings,Seasonings,Mixed Seasonings,Chicken Spices, شركة مهران العربية للتجارة,Mehran,MEHRAN CHIKEN MUTON MASLA 100G,2026,130008.57828799963
Spices & Seasonings,Seasonings,Mixed Seasonings,Curry Powder, شركة مهران العربية للتجارة,Mehran,MEHRAN CURRY POWDER 200G,2025,371310.56800000067
Spices & Seasonings,Seasonings,Mixed Seasonings,Curry Powder, شركة مهران العربية للتجارة,Mehran,MEHRAN CURRY POWDER 200G,2026,357323.8209320021
Spices & Seasonings,Seasonings,Mixed Seasonings,Curry Powder, شركة مهران العربية للتجارة,Mehran,MEHRAN CURRY POWDER 2x400G,2025,961697.4809999994
Spices & Seasonings,Seasonings,Mixed Seasonings,Curry Powder, شركة مهران العربية للتجارة,Mehran,MEHRAN CURRY POWDER 2x400G,2026,222117.32483799983
Spices & Seasonings,Seasonings,Mixed Seasonings,Curry Powder, شركة مهران العربية للتجارة,Mehran,MEHRAN CURRY POWDER 400G,2025,825937.8899999999
Spices & Seasonings,Seasonings,Mixed Seasonings,Curry Powder, شركة مهران العربية للتجارة,Mehran,MEHRAN CURRY POWDER 400G,2026,612873.609187002
Spices & Seasonings,Seasonings,Mixed Seasonings,Masala Spices, شركة مهران العربية للتجارة,Mehran,MEHRAN GARAM MASALA POWDR 100G,2025,108173.11600000018
Spices & Seasonings,Seasonings,Mixed Seasonings,Masala Spices, شركة مهران العربية للتجارة,Mehran,MEHRAN GARAM MASALA POWDR 100G,2026,90350.9744679996
Spices & Seasonings,Seasonings,Mixed Seasonings,Masala Spices, شركة مهران العربية للتجارة,Mehran,MEHRAN MIX HALEEM MASALA 50G,2025,137.377
Spices & Seasonings,Seasonings,Mixed Seasonings,Masala Spices, شركة مهران العربية للتجارة,Mehran,MEHRAN MIX HALEEM MASALA 50G,2026,79.991299
Spices & Seasonings,Seasonings,Mixed Seasonings,Qorma Masala, شركة مهران العربية للتجارة,Mehran,MEHRAN QORMA MASALA 100G,2025,123224.83600000007
Spices & Seasonings,Seasonings,Mixed Seasonings,Qorma Masala, شركة مهران العربية للتجارة,Mehran,MEHRAN QORMA MASALA 100G,2026,105370.15652399979
Spices & Seasonings,Seasonings,Mixed Seasonings,Qorma Spices, شركة مهران العربية للتجارة,Mehran,MEHRAN QORMA SPICES 50G,2025,78189.733
Spices & Seasonings,Seasonings,Mixed Seasonings,Qorma Spices, شركة مهران العربية للتجارة,Mehran,MEHRAN QORMA SPICES 50G,2026,63891.72239799992
Spices & Seasonings,Seasonings,Mixed Seasonings,Sambosa Spices, شركة مهران العربية للتجارة,Mehran,MEHRAN SAMBOSA SPICE MIX 250G,2025,82.4
Spices & Seasonings,Seasonings,Mixed Seasonings,Kabsa Spices, شركة مهران العربية للتجارة,Mehran,MEHRAN SAUDI KABSA 100G,2025,101313.106
Spices & Seasonings,Seasonings,Mixed Seasonings,Kabsa Spices, شركة مهران العربية للتجارة,Mehran,MEHRAN SAUDI KABSA 100G,2026,76551.66520599977
Spices & Seasonings,Seasonings,Mixed Seasonings,Kabsa Spices, شركة مهران العربية للتجارة,Mehran,MEHRAN SAUDI KABSA 2x100G SO,2025,113741.3
Spices & Seasonings,Seasonings,Mixed Seasonings,Kabsa Spices, شركة مهران العربية للتجارة,Mehran,MEHRAN SAUDI KABSA 2x100G SO,2026,81764.63969399984
Spices & Seasonings,Seasonings,Mixed Seasonings,Biryani Spices, شركة مهران العربية للتجارة,Mehran,MEHRAN SINDHI BIYAN MASAL 120G,2025,4149.827999999999
Spices & Seasonings,Seasonings,Mixed Seasonings,Biryani Spices, شركة مهران العربية للتجارة,Mehran,MEHRAN SINDHI BIYAN MASAL 120G,2026,130.834779
Spices & Seasonings,Seasonings,Mixed Seasonings,Soup Spices, شركة مهران العربية للتجارة,Mehran,MEHRAN SOUP SPICES MIX 250G,2025,16.09
Spices & Seasonings,Seasonings,Mixed Seasonings,Tikka Spices, شركة مهران العربية للتجارة,Mehran,MEHRAN TIKKA SPICES 50G,2025,66868.32599999994
Spices & Seasonings,Seasonings,Mixed Seasonings,Tikka Spices, شركة مهران العربية للتجارة,Mehran,MEHRAN TIKKA SPICES 50G,2026,45695.954522999935
Spices & Seasonings,Seasonings,Mixed Seasonings,Biryani Masala, مؤسسات سقالة التجارية,Shan,SHAN BIRYANI MASALA 2X50G,2026,34638.859547999906
Spices & Seasonings,Seasonings,Mixed Seasonings,Biryani Spices, مؤسسات سقالة التجارية,Shan,SHAN BIRYANI MASALA 2X50G,2026,61356.826232999585
Spices & Seasonings,Seasonings,Mixed Seasonings,Biryani Masala, مؤسسات سقالة التجارية,Shan,SHAN BIRYANI MASALA 50G,2025,198286.33199999997
Spices & Seasonings,Seasonings,Mixed Seasonings,Biryani Masala, مؤسسات سقالة التجارية,Shan,SHAN BIRYANI MASALA 50G,2026,110555.71141100052
Spices & Seasonings,Seasonings,Mixed Seasonings,Mixed Spices, مؤسسات سقالة التجارية,Shan,SHAN CHAAT MASALA 100G,2025,80
Spices & Seasonings,Seasonings,Mixed Seasonings,Mixed Spices, مؤسسات سقالة التجارية,Shan,SHAN CHAAT MASALA 100G,2026,38331.201097999954
Spices & Seasonings,Seasonings,Mixed Seasonings,Chicken Spices, مؤسسات سقالة التجارية,Shan,SHAN CHICKEN CURRY MIX 50G,2025,113404.76800000005
Spices & Seasonings,Seasonings,Mixed Seasonings,Chicken Spices, مؤسسات سقالة التجارية,Shan,SHAN CHICKEN CURRY MIX 50G,2026,62803.343382000035
Spices & Seasonings,Seasonings,Mixed Seasonings,Tikka Spices, مؤسسات سقالة التجارية,Shan,SHAN CHICKEN TIKKA 2X50G,2025,150.59
Spices & Seasonings,Seasonings,Mixed Seasonings,Tikka Spices, مؤسسات سقالة التجارية,Shan,SHAN CHICKEN TIKKA 2X50G,2026,50542.193764000054
Spices & Seasonings,Seasonings,Mixed Seasonings,Chicken Spices, مؤسسات سقالة التجارية,Shan,SHAN CHICKEN TIKKA BBQ.MIX 50G,2025,83195.43399999995
Spices & Seasonings,Seasonings,Mixed Seasonings,Chicken Spices, مؤسسات سقالة التجارية,Shan,SHAN CHICKEN TIKKA BBQ.MIX 50G,2026,44463.97046300005
Spices & Seasonings,Seasonings,Mixed Seasonings,Curry Powder, مؤسسات سقالة التجارية,Shan,SHAN CURRY POWDER 200G,2025,200503.45600000035
Spices & Seasonings,Seasonings,Mixed Seasonings,Curry Powder, مؤسسات سقالة التجارية,Shan,SHAN CURRY POWDER 200G,2026,122762.52343699984
Spices & Seasonings,Seasonings,Mixed Seasonings,Curry Powder, مؤسسات سقالة التجارية,Shan,SHAN CURRY POWDER 400G,2025,433983.66600000014
Spices & Seasonings,Seasonings,Mixed Seasonings,Curry Powder, مؤسسات سقالة التجارية,Shan,SHAN CURRY POWDER 400G,2026,412195.16238199914
Spices & Seasonings,Seasonings,Mixed Seasonings,Fish Spices, مؤسسات سقالة التجارية,Shan,SHAN FISH SEASONING 50G,2025,73120.88900000016
Spices & Seasonings,Seasonings,Mixed Seasonings,Fish Spices, مؤسسات سقالة التجارية,Shan,SHAN FISH SEASONING 50G,2026,61776.53091300002
Spices & Seasonings,Seasonings,Mixed Seasonings,Kabsa Spices, مؤسسات سقالة التجارية,Shan,SHAN KABSA RICE MASALA 60G,2026,46349.98178200005
Spices & Seasonings,Seasonings,Mixed Seasonings,Biryani Spices, مؤسسات سقالة التجارية,Shan,SHAN SPCIAL BOMBAY BIRYANI 60G,2025,360.0899999999999
Spices & Seasonings,Seasonings,Mixed Seasonings,Biryani Spices, مؤسسات سقالة التجارية,Shan,SHAN SPCIAL BOMBAY BIRYANI 60G,2026,78300.78923100028
Spices & Seasonings,Seasonings,Mixed Seasonings,Biryani Masala, مؤسسات سقالة التجارية,Shan,SHAN SPCL BOMBAY BIRYANI 2X60G,2025,273.96000000000004
Spices & Seasonings,Seasonings,Mixed Seasonings,Biryani Masala, مؤسسات سقالة التجارية,Shan,SHAN SPCL BOMBAY BIRYANI 2X60G,2026,71955.30049000005
Spices & Seasonings,Seasonings,Mixed Seasonings,Mixed Spices, مؤسسات سقالة التجارية,Shan,SHAN TANDOORI MASALA 2X50G,2025,104.38999999999999
Spices & Seasonings,Seasonings,Mixed Seasonings,Mixed Spices, مؤسسات سقالة التجارية,Shan,SHAN TANDOORI MASALA 2X50G,2026,55694.36073300008
Spices & Seasonings,Seasonings,Mixed Seasonings,Mixed Spices, مؤسسات سقالة التجارية,Shan,SHAN TANDOORI MASALA 50G,2025,170.62
Spices & Seasonings,Seasonings,Mixed Seasonings,Mixed Spices, مؤسسات سقالة التجارية,Shan,SHAN TANDOORI MASALA 50G,2026,48776.38810699999
Spices & Seasonings,Seasonings,Mixed Seasonings,Kabsa Spices, مؤسسة بهارات اسرار الامارات التجارية,Asrar,ASRAR ALAMARAT KABSA S.HOT400G,2025,33666.57100000001
Spices & Seasonings,Seasonings,Mixed Seasonings,Kabsa Spices, مؤسسة بهارات اسرار الامارات التجارية,Asrar,ASRAR ALAMARAT KABSA S.HOT400G,2026,14490.165325000014
Spices & Seasonings,Seasonings,Mixed Seasonings,Kabsa Spices, مؤسسة بهارات اسرار الامارات التجارية,Asrar,ASRAR ALAMARAT KABSA SPICE400G,2025,22698.23700000001
Spices & Seasonings,Seasonings,Mixed Seasonings,Kabsa Spices, مؤسسة بهارات اسرار الامارات التجارية,Asrar,ASRAR ALAMARAT KABSA SPICE400G,2026,13963.443605000008
Spices & Seasonings,Seasonings,Mixed Seasonings,Kabsa Spices, مؤسسة بهارات اسرار الامارات التجارية,Asrar,ASRAR ALAMARAT KBSAH HASHI120G,2025,31692.172999999995
Spices & Seasonings,Seasonings,Mixed Seasonings,Kabsa Spices, مؤسسة بهارات اسرار الامارات التجارية,Asrar,ASRAR ALAMARAT KBSAH HASHI120G,2026,24203.99022400001
Spices & Seasonings,Seasonings,Mixed Seasonings,Kabsa Spices, مؤسسة بهارات اسرار الامارات التجارية,Asrar,ASRAR ALAMARAT KBSAH SPICE120G,2025,28734.38700000003
Spices & Seasonings,Seasonings,Mixed Seasonings,Kabsa Spices, مؤسسة بهارات اسرار الامارات التجارية,Asrar,ASRAR ALAMARAT KBSAH SPICE120G,2026,27872.920492000012
Spices & Seasonings,Seasonings,Mixed Seasonings,Mixed Spices, مؤسسة بهارات اسرار الامارات التجارية,Asrar,ASRAR ALAMARAT M.SPICE HOT400G,2025,39164.23199999998
Spices & Seasonings,Seasonings,Mixed Seasonings,Mixed Spices, مؤسسة بهارات اسرار الامارات التجارية,Asrar,ASRAR ALAMARAT M.SPICE HOT400G,2026,34219.913269000026
Spices & Seasonings,Seasonings,Mixed Seasonings,Mixed Spices, مؤسسة بهارات اسرار الامارات التجارية,Asrar,ASRAR ALAMARAT MIXED SPICE120G,2025,77853.45699999995
Spices & Seasonings,Seasonings,Mixed Seasonings,Mixed Spices, مؤسسة بهارات اسرار الامارات التجارية,Asrar,ASRAR ALAMARAT MIXED SPICE120G,2026,58384.49431200005
Spices & Seasonings,Seasonings,Mixed Seasonings,Mixed Spices, مؤسسة بهارات اسرار الامارات التجارية,Asrar,ASRAR ALAMARAT MIXED SPICE400G,2025,59218.25500000008
Spices & Seasonings,Seasonings,Mixed Seasonings,Mixed Spices, مؤسسة بهارات اسرار الامارات التجارية,Asrar,ASRAR ALAMARAT MIXED SPICE400G,2026,45622.26099400014
Spices & Seasonings,Seasonings,Mixed Seasonings,Stuffed Spices, مؤسسة بهارات اسرار الامارات التجارية,Asrar,ASRAR ALAMARAT STUFE SPICE400G,2025,26891.446000000004
Spices & Seasonings,Seasonings,Mixed Seasonings,Stuffed Spices, مؤسسة بهارات اسرار الامارات التجارية,Asrar,ASRAR ALAMARAT STUFE SPICE400G,2026,26343.321522999962
Spices & Seasonings,Seasonings,Mixed Seasonings,Shawarma Spices, مؤسسة بهارات اسرار الامارات التجارية,Asrar,ASRAR ALAMRAT.STUFE&SAMBOS120G,2025,25164.18899999999
Spices & Seasonings,Seasonings,Mixed Seasonings,Sambosa Spices, مؤسسة بهارات اسرار الامارات التجارية,Asrar,ASRAR ALAMRAT.STUFE&SAMBOS120G,2026,6055.286634000002
Spices & Seasonings,Seasonings,Mixed Seasonings,Shawarma Spices, مؤسسة بهارات اسرار الامارات التجارية,Asrar,ASRAR ALAMRAT.STUFE&SAMBOS120G,2026,15110.216753
Spices & Seasonings,Seasonings,Mixed Seasonings,Soup Spices, مؤسسة بهارات السعودية للتجارة,Bin Menqash,BIN MENQAS SOUP SPICES 120G,2026,4511.5389940000005
Spices & Seasonings,Seasonings,Mixed Seasonings,Curry Powder, مؤسسة بهارات السعودية للتجارة,Bin Menqash,BIN MENQASH CURRY POWDER 230G,2026,3718.382544
Spices & Seasonings,Seasonings,Mixed Seasonings,Kabsa Spices, مؤسسة بهارات السعودية للتجارة,Bin Menqash,BIN MENQASH KABSA SPICE 290G,2026,9881.686779999996
Spices & Seasonings,Seasonings,Mixed Seasonings,Mixed Spices, مؤسسة رونق العطاء للتجارة,Ronag Alataa,RONEG MIXED SPICES POWDER 100G,2025,43093.78600000006
Spices & Seasonings,Seasonings,Mixed Seasonings,Mixed Spices, مؤسسة رونق العطاء للتجارة,Ronag Alataa,RONEG MIXED SPICES POWDER 100G,2026,26672.90548699999
Spices & Seasonings,Seasonings,Mixed Seasonings,Broasted Spices, مؤسسة عبدالعزيز علي ابراهيم الحميضي للتجارة,Alhumaidih,ALHUMAIDIH BUHAR BROASTED 250G,2025,1146.441
Spices & Seasonings,Seasonings,Mixed Seasonings,Broasted Spices, مؤسسة عبدالعزيز علي ابراهيم الحميضي للتجارة,Alhumaidih,ALHUMAIDIH BUHAR BROASTED 250G,2026,37.817392
Spices & Seasonings,Seasonings,Mixed Seasonings,Edamat Spices, مؤسسة عبدالعزيز علي ابراهيم الحميضي للتجارة,Alhumaidih,ALHUMAIDIH EDAMAT SPICE 200G,2025,29196.102999999974
Spices & Seasonings,Seasonings,Mixed Seasonings,Edamat Spices, مؤسسة عبدالعزيز علي ابراهيم الحميضي للتجارة,Alhumaidih,ALHUMAIDIH EDAMAT SPICE 200G,2026,25950.374722999964
Spices & Seasonings,Seasonings,Mixed Seasonings,Gulf Spices, مؤسسة عبدالعزيز علي ابراهيم الحميضي للتجارة,Alhumaidih,ALHUMAIDIH GULF SPICE 200G,2025,44774.264999999985
Spices & Seasonings,Seasonings,Mixed Seasonings,Gulf Spices, مؤسسة عبدالعزيز علي ابراهيم الحميضي للتجارة,Alhumaidih,ALHUMAIDIH GULF SPICE 200G,2026,33593.50302999999
Spices & Seasonings,Seasonings,Mixed Seasonings,Mixed Spices, مؤسسة عبدالعزيز علي ابراهيم الحميضي للتجارة,Alhumaidih,ALHUMAIDIH MIXED SPICE 250G,2025,61040.308999999914
Spices & Seasonings,Seasonings,Mixed Seasonings,Mixed Spices, مؤسسة عبدالعزيز علي ابراهيم الحميضي للتجارة,Alhumaidih,ALHUMAIDIH MIXED SPICE 250G,2026,31922.946566000006
Spices & Seasonings,Seasonings,Mixed Seasonings,Mixed Spices, مؤسسة عبدالعزيز علي ابراهيم الحميضي للتجارة,Alhumaidih,ALHUMAIDIH MIXED SPICE HOT250G,2025,21164.54900000002
Spices & Seasonings,Seasonings,Mixed Seasonings,Mixed Spices, مؤسسة عبدالعزيز علي ابراهيم الحميضي للتجارة,Alhumaidih,ALHUMAIDIH MIXED SPICE HOT250G,2026,21782.460293999993
Spices & Seasonings,Seasonings,Mixed Seasonings,Najdeya Spices, مؤسسة عبدالعزيز علي ابراهيم الحميضي للتجارة,Alhumaidih,ALHUMAIDIH SPICE NAJDEYA 250G,2025,46566.98899999989
Spices & Seasonings,Seasonings,Mixed Seasonings,Najdeya Spices, مؤسسة عبدالعزيز علي ابراهيم الحميضي للتجارة,Alhumaidih,ALHUMAIDIH SPICE NAJDEYA 250G,2026,32862.487791000036
Spices & Seasonings,Seasonings,Mixed Seasonings,Kabsa Spices, مؤسسة عبدالعزيز علي ابراهيم الحميضي للتجارة,Alhumaidih,ALHUMAIDIH SPICES KABSAH 250G,2025,43603.527000000024
Spices & Seasonings,Seasonings,Mixed Seasonings,Kabsa Spices, مؤسسة عبدالعزيز علي ابراهيم الحميضي للتجارة,Alhumaidih,ALHUMAIDIH SPICES KABSAH 250G,2026,15592.130473000023
Spices & Seasonings,Seasonings,Mixed Seasonings,Kabsa Spices, مؤسسة عبدالعزيز علي ابراهيم الحميضي للتجارة,Alhumaidih,ALHUMAIDIH SPICES KABSAH WHITE 250G,2026,18747.861542000006
Spices & Seasonings,Seasonings,Mixed Seasonings,Mixed Spices, مؤسسة عبدالعزيز علي ابراهيم الحميضي للتجارة,Alhumaidih,ALHUMAIDIH VIP MIX SPICE 200G,2025,44628.34300000002
Spices & Seasonings,Seasonings,Mixed Seasonings,Mixed Spices, مؤسسة عبدالعزيز علي ابراهيم الحميضي للتجارة,Alhumaidih,ALHUMAIDIH VIP MIX SPICE 200G,2026,26227.39089800001
Spices & Seasonings,Seasonings,Mixed Seasonings,Mixed Spices, مؤسسة عدنان المنصور التجارية,Alameer,AL AMEER MIXED MASALA 300G,2025,1871.6499999999994
Spices & Seasonings,Seasonings,Mixed Seasonings,Mixed Spices, مؤسسة عدنان المنصور التجارية,Alameer,AL AMEER MIXED MASALA 300G,2026,136.95650999999998
Spices & Seasonings,Seasonings,Mixed Seasonings,Biryani Spices, مؤسسة قهوة الريم التجارية,Alreem,ALREEM BIRYANI SPICES 90G,2025,17543.856999999985
Spices & Seasonings,Seasonings,Mixed Seasonings,Biryani Spices, مؤسسة قهوة الريم التجارية,Alreem,ALREEM BIRYANI SPICES 90G,2026,13712.13946400002
Spices & Seasonings,Seasonings,Mixed Seasonings,Curry Spices, مؤسسة قهوة الريم التجارية,Alreem,ALREEM CURRY SPICES 90G,2025,17336.439999999984
Spices & Seasonings,Seasonings,Mixed Seasonings,Curry Spices, مؤسسة قهوة الريم التجارية,Alreem,ALREEM CURRY SPICES 90G,2026,13147.261069
Spices & Seasonings,Seasonings,Mixed Seasonings,Mixed Spices, مؤسسة قهوة الريم التجارية,Alreem,ALREEM MIX SPICES 90G,2025,30739.658999999992
Spices & Seasonings,Seasonings,Mixed Seasonings,Mixed Spices, مؤسسة قهوة الريم التجارية,Alreem,ALREEM MIX SPICES 90G,2026,16503.791771999993
Spices & Seasonings,Seasonings,Mixed Seasonings,White Spices, مؤسسة قهوة الريم التجارية,Alreem,ALREEM WHITE SPICES 90G,2025,23416.32100000001
Spices & Seasonings,Seasonings,Mixed Seasonings,White Spices, مؤسسة قهوة الريم التجارية,Alreem,ALREEM WHITE SPICES 90G,2026,11879.261152000023
Spices & Seasonings,Seasonings,Mixed Seasonings,Chicken Spices, مؤسسة كازا ميزا للتجارة,Kaza Miza,KAZA MIZA CHICKEN SPICES 250G,2025,5891.519999999998
Spices & Seasonings,Seasonings,Mixed Seasonings,Chicken Spices, مؤسسة كازا ميزا للتجارة,Kaza Miza,KAZA MIZA CHICKEN SPICES 250G,2026,23418.763714000033
Spices & Seasonings,Seasonings,Mixed Seasonings,Kabsa Spices, مؤسسة لولوة ابراهيم محمد الحلوه للتجارة,Khwlah,KHWLAH KABSAH SPICES 250G,2025,14388.941000000019
Spices & Seasonings,Seasonings,Mixed Seasonings,Kabsa Spices, مؤسسة لولوة ابراهيم محمد الحلوه للتجارة,Khwlah,KHWLAH KABSAH SPICES 250G,2026,5048.260668999999
Spices & Seasonings,Seasonings,Mixed Seasonings,Kabsa Spices, مؤسسة لولوة ابراهيم محمد الحلوه للتجارة,Khwlah,KHWLAH KABSAH SPICES 400G.,2025,155.43
Spices & Seasonings,Seasonings,Mixed Seasonings,Meat Spices, مؤسسة لولوة ابراهيم محمد الحلوه للتجارة,Khwlah,KHWLAH MEAT SPICES 300G.,2025,14.13
Spices & Seasonings,Seasonings,Mixed Seasonings,Mixed Spices, مؤسسة لولوة ابراهيم محمد الحلوه للتجارة,Khwlah,KHWLAH MIX SPICES 300G,2025,2287.8199999999997
Spices & Seasonings,Seasonings,Mixed Seasonings,Mixed Spices, مؤسسة لولوة ابراهيم محمد الحلوه للتجارة,Khwlah,KHWLAH MIX SPICES 300G.,2025,17179.12300000002
Spices & Seasonings,Seasonings,Mixed Seasonings,Mixed Spices, مؤسسة لولوة ابراهيم محمد الحلوه للتجارة,Khwlah,KHWLAH MIX SPICES 300G.,2026,2958.2608320000004
Spices & Seasonings,Seasonings,Mixed Seasonings,Mixed Spices, مؤسسة لولوة ابراهيم محمد الحلوه للتجارة,Khwlah,KHWLAH MIX SPICES 400G.,2025,127.17
Spices & Seasonings,Seasonings,Mixed Seasonings,Hab Mix Spices, مؤسسة لولوة ابراهيم محمد الحلوه للتجارة,Khwlah,KHWLAH MIX SPICES HAB 250G,2025,1361.469
Spices & Seasonings,Seasonings,Mixed Seasonings,Hab Mix Spices, مؤسسة لولوة ابراهيم محمد الحلوه للتجارة,Khwlah,KHWLAH MIX SPICES HAB 250G.,2025,16181.538
Spices & Seasonings,Seasonings,Mixed Seasonings,Hab Mix Spices, مؤسسة لولوة ابراهيم محمد الحلوه للتجارة,Khwlah,KHWLAH MIX SPICES HAB 250G.,2026,3806.0867899999985
Spices & Seasonings,Stocks & Bouillons,Stocks & Cubes,Chicken Stock, Golden Bird Food Industries,Haley,HALEY CHICKEN STOCK 20G,2025,1023810.9399999994
Spices & Seasonings,Stocks & Bouillons,Stocks & Cubes,Chicken Stock, Golden Bird Food Industries,Haley,HALEY CHICKEN STOCK 20G,2026,778672.9624250002
Spices & Seasonings,Stocks & Bouillons,Stocks & Cubes,Chicken Stock, شركة اسناد المحدودة,Esnad,ESNAD 7 SPICES CHKEN STOCK 20G,2026,68927.1621349999
Spices & Seasonings,Stocks & Bouillons,Stocks & Cubes,Chicken Stock, شركة باسمح للتسويق المحدودة,Alalali,ALALALI CHIC.STOCK 18G+50%FREE,2025,2510133.527999996
Spices & Seasonings,Stocks & Bouillons,Stocks & Cubes,Chicken Stock, شركة باسمح للتسويق المحدودة,Alalali,ALALALI CHIC.STOCK 18G+50%FREE,2026,1461205.136870002
Spices & Seasonings,Stocks & Bouillons,Stocks & Cubes,Chicken Stock, شركة باسمح للتسويق المحدودة,Alalali,ALALALI CHICKEN STOCK 18G,2025,33824.53000000002
Spices & Seasonings,Stocks & Bouillons,Stocks & Cubes,Chicken Stock, شركة باسمح للتسويق المحدودة,Alalali,ALALALI CHICKEN STOCK 18G,2026,603590.2847980023
Spices & Seasonings,Stocks & Bouillons,Stocks & Cubes,Chicken Stock, شركة سعيد باوزير التجارية,Aloha,ALOHA CHICKEN STOCK 20G.,2026,130318.7896279999
Spices & Seasonings,Stocks & Bouillons,Stocks & Cubes,Chicken Stock, شركة صرة للصناعة,Sorrah,SORRAH CHCKN CUBES SPICES 220G,2025,134986.1610000001
Spices & Seasonings,Stocks & Bouillons,Stocks & Cubes,Chicken Stock, شركة صرة للصناعة,Sorrah,SORRAH CHCKN CUBES SPICES 220G,2026,141400.48992400034
Spices & Seasonings,Stocks & Bouillons,Stocks & Cubes,Chicken Stock, شركة نستله العربية السعودية,Maggi,MAGGI CHICKEN STOCK 18G 20+4FR,2025,12280681.106000008
Spices & Seasonings,Stocks & Bouillons,Stocks & Cubes,Chicken Stock, شركة نستله العربية السعودية,Maggi,MAGGI CHICKEN STOCK 18G 20+4FR,2026,9750362.422900012
Spices & Seasonings,Stocks & Bouillons,Stocks & Cubes,Beef Stock, شركة نستله العربية السعودية,Maggi,MAGGI STOCK BEEF 18G,2025,295612.33000000066
Spices & Seasonings,Stocks & Bouillons,Stocks & Cubes,Beef Stock, شركة نستله العربية السعودية,Maggi,MAGGI STOCK BEEF 18G,2026,295751.75729800074
Spices & Seasonings,Stocks & Bouillons,Stocks & Cubes,Chicken Stock, شركة نستله العربية السعودية,Maggi,MAGGI STOCK CHICKEN 18G,2025,325798.2930000001
Spices & Seasonings,Stocks & Bouillons,Stocks & Cubes,Chicken Stock, شركة نستله العربية السعودية,Maggi,MAGGI STOCK CHICKEN 18G .,2025,2334379.219
Spices & Seasonings,Stocks & Bouillons,Stocks & Cubes,Chicken Stock, شركة نستله العربية السعودية,Maggi,MAGGI STOCK CHICKEN 18G .,2026,5625837.696985997
Spices & Seasonings,Stocks & Bouillons,Stocks & Cubes,Less Chicken Stock, شركة نستله العربية السعودية,Maggi,MAGGI STOCK CHICKEN LESS 18G,2025,1185190.2399999988
Spices & Seasonings,Stocks & Bouillons,Stocks & Cubes,Less Chicken Stock, شركة نستله العربية السعودية,Maggi,MAGGI STOCK CHICKEN LESS 18G,2026,1197309.9261460013
Spices & Seasonings,Stocks & Bouillons,Stocks & Cubes,Vegetable Stock, شركة نستله العربية السعودية,Maggi,MAGGI VEGETABLE STOCK 18G,2025,466139.0500000006
Spices & Seasonings,Stocks & Bouillons,Stocks & Cubes,Vegetable Stock, شركة نستله العربية السعودية,Maggi,MAGGI VEGETABLE STOCK 18G,2026,451952.7253180001
